Timestamp,User Count,Type,Name,Requests/s,Failures/s,50%,66%,75%,80%,90%,95%,98%,99%,99.9%,99.99%,100%,Total Request Count,Total Failure Count,Total Median Response Time,Total Average Response Time,Total Min Response Time,Total Max Response Time,Total Average Content Size
1791630627,0,,Aggregated,0.000000,0.000000,N/A,N/A,N/A,N/A,N/A,N/A,N/A,N/A,N/A,N/A,N/A,0,0,0,0.0,0,0,0
1791630628,2,,Aggregated,0.000000,0.000000,100,100,100,100,100,100,100,100,100,100,100,4,0,85,92.14107325078658,82.1415420032281,101.14583399990806,26492.0
1791630629,4,,Aggregated,0.000000,0.000000,85,100,100,100,510,510,510,510,510,510,510,9,0,85,128.0293844441379,43.492875000083586,514.0811249984836,36406.77777777778
1791630630,6,,Aggregated,4.000000,0.000000,82,100,100,100,200,510,510,510,510,510,510,17,0,82,112.58497070593876,43.458125001052395,514.0811249984836,47459.882352941175
1791630631,8,,Aggregated,4.500000,0.000000,76,100,100,190,470,510,520,520,520,520,520,25,0,76,132.44652011984726,30.44870799931232,518.313542001124,44540.64
1791630632,10,,Aggregated,4.666667,0.000000,78,98,100,130,200,510,520,520,520,520,520,32,0,76,121.11163943723113,30.44870799931232,518.313542001124,36715.34375
1791630633,10,,Aggregated,6.000000,0.000000,82,100,130,190,520,840,2200,2200,2200,2200,2200,37,0,82,207.49016675659192,30.44870799931232,2176.3039580000623,94867.02702702703
1791630634,10,,Aggregated,6.000000,0.000000,85,100,190,470,640,840,2200,2200,2200,2200,2200,39,0,85,233.88493061532083,30.44870799931232,2176.3039580000623,144637.28205128206
1791630635,10,,Aggregated,6.000000,0.000000,91,140,470,520,670,840,2200,2200,2200,2200,2200,43,0,91,288.65461537210393,30.44870799931232,2176.3039580000623,137184.76744186046
1791630636,10,,Aggregated,6.000000,0.000000,98,190,510,620,840,1800,2200,2200,2200,2200,2200,45,0,98,355.6037139555782,30.44870799931232,2176.3039580000623,134595.46666666667
1791630637,10,,Aggregated,5.375000,0.000000,100,510,670,820,1500,2200,2300,2700,2700,2700,2700,52,0,100.0,502.8846891345893,30.44870799931232,2658.458750000136,131218.86538461538
1791630638,10,,Aggregated,5.000000,0.000000,100,510,670,840,1800,2200,2300,2700,2700,2700,2700,53,0,100.0,532.6505212641385,30.44870799931232,2658.458750000136,164973.98113207548
1791630639,10,,Aggregated,4.800000,0.000000,130,410,640,820,1800,2200,2300,2700,2700,2700,2700,59,0,130.0,495.4478898644546,30.44870799931232,2658.458750000136,182440.57627118644
1791630640,10,,Aggregated,4.800000,0.000000,130,290,620,790,1800,2200,2700,2700,2700,2700,2700,68,0,130.0,487.8662708529459,30.44870799931232,2739.7162499983096,190370.42647058822
1791630641,10,,Aggregated,4.700000,0.000000,130,290,590,670,1500,2200,2700,2700,2700,2700,2700,71,0,130.0,479.2975352394651,30.44870799931232,2739.7162499983096,212339.74647887325
1791630642,10,,Aggregated,5.300000,0.000000,140,320,590,790,1500,2200,2700,2700,2700,2700,2700,75,0,140.0,477.8745088933404,30.44870799931232,2739.7162499983096,205429.26666666666
1791630643,10,,Aggregated,4.600000,0.000000,150,320,520,670,1400,2100,2700,2700,2700,2700,2700,81,0,150.0,472.7691640987752,30.44870799931232,2739.7162499983096,201787.4938271605
1791630644,10,,Aggregated,4.400000,0.000000,160,320,520,670,1400,2100,2700,2700,2700,2700,2700,83,0,160.0,468.2900466988107,30.44870799931232,2739.7162499983096,221411.48192771085
1791630645,10,,Aggregated,4.400000,0.000000,150,290,510,640,1400,2100,2700,2700,2700,2700,2700,90,0,140.0,442.65934815553516,30.44870799931232,2739.7162499983096,205844.0888888889
1791630646,10,,Aggregated,4.300000,0.000000,150,310,520,640,1400,2100,2700,2700,2700,2700,2700,91,0,150.0,460.47857006591846,30.44870799931232,2739.7162499983096,205255.26373626373
1791630647,10,,Aggregated,4.700000,0.000000,160,320,520,670,1500,2100,2700,2700,2700,2700,2700,96,0,150.0,470.4877743125356,30.44870799931232,2739.7162499983096,203212.78125
1791630648,10,,Aggregated,4.600000,0.000000,160,360,520,670,1800,2100,2700,2700,2700,2700,2700,99,0,160.0,482.07578031316655,30.44870799931232,2739.7162499983096,199092.63636363635
1791630649,10,,Aggregated,4.700000,0.000000,170,320,520,670,1800,2100,2300,2700,2700,2700,2700,104,0,160.0,486.05186018270473,30.44870799931232,2739.7162499983096,213943.04807692306
1791630650,10,,Aggregated,4.600000,0.000000,150,310,520,670,2000,2200,2700,2700,2700,2700,2700,109,0,150.0,492.6594216421934,30.44870799931232,2739.7162499983096,207341.6880733945
1791630651,10,,Aggregated,4.700000,0.000000,150,290,510,670,1800,2200,2700,2700,2700,2700,2700,113,0,150.0,479.4010579114959,30.44870799931232,2739.7162499983096,204139.77876106196
1791630652,10,,Aggregated,4.000000,0.000000,150,290,490,640,1800,2200,2700,2700,2700,2700,2700,117,0,150.0,467.22393841024996,30.44870799931232,2739.7162499983096,205560.60683760684
1791630653,10,,Aggregated,4.100000,0.000000,150,290,470,620,1500,2100,2700,2700,2700,2700,2700,121,0,150.0,463.1345489173673,30.44870799931232,2739.7162499983096,199991.90082644628
1791630654,10,,Aggregated,4.100000,0.000000,150,290,470,620,1500,2100,2700,2700,2700,2700,2700,121,0,150.0,463.1345489173673,30.44870799931232,2739.7162499983096,199991.90082644628
1791630655,10,,Aggregated,4.000000,0.000000,150,320,510,670,2000,2200,2700,2700,2700,2700,2700,123,0,150.0,498.63959418700125,30.44870799931232,2739.7162499983096,199215.78861788617
1791630656,10,,Aggregated,4.000000,0.000000,170,350,520,790,2000,2300,2700,2700,2800,2800,2800,133,0,170.0,536.975357451144,30.44870799931232,2805.016500002239,193488.22556390977
1791630657,10,,Aggregated,4.000000,0.000000,180,360,520,820,2100,2600,2700,2800,2900,2900,2900,134,0,170.0,554.4765223805995,30.44870799931232,2882.1314579981845,206374.4328358209
1791630658,10,,Aggregated,3.700000,0.000000,160,340,520,790,2100,2600,2700,2800,2900,2900,2900,139,0,160.0,538.6158246402773,30.44870799931232,2882.1314579981845,199329.45323741008
1791630659,10,,Aggregated,3.900000,0.000000,160,340,510,790,2000,2300,2700,2800,2900,2900,2900,145,0,160.0,530.3109117723893,30.44870799931232,2882.1314579981845,196878.27586206896
1791630660,10,,Aggregated,3.900000,0.000000,190,350,520,670,2000,2300,2700,2800,2900,2900,2900,152,0,190.0,528.4706951645029,30.44870799931232,2882.1314579981845,201656.05921052632
1791630661,10,,Aggregated,4.100000,0.000000,170,340,490,670,2000,2300,2700,2800,2900,2900,2900,157,0,170.0,515.1495727006743,30.44870799931232,2882.1314579981845,195555.70700636943
1791630662,10,,Aggregated,4.400000,0.000000,160,330,470,640,1800,2200,2700,2800,2900,2900,2900,162,0,160.0,503.6275038519194,30.44870799931232,2882.1314579981845,190218.66666666666
1791630663,10,,Aggregated,4.400000,0.000000,160,320,450,620,1800,2200,2700,2800,2900,2900,2900,166,0,160.0,495.2811144518698,30.44870799931232,2882.1314579981845,197794.156626506
1791630664,10,,Aggregated,4.600000,0.000000,170,320,470,640,1800,2200,2700,2800,2900,2900,2900,171,0,170.0,501.99475461408707,30.44870799931232,2882.1314579981845,194710.1403508772
1791630665,10,,Aggregated,4.400000,0.000000,170,310,450,640,1800,2200,2700,2800,2900,2900,2900,174,0,160.0,494.9316419885596,30.44870799931232,2882.1314579981845,191355.75862068965
1791630666,10,,Aggregated,4.900000,0.000000,160,290,450,620,1800,2200,2700,2800,2900,2900,2900,179,0,160.0,483.47986148050114,30.44870799931232,2882.1314579981845,186828.1843575419
1791630667,10,,Aggregated,5.000000,0.000000,160,290,450,640,1800,2200,2700,2800,2900,2900,2900,180,0,160.0,484.7979430389387,30.44870799931232,2882.1314579981845,186959.88333333333
1791630668,10,,Aggregated,4.900000,0.000000,160,310,470,640,1800,2200,2700,2800,2900,2900,2900,187,0,160.0,492.0387123316093,30.44870799931232,2882.1314579981845,183268.95187165774
1791630669,10,,Aggregated,4.500000,0.000000,160,290,470,640,1800,2200,2700,2900,3000,3000,3000,192,0,160.0,497.9017441354661,30.44870799931232,2976.89383299803,179817.22395833334
1791630670,10,,Aggregated,4.500000,0.000000,160,310,470,640,1800,2200,2700,2900,3000,3000,3000,196,0,160.0,499.17650828576035,30.44870799931232,2976.89383299803,178247.22448979592
1791630671,10,,Aggregated,4.600000,0.000000,170,310,450,640,1700,2200,2700,2800,3000,3000,3000,202,0,160.0,497.1256169505392,30.44870799931232,2976.89383299803,194069.1188118812
1791630672,10,,Aggregated,4.500000,0.000000,160,290,450,640,1700,2200,2700,2800,3000,3000,3000,206,0,160.0,492.72068648550203,30.44870799931232,2976.89383299803,191796.20873786407
1791630673,10,,Aggregated,4.400000,0.000000,160,290,450,670,1700,2200,2700,2800,3000,3000,3000,213,0,160.0,491.64643192497704,30.44870799931232,2976.89383299803,188351.94835680752
1791630674,10,,Aggregated,4.400000,0.000000,150,290,450,640,1700,2200,2700,2800,3000,3000,3000,217,0,150.0,484.89055491253345,30.44870799931232,2976.89383299803,185559.69124423963
1791630675,10,,Aggregated,4.400000,0.000000,150,290,470,670,1700,2200,2700,2800,3000,3000,3000,219,0,150.0,487.5160673517002,30.44870799931232,2976.89383299803,192855.5890410959
1791630676,10,,Aggregated,4.500000,0.000000,160,310,490,670,1700,2200,2700,2800,3000,3000,3000,221,0,160.0,495.2310742806582,30.44870799931232,2976.89383299803,192047.01357466064
1791630677,10,,Aggregated,4.500000,0.000000,160,320,520,720,1800,2200,2700,2800,3000,3000,3000,224,0,160.0,510.62269419209576,30.44870799931232,2976.89383299803,190814.30357142858
1791630678,10,,Aggregated,4.300000,0.000000,160,330,520,740,1900,2200,2700,2800,3000,3000,3000,231,0,160.0,520.9245831516549,30.44870799931232,2976.89383299803,197745.35064935064
1791630679,10,,Aggregated,4.500000,0.000000,160,320,520,740,1900,2200,2700,2800,3000,3000,3000,234,0,160.0,515.1222042351837,30.44870799931232,2976.89383299803,195834.26923076922
1791630680,10,,Aggregated,4.500000,0.000000,160,320,520,740,1900,2200,2700,2800,3000,3000,3000,234,0,160.0,515.1222042351837,30.44870799931232,2976.89383299803,195834.26923076922
1791630681,10,,Aggregated,4.200000,0.000000,170,340,590,840,1900,2200,2700,2800,3000,3000,3000,243,0,170.0,529.8190641318378,30.44870799931232,2976.89383299803,208446.28395061727
1791630682,10,,Aggregated,3.800000,0.000000,170,340,590,840,1900,2200,2700,2800,3000,3000,3000,244,0,170.0,528.1052430001465,30.44870799931232,2976.89383299803,207592.65573770492
1791630683,10,,Aggregated,3.700000,0.000000,170,330,590,820,1900,2200,2700,2800,3000,3000,3000,251,0,170.0,527.3380199204732,30.44870799931232,2976.89383299803,227808.53386454182
1791630684,10,,Aggregated,3.900000,0.000000,170,330,590,840,1900,2200,2700,2800,3000,3000,3000,255,0,170.0,524.7281586628934,30.44870799931232,2976.89383299803,225471.56470588237
1791630685,10,,Aggregated,4.000000,0.000000,170,330,530,820,1900,2200,2700,2800,3000,3000,3000,258,0,170.0,520.3012921551853,30.44870799931232,2976.89383299803,237736.00775193798
1791630686,10,,Aggregated,3.600000,0.000000,170,330,590,840,1800,2200,2700,2800,3000,3000,3000,261,0,170.0,524.0377940652781,30.44870799931232,2976.89383299803,237585.3448275862
1791630687,10,,Aggregated,3.900000,0.000000,170,320,530,840,1800,2200,2700,2800,3000,3000,3000,269,0,170.0,518.277740401596,30.44870799931232,2976.89383299803,253049.24163568774
1791630688,10,,Aggregated,3.900000,0.000000,170,320,530,840,1800,2200,2700,2800,3000,3000,3000,270,0,160.0,516.7399572593611,30.44870799931232,2976.89383299803,252294.7037037037
1791630689,10,,Aggregated,3.900000,0.000000,160,320,520,820,1800,2200,2700,2800,3000,3000,3000,275,0,160.0,510.68641121826,30.44870799931232,2976.89383299803,248483.58545454545
1791630690,10,,Aggregated,4.100000,0.000000,160,320,520,790,1700,2200,2700,2800,3000,3000,3000,281,0,160.0,506.68208349118447,30.44870799931232,2976.89383299803,245440.8540925267
1791630691,10,,Aggregated,4.300000,0.000000,160,320,530,810,1700,2200,2700,2800,3000,3000,3000,282,0,160.0,507.76653192561037,30.44870799931232,2976.89383299803,244968.10638297873
1791630692,10,,Aggregated,4.600000,0.000000,170,330,600,820,1800,2200,2700,2800,3000,3000,3000,286,0,170.0,515.6991427833215,30.44870799931232,2976.89383299803,244080.52797202798
1791630693,10,,Aggregated,4.500000,0.000000,170,350,670,870,1800,2200,2700,2800,3000,3000,3000,291,0,170.0,533.9599739519829,30.44870799931232,2976.89383299803,254329.02749140892
1791630694,10,,Aggregated,4.100000,0.000000,170,340,640,870,1800,2200,2700,2800,3000,3000,3000,294,0,170.0,529.9357339966814,30.44870799931232,2976.89383299803,251855.75170068027
1791630695,10,,Aggregated,4.100000,0.000000,170,340,640,870,1800,2200,2700,2800,3000,3000,3000,294,0,170.0,529.9357339966814,30.44870799931232,2976.89383299803,251855.75170068027
1791630696,10,,Aggregated,4.100000,0.000000,170,360,670,910,1800,2200,2700,2800,3000,3000,3000,297,0,170.0,536.2981349697826,30.44870799931232,2976.89383299803,251049.61616161617
1791630697,10,,Aggregated,3.800000,0.000000,170,360,720,1100,1800,2200,2700,2800,3000,3000,3000,301,0,170.0,556.8744886612124,30.44870799931232,2976.89383299803,255457.08637873753
1791630698,10,,Aggregated,3.500000,0.000000,180,370,740,1100,1900,2200,2700,2800,3000,3000,3000,306,0,170.0,566.0949710098994,30.44870799931232,2976.89383299803,251962.42810457517
1791630699,10,,Aggregated,3.300000,0.000000,170,360,730,1100,1800,2200,2700,2800,3000,3000,3000,312,0,170.0,557.7886077853691,30.44870799931232,2976.89383299803,247348.11538461538
1791630700,10,,Aggregated,3.400000,0.000000,170,360,680,1100,1800,2200,2700,2800,3000,3000,3000,317,0,170.0,551.1376075332302,30.44870799931232,2976.89383299803,255874.40378548895
1791630701,10,,Aggregated,3.300000,0.000000,170,350,680,1100,1800,2200,2700,2800,3000,3000,3000,321,0,170.0,548.8622928505691,30.44870799931232,2976.89383299803,259795.95638629285
1791630702,10,,Aggregated,3.500000,0.000000,170,350,680,1100,1800,2200,2700,2800,3000,3000,3000,326,0,170.0,545.68679334366,30.44870799931232,2976.89383299803,256896.59815950922
1791630703,10,,Aggregated,3.800000,0.000000,170,340,670,940,1700,2200,2700,2800,3000,3000,3000,331,0,170.0,540.4200232991889,30.44870799931232,2976.89383299803,253952.79758308158
1791630704,10,,Aggregated,3.900000,0.000000,160,340,670,940,1700,2200,2700,2800,3000,3000,3000,336,0,160.0,534.0421577471132,30.44870799931232,2976.89383299803,256184.13988095237
1791630705,10,,Aggregated,4.200000,0.000000,160,330,670,940,1700,2200,2700,2800,3000,3000,3000,339,0,160.0,530.6104664543514,30.44870799931232,2976.89383299803,254393.75221238937
1791630706,10,,Aggregated,4.100000,0.000000,160,330,640,910,1600,2200,2700,2800,3000,3000,3000,344,0,150.0,525.2501835058844,30.44870799931232,2976.89383299803,251735.06104651163
1791630707,10,,Aggregated,4.400000,0.000000,150,330,620,910,1600,2200,2700,2800,3000,3000,3000,350,0,150.0,520.1167427400962,30.44870799931232,2976.89383299803,249789.79142857142
1791630708,10,,Aggregated,4.800000,0.000000,150,320,620,870,1600,2200,2700,2800,3000,3000,3000,356,0,150.0,517.179386943916,30.44870799931232,2976.89383299803,246522.07303370786
1791630709,10,,Aggregated,5.000000,0.000000,150,320,600,870,1600,2200,2700,2800,3000,3000,3000,358,0,150.0,514.7234558967461,30.44870799931232,2976.89383299803,245418.85474860336
1791630710,10,,Aggregated,5.000000,0.000000,150,320,600,860,1600,2200,2700,2800,3000,3000,3000,362,0,150.0,511.2619901078311,30.44870799931232,2976.89383299803,243697.8729281768
1791630711,10,,Aggregated,4.800000,0.000000,150,320,600,870,1600,2200,2700,2800,3000,3000,3000,364,0,150.0,512.8654601731586,30.44870799931232,2976.89383299803,242927.8379120879
1791630712,10,,Aggregated,4.500000,0.000000,150,320,620,870,1600,2200,2700,2800,3000,3000,3000,366,0,150.0,516.6390573826083,30.44870799931232,2976.89383299803,242337.57103825136
1791630713,10,,Aggregated,4.400000,0.000000,150,340,670,940,1600,2200,2700,2800,3000,3000,3000,375,0,150.0,527.1036935574181,30.44870799931232,2976.89383299803,238814.09333333332
1791630714,10,,Aggregated,4.200000,0.000000,150,340,670,940,1600,2200,2700,2800,3000,3000,3000,377,0,150.0,526.5388951141391,30.44870799931232,2976.89383299803,242771.4827586207
1791630715,10,,Aggregated,4.200000,0.000000,150,330,670,920,1600,2200,2700,2800,3000,3000,3000,383,0,150.0,520.159290148926,30.44870799931232,2976.89383299803,245422.7545691906
1791630716,10,,Aggregated,4.200000,0.000000,150,330,670,910,1600,2200,2700,2800,3000,3000,3000,388,0,150.0,516.1252416315414,30.44870799931232,2976.89383299803,252538.3324742268
1791630717,10,,Aggregated,4.100000,0.000000,150,320,640,870,1600,2200,2700,2800,3000,3000,3000,392,0,150.0,512.6769432450155,30.44870799931232,2976.89383299803,250748.8826530612
1791630718,10,,Aggregated,4.200000,0.000000,150,320,620,860,1600,2200,2700,2800,3000,3000,3000,398,0,150.0,506.3692429900662,30.44870799931232,2976.89383299803,252048.34170854272
1791630719,10,,Aggregated,4.400000,0.000000,150,320,620,860,1600,2200,2600,2700,3000,3000,3000,401,0,150.0,506.89151610983623,30.44870799931232,2976.89383299803,250631.40399002493
1791630720,10,,Aggregated,4.000000,0.000000,150,320,620,860,1600,2200,2600,2700,3000,3000,3000,404,0,150.0,505.2150707550585,30.44870799931232,2976.89383299803,249535.9504950495
1791630721,10,,Aggregated,4.300000,0.000000,150,330,640,920,1600,2200,2600,2700,3000,3000,3000,410,0,150.0,514.1182398415656,30.44870799931232,2976.89383299803,247904.50487804879
1791630722,10,,Aggregated,4.300000,0.000000,150,340,670,930,1600,2200,2600,2700,3000,3000,3000,414,0,150.0,515.4921788479253,30.44870799931232,2976.89383299803,251022.154589372
1791630723,10,,Aggregated,4.100000,0.000000,150,330,640,920,1600,2200,2600,2700,3000,3000,3000,418,0,150.0,512.0270338924473,30.44870799931232,2976.89383299803,253415.73205741626
1791630724,10,,Aggregated,4.700000,0.000000,150,320,620,910,1600,2200,2600,2700,3000,3000,3000,425,0,150.0,506.01393921893117,30.44870799931232,2976.89383299803,254604.86352941176
1791630725,10,,Aggregated,4.600000,0.000000,150,330,630,910,1600,2200,2600,2700,3000,3000,3000,428,0,150.0,506.2335894744112,30.44870799931232,2976.89383299803,254157.77336448597
1791630726,10,,Aggregated,4.500000,0.000000,150,320,620,870,1600,2200,2600,2700,3000,3000,3000,434,0,150.0,500.33511857845576,30.44870799931232,2976.89383299803,250874.30875576037
1791630727,10,,Aggregated,4.600000,0.000000,150,320,620,870,1600,2200,2600,2700,3000,3000,3000,440,0,150.0,497.7554295546311,30.44870799931232,2976.89383299803,248136.7409090909
1791630728,10,,Aggregated,4.400000,0.000000,150,320,600,860,1600,2100,2600,2700,3000,3000,3000,441,0,150.0,496.84831983228963,30.44870799931232,2976.89383299803,247574.43310657598
1791630729,10,,Aggregated,4.400000,0.000000,150,310,600,860,1600,2100,2600,2700,3000,3000,3000,446,0,150.0,494.9790718543439,30.44870799931232,2976.89383299803,247463.4596412556
1791630730,10,,Aggregated,4.700000,0.000000,150,310,600,860,1600,2100,2600,2700,3000,3000,3000,450,0,140.0,492.48980390230525,30.44870799931232,2976.89383299803,249749.10222222222
1791630731,10,,Aggregated,4.200000,0.000000,150,320,600,860,1600,2100,2600,2700,3000,3000,3000,453,0,150.0,494.1809221082535,30.44870799931232,2976.89383299803,253488.90066225166
1791630732,10,,Aggregated,4.400000,0.000000,150,320,610,870,1600,2100,2600,2700,3000,3000,3000,458,0,150.0,497.14652348261967,30.44870799931232,2976.89383299803,251838.8558951965
1791630733,10,,Aggregated,4.600000,0.000000,150,320,610,860,1600,2100,2600,2700,3000,3000,3000,462,0,150.0,494.77802580528174,30.44870799931232,2976.89383299803,254135.27056277057
1791630734,10,,Aggregated,4.600000,0.000000,150,320,620,870,1600,2100,2600,2700,3000,3000,3000,464,0,150.0,494.94304652595366,30.44870799931232,2976.89383299803,253713.9181034483
1791630735,10,,Aggregated,4.200000,0.000000,140,310,610,860,1600,2100,2600,2700,3000,3000,3000,472,0,140.0,489.9679788199815,30.44870799931232,2976.89383299803,251382.5338983051
1791630736,10,,Aggregated,4.400000,0.000000,140,310,610,860,1600,2100,2600,2700,3000,3000,3000,476,0,140.0,489.10006346855465,30.44870799931232,2976.89383299803,253841.55462184874
1791630737,10,,Aggregated,4.200000,0.000000,140,290,600,860,1600,2100,2600,2700,3000,3000,3000,478,0,140.0,487.3320376611529,30.44870799931232,2976.89383299803,252883.1359832636
1791630738,10,,Aggregated,4.400000,0.000000,150,320,620,920,1500,2100,2600,2700,3000,3000,3000,485,0,150.0,494.4935433011122,30.44870799931232,2976.89383299803,254360.63711340207
1791630739,10,,Aggregated,4.100000,0.000000,150,330,630,920,1600,2100,2600,2700,3000,3000,3000,488,0,150.0,497.1116422480307,30.44870799931232,2976.89383299803,257044.1987704918
1791630740,10,,Aggregated,3.900000,0.000000,140,320,620,910,1500,2100,2600,2700,3000,3000,3000,493,0,140.0,493.5559015396395,30.44870799931232,2976.89383299803,254965.4888438134
1791630741,10,,Aggregated,4.400000,0.000000,140,320,620,910,1600,2100,2600,2700,3000,3000,3000,497,0,140.0,493.4221753884163,30.44870799931232,2976.89383299803,253330.90543259558
1791630742,10,,Aggregated,4.100000,0.000000,140,320,620,910,1600,2100,2600,2700,3000,3000,3000,500,0,140.0,491.32012133608805,30.44870799931232,2976.89383299803,255846.124
1791630743,10,,Aggregated,4.400000,0.000000,140,320,610,860,1500,2100,2500,2700,3000,3000,3000,507,0,140.0,487.501663875822,30.44870799931232,2976.89383299803,253337.04536489153
1791630744,10,,Aggregated,4.400000,0.000000,140,320,610,860,1500,2100,2500,2700,3000,3000,3000,507,0,140.0,487.501663875822,30.44870799931232,2976.89383299803,253337.04536489153
1791630745,10,,Aggregated,4.400000,0.000000,140,310,600,860,1500,2100,2500,2700,3000,3000,3000,514,0,140.0,485.27049343587925,30.44870799931232,2976.89383299803,250646.31906614787
1791630746,10,,Aggregated,4.300000,0.000000,140,310,600,860,1500,2100,2500,2700,3000,3000,3000,516,0,140.0,484.68380967450116,30.44870799931232,2976.89383299803,253804.22868217053
1791630747,10,,Aggregated,4.100000,0.000000,140,300,600,860,1500,2100,2500,2700,3000,3000,3000,522,0,140.0,482.8322560709612,30.44870799931232,2976.89383299803,251440.7356321839
1791630748,10,,Aggregated,4.200000,0.000000,140,310,600,860,1500,2100,2500,2700,3000,3000,3000,526,0,140.0,483.70767610083607,30.44870799931232,2976.89383299803,250498.97908745246
1791630749,10,,Aggregated,4.100000,0.000000,140,300,600,860,1500,2100,2500,2700,3000,3000,3000,530,0,140.0,483.5302693472394,30.44870799931232,2976.89383299803,249211.04339622642
1791630750,10,,Aggregated,4.500000,0.000000,140,290,590,840,1500,2100,2500,2700,3000,3000,3000,536,0,140.0,479.1887252108948,30.44870799931232,2976.89383299803,246790.21641791044
1791630751,10,,Aggregated,4.200000,0.000000,140,290,590,840,1500,2100,2500,2700,3000,3000,3000,539,0,140.0,477.68262098893643,30.44870799931232,2976.89383299803,245897.83302411874
1791630752,10,,Aggregated,4.400000,0.000000,140,290,590,840,1500,2100,2500,2700,3000,3000,3000,543,0,140.0,476.9402277569821,30.44870799931232,2976.89383299803,245677.81399631675
1791630753,10,,Aggregated,4.200000,0.000000,140,290,590,840,1500,2100,2500,2700,3000,3000,3000,548,0,140.0,476.9926842409471,30.44870799931232,2976.89383299803,244114.28284671533
1791630754,10,,Aggregated,4.200000,0.000000,140,280,580,820,1500,2100,2500,2700,3000,3000,3000,552,0,140.0,474.32226661782767,30.44870799931232,2976.89383299803,243191.58514492755
1791630755,10,,Aggregated,4.200000,0.000000,140,280,550,820,1500,2100,2500,2700,3000,3000,3000,554,0,140.0,472.9142178213727,30.44870799931232,2976.89383299803,242490.5415162455
1791630756,10,,Aggregated,4.100000,0.000000,140,290,550,820,1500,2100,2500,2700,3000,3000,3000,560,0,140.0,474.7960801464939,30.44870799931232,2976.89383299803,242006.42142857143
1791630757,10,,Aggregated,4.500000,0.000000,140,310,590,850,1500,2100,2500,2700,3000,3000,3000,564,0,140.0,479.9747756490026,30.44870799931232,2976.89383299803,244408.93262411348
1791630758,10,,Aggregated,4.000000,0.000000,140,290,580,840,1500,2100,2500,2700,3000,3000,3000,568,0,140.0,477.34029974831367,30.44870799931232,2976.89383299803,246977.30633802817
1791630759,10,,Aggregated,4.300000,0.000000,140,290,550,840,1500,2100,2500,2700,3000,3000,3000,573,0,140.0,476.25349463184017,30.44870799931232,2976.89383299803,248449.39092495636
1791630760,10,,Aggregated,4.000000,0.000000,140,290,550,820,1500,2100,2500,2700,3000,3000,3000,578,0,140.0,473.94360432534575,30.44870799931232,2976.89383299803,249708.81833910034
1791630761,10,,Aggregated,4.100000,0.000000,140,290,550,820,1500,2100,2500,2700,3000,3000,3000,580,0,140.0,472.64155065870364,30.44870799931232,2976.89383299803,249737.5344827586
1791630762,10,,Aggregated,4.100000,0.000000,140,290,540,820,1500,2000,2500,2700,3000,3000,3000,585,0,140.0,472.4825850547936,30.44870799931232,2976.89383299803,248281.8752136752
1791630763,10,,Aggregated,4.200000,0.000000,140,290,550,820,1500,2000,2500,2700,3000,3000,3000,588,0,140.0,472.92751524838985,30.44870799931232,2976.89383299803,247440.90136054423
1791630764,10,,Aggregated,4.100000,0.000000,140,290,550,820,1500,2000,2500,2700,3000,3000,3000,596,0,140.0,471.5073243289542,30.44870799931232,2976.89383299803,251776.89932885906
1791630765,10,,Aggregated,4.100000,0.000000,140,290,540,820,1500,2000,2500,2700,3000,3000,3000,598,0,140.0,470.36496455026105,30.44870799931232,2976.89383299803,251017.83612040133
1791630766,10,,Aggregated,4.100000,0.000000,140,280,530,810,1500,2000,2400,2700,3000,3000,3000,603,0,140.0,467.2808155224768,30.44870799931232,2976.89383299803,253057.83084577115
1791630767,10,,Aggregated,4.300000,0.000000,140,280,540,820,1500,2000,2400,2700,3000,3000,3000,608,0,140.0,468.54779743923217,30.44870799931232,2976.89383299803,251739.25
1791630768,10,,Aggregated,4.400000,0.000000,140,280,530,820,1500,2000,2400,2700,3000,3000,3000,610,0,130.0,467.26723628696647,30.44870799931232,2976.89383299803,250993.92295081966
1791630769,10,,Aggregated,4.300000,0.000000,140,280,540,810,1500,2000,2400,2700,3000,3000,3000,615,0,140.0,465.9423516439832,30.44870799931232,2976.89383299803,253519.3707317073
1791630770,10,,Aggregated,4.400000,0.000000,140,280,540,810,1500,2000,2400,2700,3000,3000,3000,616,0,130.0,465.31724136046864,30.44870799931232,2976.89383299803,253187.88474025973
1791630771,10,,Aggregated,4.400000,0.000000,140,290,590,840,1500,2000,2400,2700,3000,3000,3000,622,0,140.0,471.5710692171133,30.44870799931232,2976.89383299803,252222.038585209
1791630772,10,,Aggregated,4.200000,0.000000,140,290,590,840,1500,2000,2400,2700,3000,3000,3000,626,0,140.0,472.62769723489333,30.44870799931232,2976.89383299803,251168.53194888178
1791630773,10,,Aggregated,3.800000,0.000000,140,290,590,840,1500,2000,2400,2700,3000,3000,3000,630,0,140.0,470.24015345721403,30.44870799931232,2976.89383299803,249652.9841269841
1791630774,10,,Aggregated,4.200000,0.000000,140,290,580,820,1500,2000,2400,2700,3000,3000,3000,638,0,130.0,467.37485836369757,30.44870799931232,2976.89383299803,247499.1379310345
1791630776,10,,Aggregated,4.100000,0.000000,140,280,580,820,1500,2000,2400,2700,3000,3000,3000,639,0,140.0,467.0078348498288,30.44870799931232,2976.89383299803,247167.42253521126
1791630777,10,,Aggregated,4.100000,0.000000,140,280,580,820,1500,2000,2400,2700,3000,3000,3000,644,0,140.0,465.8629304658965,30.44870799931232,2976.89383299803,245996.4953416149
1791630778,10,,Aggregated,4.200000,0.000000,140,280,540,820,1500,2000,2400,2700,3000,3000,3000,650,0,130.0,462.79026040160323,30.44870799931232,2976.89383299803,244821.87538461538
1791630779,10,,Aggregated,4.100000,0.000000,140,280,540,820,1500,2000,2300,2700,3000,3000,3000,654,0,130.0,462.6243556468557,30.44870799931232,2976.89383299803,247290.72935779818
1791630780,10,,Aggregated,4.100000,0.000000,140,280,540,810,1500,2000,2300,2700,3000,3000,3000,657,0,140.0,461.7005435830196,30.44870799931232,2976.89383299803,247266.38356164383
1791630781,10,,Aggregated,4.200000,0.000000,140,280,550,810,1500,1900,2300,2700,3000,3000,3000,662,0,130.0,462.3903373746931,30.44870799931232,2976.89383299803,248612.88217522658
1791630782,10,,Aggregated,4.200000,0.000000,130,280,540,810,1500,1900,2300,2700,3000,3000,3000,665,0,130.0,460.6732568421739,30.44870799931232,2976.89383299803,248340.57443609022
1791630783,10,,Aggregated,4.200000,0.000000,130,280,530,790,1500,1900,2300,2700,3000,3000,3000,671,0,130.0,458.10862433091046,30.44870799931232,2976.89383299803,246746.3651266766
1791630784,10,,Aggregated,4.500000,0.000000,130,280,530,810,1500,1900,2300,2700,3000,3000,3000,673,0,130.0,459.16354514864764,30.44870799931232,2976.89383299803,246247.64338781574
1791630785,10,,Aggregated,4.300000,0.000000,130,280,530,810,1500,1900,2300,2700,3000,3000,3000,675,0,130.0,459.03225112599125,30.44870799931232,2976.89383299803,245684.37185185184
1791630786,10,,Aggregated,4.300000,0.000000,140,280,540,810,1500,1900,2300,2700,3000,3000,3000,683,0,140.0,460.521170647201,30.44870799931232,2976.89383299803,247206.1288433382
1791630787,10,,Aggregated,3.700000,0.000000,130,280,540,810,1500,1900,2300,2700,3000,3000,3000,687,0,130.0,460.53159038433665,30.44870799931232,2976.89383299803,246060.7962154294
1791630788,10,,Aggregated,3.700000,0.000000,140,280,540,810,1500,1900,2300,2700,3000,3000,3000,690,0,130.0,459.76660708121506,30.44870799931232,2976.89383299803,250557.11304347825
1791630789,10,,Aggregated,4.100000,0.000000,130,280,530,790,1500,1900,2300,2700,3000,3000,3000,694,0,130.0,457.68823170465447,30.44870799931232,2976.89383299803,249395.4149855908
1791630790,10,,Aggregated,4.100000,0.000000,130,280,520,790,1500,1900,2300,2700,3000,3000,3000,697,0,130.0,456.38155076905156,30.44870799931232,2976.89383299803,249223.14203730272
1791630791,10,,Aggregated,4.000000,0.000000,130,280,520,780,1500,1900,2300,2700,3000,3000,3000,701,0,130.0,454.86243718833884,30.44870799931232,2976.89383299803,248311.88159771755
1791630792,10,,Aggregated,4.000000,0.000000,130,280,520,790,1500,1900,2300,2700,3000,3000,3000,708,0,130.0,455.3655623955046,30.44870799931232,2976.89383299803,247821.67372881356
1791630793,10,,Aggregated,4.000000,0.000000,130,270,520,790,1500,1900,2300,2700,3000,3000,3000,710,0,130.0,454.5420263634061,30.44870799931232,2976.89383299803,249897.82816901407
1791630794,10,,Aggregated,4.000000,0.000000,130,270,520,780,1500,1900,2300,2700,3000,3000,3000,714,0,130.0,452.7678593151563,30.44870799931232,2976.89383299803,251375.4243697479
1791630795,10,,Aggregated,4.200000,0.000000,130,270,520,760,1500,1900,2300,2700,3000,3000,3000,719,0,130.0,450.2681403699995,30.44870799931232,2976.89383299803,249697.00139082057
1791630796,10,,Aggregated,3.800000,0.000000,130,260,520,740,1500,1900,2300,2700,3000,3000,3000,723,0,130.0,448.45534965425753,30.44870799931232,2976.89383299803,251175.26002766253
1791630797,10,,Aggregated,4.100000,0.000000,130,260,510,740,1500,1900,2300,2700,3000,3000,3000,726,0,130.0,447.1415776047257,30.44870799931232,2976.89383299803,250934.79338842974
1791630798,10,,Aggregated,4.200000,0.000000,130,260,510,740,1500,1900,2300,2700,3000,3000,3000,733,0,130.0,447.2317212469813,30.44870799931232,2976.89383299803,249507.96043656208
1791630799,10,,Aggregated,4.200000,0.000000,130,260,510,740,1500,1900,2300,2700,3000,3000,3000,738,0,130.0,444.99639934150605,30.44870799931232,2976.89383299803,253088.80352303523
1791630800,10,,Aggregated,4.100000,0.000000,130,250,510,740,1500,1800,2300,2700,3000,3000,3000,742,0,130.0,443.3116051294228,30.44870799931232,2976.89383299803,252008.92048517521
1791630801,10,,Aggregated,4.500000,0.000000,130,260,510,740,1500,1800,2300,2700,3000,3000,3000,747,0,130.0,443.8702530750102,30.44870799931232,2976.89383299803,251527.63319946453
1791630802,10,,Aggregated,4.500000,0.000000,130,260,510,740,1500,1800,2300,2700,3000,3000,3000,747,0,130.0,443.8702530750102,30.44870799931232,2976.89383299803,251527.63319946453
1791630803,10,,Aggregated,4.500000,0.000000,130,250,510,730,1500,1800,2200,2700,3000,3000,3000,756,0,130.0,442.285687174642,30.44870799931232,2976.89383299803,252922.12566137567
1791630804,10,,Aggregated,4.500000,0.000000,130,260,510,740,1500,1800,2200,2700,3000,3000,3000,758,0,130.0,442.6388574142906,30.44870799931232,2976.89383299803,252731.41160949867
1791630805,10,,Aggregated,4.700000,0.000000,130,250,510,740,1500,1800,2200,2700,3000,3000,3000,765,0,130.0,441.35889270722515,30.44870799931232,2976.89383299803,250901.16732026145
1791630806,10,,Aggregated,4.700000,0.000000,130,250,510,740,1500,1800,2200,2700,3000,3000,3000,768,0,130.0,441.1858953502962,30.44870799931232,2976.89383299803,250455.72916666666
1791630807,10,,Aggregated,4.400000,0.000000,130,250,500,730,1400,1800,2200,2700,3000,3000,3000,775,0,130.0,438.2097256503621,30.44870799931232,2976.89383299803,249191.81935483872
1791630808,10,,Aggregated,4.500000,0.000000,130,250,490,720,1400,1800,2200,2700,3000,3000,3000,777,0,130.0,437.3179823102063,30.44870799931232,2976.89383299803,249151.1981981982
1791630809,10,,Aggregated,4.500000,0.000000,130,250,500,720,1400,1800,2200,2700,3000,3000,3000,780,0,130.0,437.0565162461969,30.44870799931232,2976.89383299803,250987.09743589745
1791630810,10,,Aggregated,4.800000,0.000000,130,250,490,720,1400,1800,2200,2700,3000,3000,3000,782,0,130.0,436.16797102050543,30.44870799931232,2976.89383299803,250470.7033248082
1791630811,10,,Aggregated,4.400000,0.000000,130,260,510,730,1500,1800,2200,2700,3000,3000,3000,789,0,130.0,439.0967618885076,30.44870799931232,2976.89383299803,249760.52344740176
1791630812,10,,Aggregated,4.000000,0.000000,130,260,500,720,1400,1800,2200,2700,3000,3000,3000,794,0,130.0,437.4182764018051,30.44870799931232,2976.89383299803,248576.8249370277
1791630813,10,,Aggregated,4.300000,0.000000,130,250,490,720,1400,1800,2200,2700,3000,3000,3000,797,0,130.0,436.1941843952767,30.44870799931232,2976.89383299803,247686.12421580928
1791630814,10,,Aggregated,4.500000,0.000000,130,250,490,720,1400,1800,2200,2600,3000,3000,3000,803,0,130.0,436.1863148157428,30.44870799931232,2976.89383299803,249426.3399750934
1791630815,10,,Aggregated,4.500000,0.000000,130,250,490,720,1400,1800,2200,2600,3000,3000,3000,805,0,130.0,436.48415782116643,30.44870799931232,2976.89383299803,249255.44596273292
1791630816,10,,Aggregated,4.400000,0.000000,130,250,490,720,1400,1800,2200,2600,3000,3000,3000,809,0,130.0,436.09308931277417,30.44870799931232,2976.89383299803,248514.62299134734
1791630817,10,,Aggregated,4.400000,0.000000,130,250,500,730,1400,1800,2200,2600,3000,3000,3000,815,0,130.0,437.14987643439696,30.44870799931232,2976.89383299803,247317.80613496932
1791630818,10,,Aggregated,4.200000,0.000000,130,250,490,720,1400,1800,2200,2600,3000,3000,3000,817,0,130.0,436.3244621616029,30.44870799931232,2976.89383299803,246772.15667074663
1791630819,10,,Aggregated,4.100000,0.000000,130,260,510,720,1400,1800,2200,2600,3000,3000,3000,820,0,130.0,436.3628556427167,30.44870799931232,2976.89383299803,249036.93658536585
1791630820,10,,Aggregated,4.100000,0.000000,130,250,500,720,1400,1800,2200,2600,3000,3000,3000,825,0,130.0,435.32932535760625,30.44870799931232,2976.89383299803,248591.1709090909
1791630821,10,,Aggregated,3.900000,0.000000,130,250,500,720,1400,1800,2200,2600,3000,3000,3000,829,0,130.0,435.65158881426777,30.44870799931232,2976.89383299803,248257.0325693607
1791630822,10,,Aggregated,4.200000,0.000000,130,250,510,730,1500,1800,2200,2600,3000,3000,3000,833,0,130.0,438.1036500120328,30.44870799931232,2976.89383299803,247556.14165666266
1791630823,10,,Aggregated,4.200000,0.000000,130,250,510,720,1500,1800,2200,2600,3000,3000,3000,836,0,130.0,436.87632805265446,30.44870799931232,2976.89383299803,246727.16746411484
1791630824,10,,Aggregated,3.800000,0.000000,130,250,500,720,1500,1800,2200,2600,3000,3000,3000,840,0,130.0,435.41109618216564,30.44870799931232,2976.89383299803,250182.40833333333
1791630825,10,,Aggregated,4.000000,0.000000,130,250,490,710,1400,1800,2200,2600,3000,3000,3000,847,0,130.0,432.8672692845535,30.44870799931232,2976.89383299803,248348.093270366
1791630826,10,,Aggregated,4.000000,0.000000,130,250,490,720,1400,1800,2200,2600,3000,3000,3000,848,0,130.0,433.4992472983709,30.44870799931232,2976.89383299803,248423.86438679244
1791630827,10,,Aggregated,4.000000,0.000000,130,250,490,720,1400,1800,2200,2600,3000,3000,3000,852,0,130.0,433.537499463634,30.44870799931232,2976.89383299803,248100.12441314553
1791630828,10,,Aggregated,4.100000,0.000000,130,250,490,720,1500,1800,2200,2600,3000,3000,3000,858,0,130.0,434.76202583452744,30.44870799931232,2976.89383299803,249203.01981351982
1791630829,10,,Aggregated,4.100000,0.000000,130,250,490,720,1500,1800,2200,2600,3000,3000,3000,859,0,130.0,434.3759014831514,30.44870799931232,2976.89383299803,248913.09895227008
1791630830,10,,Aggregated,4.000000,0.000000,130,250,500,720,1400,1800,2200,2600,3000,3000,3000,866,0,130.0,434.9052403291313,30.44870799931232,2976.89383299803,253832.7090069284
1791630831,10,,Aggregated,4.000000,0.000000,130,250,490,710,1400,1800,2200,2600,3000,3000,3000,871,0,130.0,433.06636801609983,30.44870799931232,2976.89383299803,257377.52812858784
1791630832,10,,Aggregated,4.100000,0.000000,130,250,490,700,1400,1800,2200,2600,3000,3000,3000,876,0,130.0,431.12180393952184,30.44870799931232,2976.89383299803,258212.87328767125
1791630833,10,,Aggregated,4.300000,0.000000,130,240,490,700,1400,1800,2200,2600,3000,3000,3000,880,0,130.0,429.50316605115796,30.44870799931232,2976.89383299803,257737.9931818182
1791630834,10,,Aggregated,4.300000,0.000000,130,240,490,700,1400,1700,2200,2600,3000,3000,3000,884,0,130.0,429.5169527217385,30.44870799931232,2976.89383299803,257334.01923076922
1791630835,10,,Aggregated,4.300000,0.000000,130,250,490,720,1400,1800,2200,2600,3000,3000,3000,889,0,130.0,432.3083160371383,30.44870799931232,2976.89383299803,256742.35095613048
1791630836,10,,Aggregated,4.500000,0.000000,130,250,490,710,1400,1800,2200,2600,3000,3000,3000,892,0,130.0,431.1298997567462,30.44870799931232,2976.89383299803,256044.20179372196
1791630837,10,,Aggregated,4.500000,0.000000,130,250,490,720,1400,1800,2200,2600,3000,3000,3000,894,0,130.0,431.9077931577379,30.44870799931232,2976.89383299803,255647.95302013424
1791630838,10,,Aggregated,4.300000,0.000000,130,250,490,720,1400,1700,2200,2600,3000,3000,3000,902,0,130.0,433.142211794913,30.44870799931232,2976.89383299803,256465.78824833702
1791630839,10,,Aggregated,4.300000,0.000000,130,250,490,720,1400,1700,2200,2600,3000,3000,3000,907,0,130.0,431.85393040133175,30.44870799931232,2976.89383299803,257456.03307607496
1791630840,10,,Aggregated,4.200000,0.000000,130,240,490,720,1400,1700,2200,2600,3000,3000,3000,910,0,130.0,430.80242458682295,30.44870799931232,2976.89383299803,257174.45934065935
1791630841,10,,Aggregated,4.600000,0.000000,130,240,490,710,1400,1700,2200,2600,3000,3000,3000,918,0,130.0,428.88500748585096,30.44870799931232,2976.89383299803,257467.54466230937
1791630842,10,,Aggregated,4.400000,0.000000,130,240,490,700,1400,1700,2200,2600,3000,3000,3000,921,0,130.0,427.7706287513654,30.44870799931232,2976.89383299803,256682.884907709
1791630843,10,,Aggregated,4.400000,0.000000,130,240,490,700,1400,1700,2200,2600,3000,3000,3000,922,0,130.0,427.3875445097687,30.44870799931232,2976.89383299803,256404.6496746204
1791630844,10,,Aggregated,4.500000,0.000000,130,240,490,700,1400,1700,2200,2600,3000,3000,3000,929,0,130.0,426.81562504090834,30.44870799931232,2976.89383299803,255681.3121636168
1791630845,10,,Aggregated,4.300000,0.000000,130,240,490,710,1400,1700,2200,2600,3000,3000,3000,933,0,130.0,428.7409923140491,30.44870799931232,2976.89383299803,255136.86923901393
1791630846,10,,Aggregated,4.300000,0.000000,130,240,490,700,1400,1700,2200,2600,3000,3000,3000,936,0,130.0,428.0053678279938,30.44870799931232,2976.89383299803,254596.90705128206
1791630847,10,,Aggregated,4.500000,0.000000,130,240,490,710,1400,1700,2200,2600,3000,3000,3000,942,0,130.0,428.4871086295129,30.44870799931232,2976.89383299803,255664.07643312102
1791630848,10,,Aggregated,4.500000,0.000000,130,240,490,700,1400,1700,2200,2600,3000,3000,3000,947,0,130.0,426.79670960507013,30.44870799931232,2976.89383299803,254523.1256599789
1791630849,10,,Aggregated,4.700000,0.000000,130,240,490,710,1400,1700,2200,2600,3000,3000,3000,950,0,130.0,426.6416131968435,30.44870799931232,2976.89383299803,254100.5010526316
1791630850,10,,Aggregated,4.600000,0.000000,130,240,490,700,1400,1700,2200,2600,3000,3000,3000,954,0,130.0,425.82504712159516,30.44870799931232,2976.89383299803,255188.0534591195
1791630851,10,,Aggregated,4.300000,0.000000,130,240,490,700,1400,1700,2200,2600,3000,3000,3000,956,0,130.0,425.31939020711246,30.44870799931232,2976.89383299803,256662.97280334728
1791630852,10,,Aggregated,4.300000,0.000000,130,240,490,710,1400,1700,2200,2600,3000,3000,3000,960,0,130.0,428.26612030833445,30.44870799931232,2976.89383299803,256005.246875
1791630853,10,,Aggregated,4.100000,0.000000,130,240,490,700,1400,1700,2200,2600,3000,3000,3000,966,0,130.0,426.16665100413564,30.44870799931232,2976.89383299803,256657.03726708074
1791630854,10,,Aggregated,4.100000,0.000000,130,240,490,700,1400,1700,2200,2600,3000,3000,3000,970,0,130.0,426.4354393412318,30.44870799931232,2976.89383299803,257837.04536082473
1791630855,10,,Aggregated,4.300000,0.000000,130,240,490,700,1400,1700,2200,2600,3000,3000,3000,973,0,130.0,425.63093935662937,30.44870799931232,2976.89383299803,257129.43576567317
1791630856,10,,Aggregated,4.100000,0.000000,130,230,490,700,1400,1700,2200,2600,3000,3000,3000,980,0,130.0,424.16917614285626,30.44870799931232,2976.89383299803,256714.8020408163
1791630857,10,,Aggregated,4.100000,0.000000,130,230,490,700,1400,1700,2200,2600,3000,3000,3000,982,0,130.0,423.54527180447457,30.44870799931232,2976.89383299803,256291.91446028513
1791630858,10,,Aggregated,4.300000,0.000000,130,230,490,690,1400,1700,2200,2600,3000,3000,3000,987,0,130.0,422.2168825521683,30.44870799931232,2976.89383299803,255616.30192502533
1791630859,10,,Aggregated,4.100000,0.000000,130,240,490,690,1400,1700,2200,2600,3000,3000,3000,991,0,130.0,422.63593680322475,30.44870799931232,2976.89383299803,255049.5358224016
1791630860,10,,Aggregated,4.000000,0.000000,130,240,490,700,1400,1700,2200,2600,3000,3000,3000,994,0,130.0,422.80463061468095,30.44870799931232,2976.89383299803,254679.77665995975
1791630861,10,,Aggregated,4.100000,0.000000,130,240,490,700,1400,1700,2200,2600,3000,3000,3000,998,0,130.0,424.4826323857689,30.44870799931232,2976.89383299803,254068.5230460922
1791630862,10,,Aggregated,4.000000,0.000000,130,240,490,700,1400,1700,2200,2500,3000,3000,3000,1001,0,130.0,426.2790010779227,30.44870799931232,2976.89383299803,255689.7992007992
1791630863,10,,Aggregated,4.000000,0.000000,130,240,490,710,1400,1700,2200,2500,3000,3000,3000,1003,0,130.0,426.4953258923268,30.44870799931232,2976.89383299803,255491.7637088734
1791630864,10,,Aggregated,3.900000,0.000000,130,250,490,710,1400,1700,2200,2500,3000,3000,3000,1011,0,130.0,428.23444831454543,30.44870799931232,2976.89383299803,254225.10979228487
1791630865,10,,Aggregated,3.800000,0.000000,130,250,490,710,1400,1700,2200,2500,3000,3000,3000,1014,0,130.0,427.24198635306476,30.44870799931232,2976.89383299803,254029.20118343196
1791630866,10,,Aggregated,3.900000,0.000000,130,240,490,710,1400,1700,2200,2500,3000,3000,3000,1019,0,130.0,425.78100060844514,30.44870799931232,2976.89383299803,252901.31992149167
1791630867,10,,Aggregated,4.100000,0.000000,130,240,490,710,1400,1700,2200,2500,3000,3000,3000,1023,0,130.0,425.2533617165268,30.44870799931232,2976.89383299803,252721.93352883676
1791630868,10,,Aggregated,3.900000,0.000000,130,240,490,710,1400,1700,2200,2500,3000,3000,3000,1028,0,130.0,424.95448276849334,30.44870799931232,2976.89383299803,251737.20136186772
1791630869,10,,Aggregated,3.900000,0.000000,130,240,490,700,1400,1700,2200,2500,3000,3000,3000,1031,0,130.0,424.424299946663,30.44870799931232,2976.89383299803,251256.27449078564
1791630870,10,,Aggregated,3.900000,0.000000,130,240,490,700,1400,1700,2200,2500,3000,3000,3000,1037,0,130.0,424.14575461620854,30.44870799931232,2976.89383299803,250702.2757955641
1791630871,10,,Aggregated,4.200000,0.000000,130,240,490,700,1400,1700,2200,2500,3000,3000,3000,1042,0,130.0,422.7142168877292,30.44870799931232,2976.89383299803,249748.52303262957
1791630872,10,,Aggregated,4.200000,0.000000,130,240,490,700,1400,1700,2200,2500,3000,3000,3000,1046,0,130.0,421.7231747514489,30.44870799931232,2976.89383299803,249042.2810707457
1791630873,10,,Aggregated,4.200000,0.000000,130,240,490,700,1400,1700,2200,2500,3000,3000,3000,1049,0,130.0,420.8870140991539,30.44870799931232,2976.89383299803,248364.21258341277
1791630874,10,,Aggregated,4.700000,0.000000,130,230,490,690,1400,1700,2200,2500,3000,3000,3000,1055,0,130.0,419.3643720758443,30.44870799931232,2976.89383299803,248175.12037914692
1791630875,10,,Aggregated,4.500000,0.000000,120,230,490,690,1400,1700,2200,2500,3000,3000,3000,1060,0,120.0,418.98929999907483,30.44870799931232,2976.89383299803,247241.00471698114
1791630876,10,,Aggregated,4.400000,0.000000,120,230,490,690,1400,1700,2200,2500,3000,3000,3000,1063,0,120.0,419.55194034150526,30.44870799931232,2976.89383299803,246733.4176857949
1791630877,10,,Aggregated,4.400000,0.000000,120,230,490,690,1400,1700,2200,2500,3000,3000,3000,1070,0,120.0,418.7472896420799,30.44870799931232,2976.89383299803,247298.7691588785
1791630878,10,,Aggregated,4.400000,0.000000,120,230,490,680,1400,1700,2200,2500,3000,3000,3000,1075,0,120.0,417.60900972839477,30.44870799931232,2976.89383299803,248459.62511627906
1791630879,10,,Aggregated,4.900000,0.000000,120,230,490,670,1400,1700,2200,2500,3000,3000,3000,1078,0,120.0,417.1111985148631,30.44870799931232,2976.89383299803,248009.5120593692
1791630880,10,,Aggregated,4.600000,0.000000,120,230,490,670,1400,1700,2200,2500,3000,3000,3000,1083,0,120.0,416.25122610621196,30.44870799931232,2976.89383299803,247451.51154201292
1791630881,10,,Aggregated,4.500000,0.000000,120,240,490,670,1400,1700,2200,2500,3000,3000,3000,1087,0,120.0,417.257342760837,30.44870799931232,2976.89383299803,247159.3735050598
1791630882,10,,Aggregated,4.400000,0.000000,120,240,490,670,1400,1700,2200,2500,3000,3000,3000,1090,0,120.0,417.9911156706704,30.44870799931232,2976.89383299803,246701.64036697248
1791630883,10,,Aggregated,4.700000,0.000000,120,240,490,680,1400,1700,2200,2500,3000,3000,3000,1095,0,120.0,418.6959331406693,30.44870799931232,2976.89383299803,246134.02739726027
1791630884,10,,Aggregated,4.100000,0.000000,120,240,490,670,1400,1700,2200,2500,3000,3000,3000,1097,0,120.0,418.34046957341315,30.44870799931232,2976.89383299803,245762.0546946217
1791630885,10,,Aggregated,4.500000,0.000000,120,240,490,670,1400,1700,2200,2500,3000,3000,3000,1104,0,120.0,417.18750709333426,30.44870799931232,2976.89383299803,244633.73369565216
1791630886,10,,Aggregated,4.400000,0.000000,120,240,490,670,1400,1700,2200,2500,3000,3000,3000,1107,0,120.0,417.56390255017146,30.44870799931232,2976.89383299803,245879.95212285456
1791630887,10,,Aggregated,4.200000,0.000000,120,240,490,670,1400,1700,2200,2500,3000,3000,3000,1109,0,120.0,416.9420036799281,30.44870799931232,2976.89383299803,245901.2173128945
1791630888,10,,Aggregated,4.200000,0.000000,120,240,490,670,1400,1700,2200,2500,3000,3000,3000,1117,0,120.0,416.16411932770256,30.44870799931232,2976.89383299803,246320.99910474484
1791630889,10,,Aggregated,3.900000,0.000000,120,240,490,670,1400,1700,2200,2500,3000,3000,3000,1119,0,120.0,415.75027974892413,30.44870799931232,2976.89383299803,245981.08132260948
1791630890,10,,Aggregated,4.300000,0.000000,120,240,480,670,1400,1700,2200,2500,3000,3000,3000,1122,0,120.0,414.98663781020304,30.44870799931232,2976.89383299803,245466.8431372549
1791630891,10,,Aggregated,4.200000,0.000000,120,240,490,670,1400,1700,2200,2500,3000,3000,3000,1124,0,120.0,415.86478743954433,30.44870799931232,2976.89383299803,245308.31672597866
1791630892,10,,Aggregated,4.100000,0.000000,120,240,490,670,1400,1700,2200,2500,3000,3000,3000,1126,0,120.0,419.4261260355697,30.44870799931232,2976.89383299803,245231.14387211367
1791630893,10,,Aggregated,3.700000,0.000000,120,240,490,680,1400,1700,2200,2500,3000,3000,3000,1127,0,120.0,420.9042291109612,30.44870799931232,2976.89383299803,245148.65039929014
1791630894,10,,Aggregated,3.700000,0.000000,130,250,490,710,1400,1700,2200,2600,3000,3000,3000,1134,0,120.0,428.2679785811673,30.44870799931232,2976.89383299803,245781.10405643738
1791630895,10,,Aggregated,3.300000,0.000000,120,250,490,710,1400,1700,2200,2600,3000,3000,3000,1139,0,120.0,429.18685890521647,30.44870799931232,2976.89383299803,245012.9692712906
1791630896,10,,Aggregated,3.300000,0.000000,120,250,490,700,1400,1700,2200,2600,3000,3000,3000,1143,0,120.0,427.9798044628506,30.44870799931232,2976.89383299803,244607.22484689413
1791630897,10,,Aggregated,3.600000,0.000000,120,240,490,700,1400,1700,2200,2600,3000,3000,3000,1148,0,120.0,427.9497241585655,30.44870799931232,2976.89383299803,243803.9738675958
1791630898,10,,Aggregated,3.500000,0.000000,120,240,490,700,1400,1700,2200,2600,3000,3000,3000,1152,0,120.0,426.85135101912573,30.44870799931232,2976.89383299803,243097.84027777778
1791630899,10,,Aggregated,3.600000,0.000000,120,240,490,700,1400,1700,2200,2600,3000,3000,3000,1154,0,120.0,427.463771553754,30.44870799931232,2976.89383299803,242808.59878682843
1791630900,10,,Aggregated,3.700000,0.000000,120,240,490,710,1400,1700,2200,2600,3000,3000,3000,1160,0,120.0,427.98349367675314,30.44870799931232,2976.89383299803,243686.86379310346
1791630901,10,,Aggregated,3.500000,0.000000,120,240,490,700,1400,1700,2200,2600,3000,3000,3000,1162,0,120.0,427.337230528429,30.44870799931232,2976.89383299803,243310.086919105
1791630902,10,,Aggregated,3.500000,0.000000,120,250,490,710,1400,1700,2200,2600,3000,3000,3000,1167,0,120.0,428.7659078097997,30.44870799931232,2976.89383299803,244389.529562982
1791630903,10,,Aggregated,3.800000,0.000000,120,250,490,710,1400,1700,2200,2600,3000,3000,3000,1170,0,120.0,427.8674134248186,30.44870799931232,2976.89383299803,243846.24102564104
1791630904,10,,Aggregated,3.900000,0.000000,120,240,490,700,1400,1700,2200,2600,3000,3000,3000,1176,0,120.0,427.9019871377832,30.44870799931232,2976.89383299803,244538.67517006802
1791630905,10,,Aggregated,4.100000,0.000000,120,250,490,710,1400,1700,2200,2600,3000,3000,3000,1179,0,120.0,428.4201642629595,30.44870799931232,2976.89383299803,245720.72773536894
1791630906,10,,Aggregated,4.400000,0.000000,120,240,490,700,1400,1700,2200,2600,3000,3000,3000,1183,0,120.0,427.5902760634249,30.44870799931232,2976.89383299803,245150.90870667793
1791630907,10,,Aggregated,4.200000,0.000000,120,240,490,700,1400,1700,2200,2600,3000,3000,3000,1186,0,120.0,426.8675844216121,30.44870799931232,2976.89383299803,244644.05986509274
1791630908,10,,Aggregated,4.300000,0.000000,130,250,490,700,1400,1700,2200,2600,3000,3000,3000,1192,0,120.0,427.4206406594203,30.44870799931232,2976.89383299803,247062.74244966442
1791630909,10,,Aggregated,4.100000,0.000000,130,250,490,700,1400,1700,2200,2600,3000,3000,3000,1194,0,120.0,426.8724891465885,30.44870799931232,2976.89383299803,248257.26716917922
1791630910,10,,Aggregated,3.700000,0.000000,130,250,490,700,1400,1700,2200,2600,3000,3000,3000,1200,0,130.0,427.0270637833559,30.44870799931232,2976.89383299803,252337.00083333332
1791630911,10,,Aggregated,4.000000,0.000000,130,240,490,700,1400,1700,2200,2600,3000,3000,3000,1201,0,130.0,426.721815950896,30.44870799931232,2976.89383299803,252127.0199833472
1791630912,10,,Aggregated,4.000000,0.000000,130,250,500,710,1400,1700,2200,2600,3000,3000,3000,1208,0,130.0,429.1996157202213,30.44870799931232,2976.89383299803,251339.4180463576
1791630913,10,,Aggregated,4.000000,0.000000,130,250,490,710,1400,1700,2200,2600,3000,3000,3000,1210,0,130.0,428.78153963307756,30.44870799931232,2976.89383299803,252551.71983471073
1791630914,10,,Aggregated,3.800000,0.000000,130,250,490,710,1400,1700,2200,2600,3000,3000,3000,1215,0,130.0,427.49193497697695,30.44870799931232,2976.89383299803,251663.10946502056
1791630915,10,,Aggregated,3.800000,0.000000,130,250,490,700,1400,1700,2200,2600,3000,3000,3000,1217,0,130.0,426.9319877074968,30.44870799931232,2976.89383299803,251290.19145439606
1791630916,10,,Aggregated,3.800000,0.000000,130,250,490,710,1400,1700,2200,2600,3000,3000,3000,1223,0,130.0,428.3635347162915,30.44870799931232,2976.89383299803,250569.86345053147
1791630917,10,,Aggregated,4.000000,0.000000,130,250,490,710,1400,1700,2200,2600,3000,3000,3000,1226,0,130.0,428.7119057912108,30.44870799931232,2976.89383299803,250251.53915171287
1791630918,10,,Aggregated,3.500000,0.000000,130,250,490,710,1400,1700,2200,2600,3000,3000,3000,1230,0,130.0,428.8731783886406,30.44870799931232,2976.89383299803,251151.69105691058
1791630919,10,,Aggregated,3.900000,0.000000,130,250,490,700,1400,1700,2200,2600,3000,3000,3000,1236,0,130.0,427.3784629199254,30.44870799931232,2976.89383299803,250142.15129449838
1791630920,10,,Aggregated,3.900000,0.000000,130,250,490,700,1400,1700,2200,2600,3000,3000,3000,1238,0,130.0,427.0293711995396,30.44870799931232,2976.89383299803,249857.3166397415
1791630921,10,,Aggregated,3.800000,0.000000,130,250,490,710,1400,1700,2200,2600,3000,3000,3000,1244,0,130.0,427.2772916358793,30.44870799931232,2976.89383299803,249109.41720257234
1791630922,10,,Aggregated,3.800000,0.000000,130,250,490,710,1400,1700,2200,2600,3000,3000,3000,1245,0,130.0,428.044512921311,30.44870799931232,2976.89383299803,249031.62730923694
1791630923,10,,Aggregated,4.000000,0.000000,130,250,500,720,1400,1700,2200,2600,3000,3000,3000,1255,0,130.0,430.0456542518179,30.44870799931232,2976.89383299803,247605.31952191234
1791630924,10,,Aggregated,4.400000,0.000000,130,250,500,720,1400,1700,2200,2600,3000,3000,3000,1256,0,130.0,429.80418969110667,30.44870799931232,2976.89383299803,247447.45222929935
1791630925,10,,Aggregated,3.800000,0.000000,130,250,500,720,1400,1700,2200,2600,3000,3000,3000,1263,0,130.0,428.93828737927697,30.44870799931232,2976.89383299803,246568.68725257323
1791630926,10,,Aggregated,4.400000,0.000000,130,250,500,720,1400,1700,2200,2600,3000,3000,3000,1267,0,130.0,428.6149084791063,30.44870799931232,2976.89383299803,246153.37963693764
1791630927,10,,Aggregated,4.200000,0.000000,130,250,500,710,1400,1700,2200,2600,3000,3000,3000,1272,0,130.0,427.70847867691174,30.44870799931232,2976.89383299803,248282.8364779874
1791630928,10,,Aggregated,4.700000,0.000000,130,250,500,720,1400,1700,2200,2600,3000,3000,3000,1275,0,130.0,427.82192911845743,30.44870799931232,2976.89383299803,247971.81490196078
1791630929,10,,Aggregated,4.400000,0.000000,130,250,500,710,1400,1700,2200,2600,3000,3000,3000,1279,0,130.0,427.1411689484216,30.44870799931232,2976.89383299803,247465.38154808444
1791630930,10,,Aggregated,4.300000,0.000000,130,250,500,710,1400,1700,2200,2600,3000,3000,3000,1282,0,130.0,427.12867034168033,30.44870799931232,2976.89383299803,247256.0647425897
1791630931,10,,Aggregated,4.500000,0.000000,130,250,500,710,1400,1700,2200,2600,3000,3000,3000,1287,0,130.0,426.4675512836287,30.44870799931232,2976.89383299803,246901.3209013209
1791630932,10,,Aggregated,4.200000,0.000000,130,250,500,720,1400,1700,2200,2600,3000,3000,3000,1293,0,130.0,427.2230614215207,30.44870799931232,2976.89383299803,246460.3410672854
1791630933,10,,Aggregated,4.200000,0.000000,130,250,500,720,1400,1700,2200,2600,3000,3000,3000,1295,0,130.0,426.97872876604396,30.44870799931232,2976.89383299803,246242.40463320463
1791630934,10,,Aggregated,4.200000,0.000000,130,250,500,720,1400,1700,2200,2600,3000,3000,3000,1300,0,130.0,426.5025828215555,30.44870799931232,2976.89383299803,245676.55923076923
1791630935,10,,Aggregated,4.700000,0.000000,130,250,500,720,1400,1700,2200,2500,3000,3000,3000,1305,0,130.0,426.67917062683574,30.44870799931232,2976.89383299803,246399.32873563218
1791630936,10,,Aggregated,4.200000,0.000000,130,250,500,710,1400,1700,2200,2500,3000,3000,3000,1307,0,130.0,426.14896161746066,30.44870799931232,2976.89383299803,246097.7597551645
1791630937,10,,Aggregated,4.200000,0.000000,130,250,510,720,1400,1700,2200,2500,3000,3000,3000,1311,0,130.0,428.0628670229024,30.44870799931232,2976.89383299803,245659.00533943553
1791630938,10,,Aggregated,4.200000,0.000000,130,250,510,720,1400,1700,2200,2500,3000,3000,3000,1317,0,130.0,428.0592730000164,30.44870799931232,2976.89383299803,247688.2953682612
1791630939,10,,Aggregated,3.900000,0.000000,130,250,510,720,1400,1700,2200,2500,3000,3000,3000,1323,0,130.0,426.54073756011235,30.44870799931232,2976.89383299803,248164.26984126985
1791630940,10,,Aggregated,4.000000,0.000000,130,250,500,710,1400,1700,2200,2500,3000,3000,3000,1326,0,130.0,425.77390199172686,30.44870799931232,2976.89383299803,247677.45852187029
1791630941,10,,Aggregated,4.100000,0.000000,120,240,490,710,1400,1700,2200,2500,3000,3000,3000,1333,0,120.0,424.0192954478881,30.44870799931232,2976.89383299803,246863.84246061515
1791630942,10,,Aggregated,4.300000,0.000000,120,240,490,710,1400,1700,2200,2500,3000,3000,3000,1335,0,120.0,423.56459038654543,30.44870799931232,2976.89383299803,247969.33782771535
1791630943,10,,Aggregated,4.500000,0.000000,120,240,500,710,1400,1700,2200,2500,3000,3000,3000,1340,0,120.0,424.42307611868426,30.44870799931232,2976.89383299803,247311.93731343283
1791630944,10,,Aggregated,4.600000,0.000000,130,240,500,720,1400,1700,2200,2500,3000,3000,3000,1345,0,130.0,425.121757434226,30.44870799931232,2976.89383299803,249461.22081784386
1791630945,10,,Aggregated,4.200000,0.000000,130,240,490,710,1400,1700,2200,2500,3000,3000,3000,1349,0,130.0,424.23122674205996,30.44870799931232,2976.89383299803,250836.95774647887
1791630946,10,,Aggregated,4.300000,0.000000,130,240,490,710,1400,1700,2200,2500,3000,3000,3000,1350,0,130.0,424.0777272533612,30.44870799931232,2976.89383299803,250677.47333333333
1791630947,10,,Aggregated,4.400000,0.000000,130,250,510,730,1400,1700,2200,2500,3000,3000,3000,1355,0,130.0,427.609597449475,30.44870799931232,2976.89383299803,251474.6996309963
1791630948,10,,Aggregated,4.300000,0.000000,130,250,510,730,1400,1700,2200,2500,3000,3000,3000,1359,0,130.0,428.2182367255625,30.44870799931232,2976.89383299803,251099.9455481972
1791630949,10,,Aggregated,4.300000,0.000000,130,250,510,730,1400,1700,2200,2500,3000,3000,3000,1362,0,130.0,428.1532520807889,30.44870799931232,2976.89383299803,252186.36490455212
1791630950,10,,Aggregated,4.400000,0.000000,130,250,510,730,1400,1700,2200,2500,3000,3000,3000,1367,0,130.0,429.03064389907394,30.44870799931232,2976.89383299803,251950.17849305048
1791630951,10,,Aggregated,4.200000,0.000000,130,250,510,740,1400,1700,2200,2500,3000,3000,3000,1373,0,130.0,429.0518770954344,30.44870799931232,2976.89383299803,253832.18281136197
1791630952,10,,Aggregated,4.000000,0.000000,130,250,510,730,1400,1700,2200,2500,3000,3000,3000,1376,0,130.0,428.6381754186282,30.44870799931232,2976.89383299803,253467.73691860464
1791630954,10,,Aggregated,4.100000,0.000000,130,250,510,730,1400,1700,2200,2500,3000,3000,3000,1382,0,130.0,427.8091805058139,30.44870799931232,2976.89383299803,252824.13386396528
1791630955,10,,Aggregated,4.000000,0.000000,130,250,510,730,1400,1700,2200,2500,3000,3000,3000,1387,0,130.0,427.58138734753436,30.44870799931232,2976.89383299803,252058.45998558038
1791630956,10,,Aggregated,4.100000,0.000000,130,250,510,730,1400,1700,2200,2500,3000,3000,3000,1389,0,130.0,427.1660648855518,30.44870799931232,2976.89383299803,251731.25701943843
1791630957,10,,Aggregated,4.200000,0.000000,130,250,510,730,1400,1700,2200,2500,3000,3000,3000,1392,0,130.0,427.87676017817927,30.44870799931232,2976.89383299803,252828.2823275862
1791630958,10,,Aggregated,4.200000,0.000000,130,250,510,730,1400,1700,2200,2500,3000,3000,3000,1398,0,130.0,428.8698762217665,30.44870799931232,2976.89383299803,252340.8175965665
1791630959,10,,Aggregated,4.000000,0.000000,130,250,510,730,1400,1700,2200,2500,3000,3000,3000,1400,0,130.0,428.4199457735922,30.44870799931232,2976.89383299803,252015.21785714285
1791630960,10,,Aggregated,4.000000,0.000000,130,250,510,730,1400,1700,2200,2500,3000,3000,3000,1400,0,130.0,428.4199457735922,30.44870799931232,2976.89383299803,252015.21785714285
1791630961,10,,Aggregated,4.200000,0.000000,130,260,520,760,1400,1700,2100,2500,3000,3000,3000,1410,0,130.0,434.22751232129883,30.44870799931232,2976.89383299803,252175.29078014183
1791630962,10,,Aggregated,4.200000,0.000000,130,260,520,760,1400,1700,2100,2500,3000,3000,3000,1410,0,130.0,434.22751232129883,30.44870799931232,2976.89383299803,252175.29078014183
1791630963,10,,Aggregated,3.700000,0.000000,130,260,520,740,1400,1700,2100,2500,3000,3000,3000,1416,0,130.0,433.04044688490967,30.44870799931232,2976.89383299803,251914.8757062147
1791630964,10,,Aggregated,4.200000,0.000000,130,260,520,750,1400,1700,2100,2500,3000,3000,3000,1420,0,130.0,433.1158220634031,30.44870799931232,2976.89383299803,251410.80070422534
1791630965,10,,Aggregated,4.000000,0.000000,130,260,520,760,1400,1700,2100,2500,3000,3000,3000,1425,0,130.0,433.89758020282983,30.44870799931232,2976.89383299803,251085.2203508772
1791630966,10,,Aggregated,4.000000,0.000000,130,260,520,760,1400,1700,2100,2500,3000,3000,3000,1429,0,130.0,433.9581114394891,30.44870799931232,2976.89383299803,251109.55983205038
1791630967,10,,Aggregated,3.800000,0.000000,130,260,520,750,1400,1700,2100,2500,3000,3000,3000,1434,0,130.0,433.12592291006524,30.44870799931232,2976.89383299803,251676.03138075315
1791630968,10,,Aggregated,4.000000,0.000000,130,260,520,740,1400,1700,2100,2500,3000,3000,3000,1439,0,130.0,431.9819457060657,30.44870799931232,2976.89383299803,252204.35858234885
1791630969,10,,Aggregated,4.200000,0.000000,130,260,520,740,1400,1700,2100,2500,3000,3000,3000,1444,0,130.0,432.040132298493,30.44870799931232,2976.89383299803,251943.07617728531
1791630970,10,,Aggregated,4.200000,0.000000,130,260,520,740,1400,1700,2100,2500,3000,3000,3000,1447,0,130.0,432.3404411112821,30.44870799931232,2976.89383299803,251637.09053213545
1791630971,10,,Aggregated,4.000000,0.000000,130,260,520,740,1400,1700,2100,2500,3000,3000,3000,1450,0,130.0,431.74706962346454,30.44870799931232,2976.89383299803,251175.19655172413
1791630972,10,,Aggregated,4.300000,0.000000,130,260,520,740,1400,1700,2100,2500,3000,3000,3000,1453,0,130.0,431.74062898349894,30.44870799931232,2976.89383299803,250835.60220234
1791630973,10,,Aggregated,4.700000,0.000000,130,260,520,750,1400,1700,2100,2500,3000,3000,3000,1460,0,130.0,433.3463727157756,30.44870799931232,2976.89383299803,251262.31164383562
1791630974,10,,Aggregated,4.000000,0.000000,130,260,520,740,1400,1700,2100,2500,3000,3000,3000,1464,0,130.0,432.52978497748126,30.44870799931232,2976.89383299803,250952.63183060108
1791630975,10,,Aggregated,4.300000,0.000000,130,260,520,740,1400,1700,2100,2500,3000,3000,3000,1466,0,130.0,432.0497204120262,30.44870799931232,2976.89383299803,250644.08117326058
1791630976,10,,Aggregated,4.400000,0.000000,130,260,510,740,1400,1700,2100,2500,3000,3000,3000,1473,0,130.0,431.63702076173206,30.44870799931232,2976.89383299803,250360.9137813985
1791630977,10,,Aggregated,4.200000,0.000000,130,260,510,740,1400,1700,2100,2500,3000,3000,3000,1477,0,130.0,430.7929502363095,30.44870799931232,2976.89383299803,251049.538253216
1791630978,10,,Aggregated,4.400000,0.000000,130,260,510,740,1400,1700,2100,2500,3000,3000,3000,1482,0,130.0,429.7683911093281,30.44870799931232,2976.89383299803,251565.08097165992
1791630979,10,,Aggregated,4.400000,0.000000,130,260,510,740,1400,1700,2100,2500,3000,3000,3000,1483,0,130.0,429.5844906992746,30.44870799931232,2976.89383299803,252690.28320971003
1791630980,10,,Aggregated,4.200000,0.000000,130,260,510,740,1400,1700,2100,2500,3000,3000,3000,1490,0,130.0,429.69273260471084,30.44870799931232,2976.89383299803,251859.77986577182
1791630981,10,,Aggregated,4.000000,0.000000,130,260,510,740,1400,1700,2100,2500,3000,3000,3000,1493,0,130.0,428.97504498728836,30.44870799931232,2976.89383299803,251386.51908908237
1791630982,10,,Aggregated,4.300000,0.000000,130,260,510,740,1400,1700,2100,2500,3000,3000,3000,1499,0,130.0,428.97220772049627,30.44870799931232,2976.89383299803,250827.35490326883
1791630983,10,,Aggregated,4.300000,0.000000,130,260,510,740,1400,1600,2100,2400,3000,3000,3000,1503,0,130.0,428.94342345643867,30.44870799931232,2976.89383299803,251608.03193612775
1791630984,10,,Aggregated,4.500000,0.000000,130,260,510,730,1400,1600,2100,2400,3000,3000,3000,1508,0,130.0,427.8500432122195,30.44870799931232,2976.89383299803,250871.33090185677
1791630985,10,,Aggregated,4.500000,0.000000,130,260,510,730,1400,1600,2100,2400,3000,3000,3000,1511,0,130.0,427.67161272801224,30.44870799931232,2976.89383299803,251667.70416942422
1791630986,10,,Aggregated,4.300000,0.000000,130,260,510,730,1400,1600,2100,2400,3000,3000,3000,1515,0,130.0,427.64854892542627,30.44870799931232,2976.89383299803,251387.73531353136
1791630987,10,,Aggregated,4.500000,0.000000,130,260,510,730,1400,1600,2100,2400,3000,3000,3000,1521,0,130.0,427.4536182031685,30.44870799931232,2976.89383299803,250648.68244575936
1791630988,10,,Aggregated,4.200000,0.000000,130,260,510,730,1400,1600,2100,2400,3000,3000,3000,1524,0,130.0,428.057269627309,30.44870799931232,2976.89383299803,251515.28543307088
1791630989,10,,Aggregated,4.200000,0.000000,130,260,510,730,1400,1600,2100,2400,3000,3000,3000,1527,0,130.0,427.34995404651033,30.44870799931232,2976.89383299803,251358.7347740668
1791630990,10,,Aggregated,4.400000,0.000000,130,260,510,730,1400,1600,2100,2400,3000,3000,3000,1532,0,130.0,428.3238946880028,30.44870799931232,2976.89383299803,250873.79503916448
1791630991,10,,Aggregated,4.200000,0.000000,130,260,510,730,1400,1600,2100,2400,3000,3000,3000,1537,0,130.0,428.97837084842126,30.44870799931232,2976.89383299803,250695.5172413793
1791630992,10,,Aggregated,4.400000,0.000000,130,260,510,730,1400,1600,2100,2400,3000,3000,3000,1541,0,130.0,429.01170124531023,30.44870799931232,2976.89383299803,250202.28293316028
1791630993,10,,Aggregated,4.200000,0.000000,130,260,510,730,1400,1600,2100,2400,3000,3000,3000,1547,0,130.0,427.84202421009775,30.44870799931232,2976.89383299803,249422.3083387201
1791630994,10,,Aggregated,4.300000,0.000000,130,260,510,730,1400,1600,2100,2400,3000,3000,3000,1550,0,130.0,427.1640513406598,30.44870799931232,2976.89383299803,249272.64258064516
1791630995,10,,Aggregated,4.400000,0.000000,130,260,510,730,1400,1600,2100,2400,3000,3000,3000,1554,0,130.0,426.66586614866446,30.44870799931232,2976.89383299803,249929.94723294722
1791630996,10,,Aggregated,4.300000,0.000000,130,260,510,730,1400,1600,2100,2400,3000,3000,3000,1560,0,130.0,426.33357828206664,30.44870799931232,2976.89383299803,249696.43782051283
1791630997,10,,Aggregated,4.300000,0.000000,130,250,510,730,1400,1600,2100,2400,3000,3000,3000,1563,0,130.0,425.6863251996346,30.44870799931232,2976.89383299803,249578.4452975048
1791630998,10,,Aggregated,4.200000,0.000000,130,260,510,720,1400,1600,2100,2400,3000,3000,3000,1567,0,130.0,426.0321715296942,30.44870799931232,2976.89383299803,249130.0561582642
1791630999,10,,Aggregated,4.300000,0.000000,130,260,510,730,1400,1600,2100,2400,3000,3000,3000,1573,0,130.0,427.37042739035627,30.44870799931232,2976.89383299803,249629.13858868403
1791631000,10,,Aggregated,4.300000,0.000000,130,260,510,730,1400,1600,2100,2400,3000,3000,3000,1577,0,130.0,427.61968214459813,30.44870799931232,2976.89383299803,249442.24159797083
1791631001,10,,Aggregated,4.500000,0.000000,130,260,510,720,1400,1600,2100,2400,3000,3000,3000,1582,0,130.0,427.2630183780276,30.44870799931232,2976.89383299803,251214.76042983565
1791631002,10,,Aggregated,4.500000,0.000000,130,260,510,720,1400,1600,2100,2400,3000,3000,3000,1583,0,130.0,427.0485801162612,30.44870799931232,2976.89383299803,251087.27858496524
1791631003,10,,Aggregated,4.500000,0.000000,130,260,510,720,1400,1600,2100,2400,3000,3000,3000,1588,0,130.0,426.36789252144115,30.44870799931232,2976.89383299803,250429.71914357683
1791631004,10,,Aggregated,4.200000,0.000000,130,260,510,720,1400,1600,2100,2400,3000,3000,3000,1594,0,130.0,426.98850368008,30.44870799931232,2976.89383299803,249902.34190715183
1791631005,10,,Aggregated,4.100000,0.000000,130,260,510,720,1400,1600,2100,2400,3000,3000,3000,1599,0,130.0,426.4082679743873,30.44870799931232,2976.89383299803,251623.86491557222
1791631006,10,,Aggregated,4.100000,0.000000,130,260,510,720,1400,1600,2100,2400,3000,3000,3000,1603,0,130.0,426.4799344148746,30.44870799931232,2976.89383299803,251113.3337492202
1791631007,10,,Aggregated,4.400000,0.000000,130,260,510,720,1400,1600,2100,2400,3000,3000,3000,1604,0,130.0,426.2651787930439,30.44870799931232,2976.89383299803,250987.12905236907
1791631008,10,,Aggregated,4.400000,0.000000,130,260,510,720,1400,1600,2100,2400,3000,3000,3000,1610,0,130.0,425.79622082797715,30.44870799931232,2976.89383299803,252628.95652173914
1791631009,10,,Aggregated,4.400000,0.000000,130,260,510,720,1400,1600,2100,2400,3000,3000,3000,1614,0,130.0,426.2638458742516,30.44870799931232,2976.89383299803,253610.52540272614
1791631010,10,,Aggregated,4.200000,0.000000,130,260,510,720,1400,1600,2100,2400,3000,3000,3000,1618,0,130.0,426.3234929122608,30.44870799931232,2976.89383299803,253180.98763906056
1791631011,10,,Aggregated,4.200000,0.000000,130,260,510,730,1400,1600,2100,2400,3000,3000,3000,1620,0,130.0,427.1677509710121,30.44870799931232,2976.89383299803,253061.47530864197
1791631012,10,,Aggregated,3.900000,0.000000,130,260,510,730,1400,1600,2100,2400,3000,3000,3000,1627,0,130.0,428.36011152368843,30.44870799931232,2976.89383299803,253721.1782421635
1791631013,10,,Aggregated,3.900000,0.000000,130,260,510,720,1400,1600,2100,2400,3000,3000,3000,1631,0,130.0,427.60317593380677,30.44870799931232,2976.89383299803,254366.6008583691
1791631014,10,,Aggregated,4.200000,0.000000,130,260,510,730,1400,1600,2100,2400,3000,3000,3000,1637,0,130.0,428.31847509959834,30.44870799931232,2976.89383299803,254058.57605375687
1791631015,10,,Aggregated,4.100000,0.000000,130,260,510,720,1400,1600,2100,2400,3000,3000,3000,1641,0,130.0,427.8054271456685,30.44870799931232,2976.89383299803,253882.21755027422
1791631016,10,,Aggregated,4.100000,0.000000,130,260,510,730,1400,1600,2100,2400,3000,3000,3000,1645,0,130.0,428.1433203064085,30.44870799931232,2976.89383299803,253488.8662613982
1791631017,10,,Aggregated,4.000000,0.000000,130,260,510,730,1400,1600,2100,2400,3000,3000,3000,1649,0,130.0,428.317344999415,30.44870799931232,2976.89383299803,253026.33535476046
1791631018,10,,Aggregated,4.000000,0.000000,130,260,520,730,1400,1700,2100,2400,3000,3000,3000,1652,0,130.0,429.36162241951143,30.44870799931232,2976.89383299803,253872.9176755448
1791631019,10,,Aggregated,4.200000,0.000000,130,260,510,730,1400,1700,2100,2400,3000,3000,3000,1657,0,130.0,429.5018130585551,30.44870799931232,2976.89383299803,255538.01629450815
1791631020,10,,Aggregated,4.200000,0.000000,130,260,510,720,1400,1700,2100,2400,3000,3000,3000,1661,0,130.0,428.6595491348747,30.44870799931232,2976.89383299803,255262.7688139675
1791631021,10,,Aggregated,4.100000,0.000000,130,260,510,720,1400,1700,2100,2400,3000,3000,3000,1666,0,130.0,428.64183332594774,30.44870799931232,2976.89383299803,255816.28451380553
1791631022,10,,Aggregated,4.400000,0.000000,130,260,510,730,1400,1700,2100,2400,3000,3000,3000,1669,0,130.0,429.1267150167948,30.44870799931232,2976.89383299803,255539.4134212103
1791631023,10,,Aggregated,4.400000,0.000000,130,270,520,730,1400,1700,2100,2400,3000,3000,3000,1672,0,130.0,429.9240500574348,30.44870799931232,2976.89383299803,255393.879784689
1791631024,10,,Aggregated,4.300000,0.000000,130,270,520,730,1400,1700,2100,2400,3000,3000,3000,1675,0,130.0,431.013071386288,30.44870799931232,2976.89383299803,256232.8304477612
1791631025,10,,Aggregated,4.300000,0.000000,130,270,520,730,1400,1700,2100,2400,3000,3000,3000,1679,0,130.0,431.5952920572,30.44870799931232,2976.89383299803,255867.0327575938
1791631026,10,,Aggregated,4.300000,0.000000,130,270,520,740,1400,1700,2100,2400,3000,3000,3000,1680,0,130.0,432.49142591133295,30.44870799931232,2976.89383299803,255808.59523809524
1791631027,10,,Aggregated,4.100000,0.000000,130,280,530,740,1400,1700,2100,2400,3000,3000,3000,1687,0,130.0,436.43885029463024,30.44870799931232,2976.89383299803,256252.68049792532
1791631028,10,,Aggregated,4.100000,0.000000,130,280,530,750,1400,1700,2100,2400,3000,3000,3000,1689,0,130.0,437.29946969866495,30.44870799931232,2976.89383299803,257210.80284191828
1791631029,10,,Aggregated,3.700000,0.000000,130,280,530,740,1400,1700,2100,2400,3000,3000,3000,1693,0,130.0,436.5041399811241,30.44870799931232,2976.89383299803,256661.60070880095
1791631030,10,,Aggregated,3.800000,0.000000,130,270,530,740,1400,1700,2100,2400,3000,3000,3000,1700,0,130.0,435.7004206059117,30.44870799931232,2976.89383299803,255941.50352941177
1791631031,10,,Aggregated,3.700000,0.000000,130,270,530,740,1400,1700,2100,2400,3000,3000,3000,1703,0,130.0,435.0346502178814,30.44870799931232,2976.89383299803,255576.82266588372
1791631032,10,,Aggregated,3.800000,0.000000,130,270,530,740,1400,1700,2100,2400,3000,3000,3000,1707,0,130.0,435.52917886353237,30.44870799931232,2976.89383299803,255310.85413005273
1791631033,10,,Aggregated,3.700000,0.000000,130,270,530,740,1400,1700,2100,2400,3000,3000,3000,1713,0,130.0,435.66277567720203,30.44870799931232,2976.89383299803,256829.04553415062
1791631034,10,,Aggregated,3.700000,0.000000,130,270,530,750,1400,1700,2100,2400,3000,3000,3000,1715,0,130.0,436.0862426787438,30.44870799931232,2976.89383299803,256686.86472303208
1791631035,10,,Aggregated,3.600000,0.000000,130,270,530,740,1400,1700,2100,2400,3000,3000,3000,1719,0,130.0,435.3162564630876,30.44870799931232,2976.89383299803,257235.51250727166
1791631036,10,,Aggregated,3.900000,0.000000,130,270,530,740,1400,1700,2100,2400,3000,3000,3000,1724,0,130.0,434.76235626047094,30.44870799931232,2976.89383299803,257681.3091647332
1791631037,10,,Aggregated,3.900000,0.000000,130,270,530,740,1400,1700,2100,2400,3000,3000,3000,1729,0,130.0,434.53026890864834,30.44870799931232,2976.89383299803,257267.4065934066
1791631038,10,,Aggregated,4.000000,0.000000,130,270,530,740,1400,1700,2100,2400,3000,3000,3000,1731,0,130.0,434.8602632056921,30.44870799931232,2976.89383299803,257058.20739456962
1791631039,10,,Aggregated,4.400000,0.000000,130,270,530,740,1400,1700,2100,2400,3000,3000,3000,1734,0,130.0,435.0069105778865,30.44870799931232,2976.89383299803,257901.24452133794
1791631040,10,,Aggregated,4.000000,0.000000,130,280,530,750,1400,1700,2100,2400,3000,3000,3000,1738,0,130.0,436.82569588093025,30.44870799931232,2976.89383299803,258619.2606444189
1791631041,10,,Aggregated,4.000000,0.000000,130,270,530,740,1400,1700,2100,2400,3000,3000,3000,1745,0,130.0,435.84140968369906,30.44870799931232,2976.89383299803,260119.1782234957
1791631042,10,,Aggregated,4.000000,0.000000,130,270,530,740,1400,1700,2100,2400,3000,3000,3000,1745,0,130.0,435.84140968369906,30.44870799931232,2976.89383299803,260119.1782234957
1791631043,10,,Aggregated,4.000000,0.000000,130,270,530,740,1400,1700,2100,2400,3000,3000,3000,1752,0,130.0,434.7602425690945,30.44870799931232,2976.89383299803,259360.55365296802
1791631044,10,,Aggregated,4.000000,0.000000,130,270,530,740,1400,1700,2100,2400,3000,3000,3000,1755,0,130.0,435.4067207629945,30.44870799931232,2976.89383299803,259297.60341880342
1791631045,10,,Aggregated,4.100000,0.000000,130,270,530,740,1400,1700,2100,2400,3000,3000,3000,1760,0,130.0,436.4146783511696,30.44870799931232,2976.89383299803,261007.27159090908
1791631046,10,,Aggregated,3.900000,0.000000,130,270,530,740,1400,1700,2100,2400,3000,3000,3000,1762,0,130.0,436.24378773045345,30.44870799931232,2976.89383299803,260830.58626560727
1791631047,10,,Aggregated,3.800000,0.000000,130,280,530,740,1400,1700,2100,2400,3000,3000,3000,1767,0,130.0,436.276283166984,30.44870799931232,2976.89383299803,262382.8500282965
1791631048,10,,Aggregated,4.100000,0.000000,130,280,530,740,1400,1700,2100,2400,3000,3000,3000,1773,0,130.0,435.67679673268697,30.44870799931232,2976.89383299803,261843.49407783418
1791631049,10,,Aggregated,3.800000,0.000000,130,270,530,740,1400,1700,2100,2400,3000,3000,3000,1777,0,130.0,435.1091723072915,30.44870799931232,2976.89383299803,262425.27293190773
1791631050,10,,Aggregated,4.000000,0.000000,130,270,520,740,1400,1700,2100,2400,3000,3000,3000,1783,0,130.0,433.97358820810757,30.44870799931232,2976.89383299803,263197.66068424005
1791631051,10,,Aggregated,4.300000,0.000000,130,270,520,730,1400,1700,2100,2400,3000,3000,3000,1787,0,130.0,433.44217059824393,30.44870799931232,2976.89383299803,262754.2003357583
1791631052,10,,Aggregated,4.200000,0.000000,130,270,520,740,1400,1700,2100,2400,3000,3000,3000,1790,0,130.0,433.4551570670734,30.44870799931232,2976.89383299803,262508.4027932961
1791631053,10,,Aggregated,4.400000,0.000000,130,270,520,730,1400,1700,2100,2400,3000,3000,3000,1794,0,130.0,433.1276312386073,30.44870799931232,2976.89383299803,264083.72463768115
1791631054,10,,Aggregated,4.300000,0.000000,130,270,520,730,1400,1700,2100,2400,3000,3000,3000,1798,0,130.0,432.3994849750047,30.44870799931232,2976.89383299803,263578.606785317
1791631055,10,,Aggregated,4.300000,0.000000,130,270,520,730,1400,1700,2100,2400,3000,3000,3000,1802,0,130.0,433.3147489745046,30.44870799931232,2976.89383299803,263247.7996670366
1791631056,10,,Aggregated,4.300000,0.000000,130,270,520,730,1400,1700,2100,2400,3000,3000,3000,1805,0,130.0,432.89408563382335,30.44870799931232,2976.89383299803,263389.4653739612
1791631057,10,,Aggregated,4.300000,0.000000,130,270,520,730,1400,1700,2100,2400,3000,3000,3000,1809,0,130.0,432.53235863960754,30.44870799931232,2976.89383299803,263039.6898839138
1791631058,10,,Aggregated,4.200000,0.000000,130,270,520,730,1400,1700,2100,2400,3000,3000,3000,1815,0,130.0,432.7782369537446,30.44870799931232,2976.89383299803,262639.3151515151
1791631059,10,,Aggregated,4.100000,0.000000,130,270,520,730,1400,1700,2100,2400,3000,3000,3000,1819,0,130.0,432.5959794464248,30.44870799931232,2976.89383299803,263605.4573941726
1791631060,10,,Aggregated,4.400000,0.000000,130,270,520,730,1400,1700,2100,2400,3000,3000,3000,1824,0,130.0,431.6602137187746,30.44870799931232,2976.89383299803,262963.8442982456
1791631061,10,,Aggregated,4.100000,0.000000,130,270,520,720,1400,1700,2100,2400,3000,3000,3000,1828,0,130.0,430.96580453886185,30.44870799931232,2976.89383299803,262442.61269146606
1791631062,10,,Aggregated,4.600000,0.000000,130,270,520,720,1400,1700,2100,2400,3000,3000,3000,1830,0,130.0,430.6817888595862,30.44870799931232,2976.89383299803,262175.2879781421
1791631063,10,,Aggregated,4.000000,0.000000,130,270,520,730,1400,1700,2100,2400,3000,3000,3000,1833,0,130.0,430.874292660689,30.44870799931232,2976.89383299803,261914.60174577197
1791631064,10,,Aggregated,4.100000,0.000000,130,270,520,730,1400,1700,2100,2400,3000,3000,3000,1837,0,130.0,431.9977129314331,30.44870799931232,2976.89383299803,261484.00272182908
1791631065,10,,Aggregated,3.900000,0.000000,130,270,520,730,1400,1700,2100,2400,3000,3000,3000,1842,0,130.0,432.8593769842784,30.44870799931232,2976.89383299803,261979.9239956569
1791631066,10,,Aggregated,4.000000,0.000000,130,270,520,730,1400,1700,2100,2400,3000,3000,3000,1847,0,130.0,432.2063353589807,30.44870799931232,2976.89383299803,262477.1543042772
1791631067,10,,Aggregated,4.000000,0.000000,130,270,520,730,1400,1700,2100,2400,3000,3000,3000,1850,0,130.0,431.67049902704855,30.44870799931232,2976.89383299803,262078.42378378377
1791631068,10,,Aggregated,4.000000,0.000000,130,270,520,720,1400,1700,2100,2400,3000,3000,3000,1857,0,130.0,430.9402993134318,30.44870799931232,2976.89383299803,262767.26009693055
1791631069,10,,Aggregated,4.300000,0.000000,130,270,520,720,1400,1700,2100,2400,3000,3000,3000,1861,0,130.0,431.15064214618184,30.44870799931232,2976.89383299803,262363.7189682966
1791631070,10,,Aggregated,3.800000,0.000000,130,270,520,720,1400,1700,2100,2400,3000,3000,3000,1865,0,130.0,430.5104601169112,30.44870799931232,2976.89383299803,261872.74369973192
1791631071,10,,Aggregated,4.200000,0.000000,130,270,520,720,1400,1700,2100,2400,3000,3000,3000,1868,0,130.0,430.03541059584416,30.44870799931232,2976.89383299803,261747.07869379016
1791631072,10,,Aggregated,3.800000,0.000000,130,270,520,720,1400,1700,2100,2400,3000,3000,3000,1874,0,130.0,429.7020586280858,30.44870799931232,2976.89383299803,261240.70437566703
1791631073,10,,Aggregated,4.200000,0.000000,130,260,520,720,1400,1700,2100,2400,3000,3000,3000,1877,0,130.0,429.1674858343284,30.44870799931232,2976.89383299803,260875.87906233352
1791631074,10,,Aggregated,4.000000,0.000000,130,260,520,720,1400,1700,2100,2400,3000,3000,3000,1882,0,130.0,429.02585352233257,30.44870799931232,2976.89383299803,260371.12486716258
1791631075,10,,Aggregated,4.500000,0.000000,130,260,520,720,1400,1700,2100,2400,3000,3000,3000,1884,0,130.0,428.7744249798453,30.44870799931232,2976.89383299803,260154.32271762207
1791631076,10,,Aggregated,4.300000,0.000000,130,260,520,720,1400,1700,2100,2400,3000,3000,3000,1889,0,130.0,428.6237301233581,30.44870799931232,2976.89383299803,259668.9894123875
1791631077,10,,Aggregated,4.400000,0.000000,130,260,520,720,1400,1700,2100,2400,3000,3000,3000,1895,0,130.0,428.46665692349336,30.44870799931232,2976.89383299803,259992.59155672824
1791631078,10,,Aggregated,4.500000,0.000000,130,260,510,720,1400,1700,2100,2400,3000,3000,3000,1899,0,130.0,427.9339929763126,30.44870799931232,2976.89383299803,259607.5487098473
1791631079,10,,Aggregated,4.200000,0.000000,130,260,510,720,1400,1700,2100,2400,3000,3000,3000,1902,0,130.0,427.88674403891713,30.44870799931232,2976.89383299803,259388.4905362776
1791631080,10,,Aggregated,4.500000,0.000000,130,260,510,710,1400,1700,2100,2400,3000,3000,3000,1906,0,130.0,427.2003155797553,30.44870799931232,2976.89383299803,260122.4721930745
1791631081,10,,Aggregated,4.200000,0.000000,130,260,510,710,1400,1700,2100,2400,3000,3000,3000,1910,0,130.0,426.48809718272923,30.44870799931232,2976.89383299803,259655.31518324607
1791631082,10,,Aggregated,4.400000,0.000000,130,260,510,710,1400,1700,2100,2400,3000,3000,3000,1916,0,130.0,426.8591296946847,30.44870799931232,2976.89383299803,259267.61377870565
1791631083,10,,Aggregated,4.000000,0.000000,130,260,510,710,1400,1700,2100,2400,3000,3000,3000,1919,0,130.0,426.331751691513,30.44870799931232,2976.89383299803,258913.82647212088
1791631084,10,,Aggregated,4.100000,0.000000,130,260,510,710,1400,1700,2100,2400,3000,3000,3000,1922,0,130.0,426.1538259604639,30.44870799931232,2976.89383299803,258663.46149843914
1791631085,10,,Aggregated,4.000000,0.000000,130,260,510,710,1400,1700,2100,2400,3000,3000,3000,1928,0,130.0,425.82008598963193,30.44870799931232,2976.89383299803,258264.73392116182
1791631086,10,,Aggregated,4.200000,0.000000,130,260,510,710,1400,1700,2100,2400,3000,3000,3000,1931,0,130.0,425.9337143946191,30.44870799931232,2976.89383299803,257995.57793889177
1791631087,10,,Aggregated,4.200000,0.000000,130,260,510,710,1400,1700,2100,2400,3000,3000,3000,1933,0,130.0,425.58636182721705,30.44870799931232,2976.89383299803,257754.27935851007
1791631088,10,,Aggregated,4.000000,0.000000,130,260,510,710,1400,1700,2100,2400,3000,3000,3000,1941,0,130.0,424.7621034023746,30.44870799931232,2976.89383299803,256965.77794951055
1791631089,10,,Aggregated,4.100000,0.000000,130,260,510,710,1400,1700,2100,2400,3000,3000,3000,1944,0,130.0,424.6213617093681,30.44870799931232,2976.89383299803,257557.1568930041
1791631090,10,,Aggregated,3.800000,0.000000,130,260,510,710,1400,1700,2100,2400,3000,3000,3000,1948,0,130.0,423.96881658316704,30.44870799931232,2976.89383299803,257053.84702258726
1791631091,10,,Aggregated,4.100000,0.000000,130,260,510,700,1400,1700,2100,2400,3000,3000,3000,1951,0,130.0,423.4891219861664,30.44870799931232,2976.89383299803,256709.37365453615
1791631092,10,,Aggregated,3.900000,0.000000,130,260,510,710,1400,1700,2100,2400,3000,3000,3000,1954,0,130.0,424.2682071156643,30.44870799931232,2976.89383299803,256578.4350051177
1791631093,10,,Aggregated,4.200000,0.000000,130,260,510,710,1400,1700,2100,2400,3000,3000,3000,1959,0,130.0,424.0783866110306,30.44870799931232,2976.89383299803,257934.42572741196
1791631094,10,,Aggregated,4.300000,0.000000,130,260,510,710,1400,1700,2100,2400,3000,3000,3000,1960,0,130.0,425.1143415367386,30.44870799931232,2976.89383299803,257905.81632653062
1791631095,10,,Aggregated,4.000000,0.000000,130,260,510,720,1400,1700,2100,2400,3000,3000,3000,1963,0,130.0,426.4903537503859,30.44870799931232,2976.89383299803,257617.24554253693
1791631096,10,,Aggregated,3.900000,0.000000,130,260,520,730,1400,1700,2100,2400,3000,3000,3000,1970,0,130.0,428.9088331187861,30.44870799931232,2976.89383299803,257275.07563451777
1791631097,10,,Aggregated,3.500000,0.000000,130,260,520,730,1400,1700,2100,2500,3000,3000,3000,1973,0,130.0,429.8237779579354,30.44870799931232,2976.89383299803,257042.8839330968
1791631098,10,,Aggregated,3.600000,0.000000,130,260,520,730,1400,1700,2100,2500,3000,3000,3000,1978,0,130.0,429.28827424267274,30.44870799931232,2976.89383299803,256567.1976744186
1791631099,10,,Aggregated,3.900000,0.000000,130,260,520,730,1400,1700,2100,2500,3000,3000,3000,1982,0,130.0,429.40877013622975,30.44870799931232,2976.89383299803,257097.96619576187
1791631100,10,,Aggregated,3.900000,0.000000,130,260,520,730,1400,1700,2100,2500,3000,3000,3000,1983,0,130.0,429.2345113640973,30.44870799931232,2976.89383299803,256968.3908219869
1791631101,10,,Aggregated,3.700000,0.000000,130,260,520,720,1400,1700,2100,2500,3000,3000,3000,1990,0,130.0,428.31437045326925,30.44870799931232,2976.89383299803,256293.7542713568
1791631102,10,,Aggregated,3.700000,0.000000,130,260,520,720,1400,1700,2100,2500,3000,3000,3000,1990,0,130.0,428.31437045326925,30.44870799931232,2976.89383299803,256293.7542713568
1791631103,10,,Aggregated,3.500000,0.000000,130,260,520,730,1400,1700,2100,2500,3000,3000,3000,1993,0,130.0,429.15548109784703,30.44870799931232,2976.89383299803,256068.0948319117
1791631104,10,,Aggregated,3.700000,0.000000,130,260,520,730,1400,1700,2100,2500,3000,3000,3000,1999,0,130.0,430.0505475207623,30.44870799931232,2976.89383299803,257471.6948474237
1791631105,10,,Aggregated,3.400000,0.000000,130,260,520,730,1400,1700,2100,2400,2900,3000,3000,2002,0,130.0,430.51871061988487,30.44870799931232,2976.89383299803,257294.51398601398
1791631106,10,,Aggregated,3.400000,0.000000,130,260,520,730,1400,1700,2100,2400,2900,3000,3000,2005,0,130.0,430.2149581650918,30.44870799931232,2976.89383299803,257039.26334164588
1791631107,10,,Aggregated,3.900000,0.000000,130,260,520,730,1400,1700,2100,2400,2900,3000,3000,2011,0,130.0,430.3560006200939,30.44870799931232,2976.89383299803,256736.38189955245
1791631108,10,,Aggregated,3.800000,0.000000,130,270,520,730,1400,1700,2100,2400,2900,3000,3000,2013,0,130.0,431.06252593443054,30.44870799931232,2976.89383299803,256615.34128166916
1791631109,10,,Aggregated,3.500000,0.000000,130,270,520,730,1400,1700,2100,2400,2900,3000,3000,2016,0,130.0,430.8384187946443,30.44870799931232,2976.89383299803,256362.13194444444
1791631110,10,,Aggregated,3.800000,0.000000,130,260,520,730,1400,1700,2100,2500,2900,3000,3000,2022,0,130.0,431.123768092485,30.44870799931232,2976.89383299803,255830.07022749752
1791631111,10,,Aggregated,3.500000,0.000000,130,260,520,730,1400,1700,2100,2500,2900,3000,3000,2026,0,130.0,431.2223201915127,30.44870799931232,2976.89383299803,255444.77295162884
1791631112,10,,Aggregated,3.500000,0.000000,130,260,520,730,1400,1700,2100,2500,2900,3000,3000,2030,0,130.0,431.13749302118356,30.44870799931232,2976.89383299803,256039.6709359606
1791631113,10,,Aggregated,3.800000,0.000000,130,260,520,730,1400,1700,2100,2500,2900,3000,3000,2034,0,130.0,430.5012562885975,30.44870799931232,2976.89383299803,256504.61946902654
1791631114,10,,Aggregated,3.600000,0.000000,130,270,520,730,1400,1700,2100,2500,2900,3000,3000,2037,0,130.0,431.12343372558126,30.44870799931232,2976.89383299803,256329.21060382915
1791631115,10,,Aggregated,4.000000,0.000000,130,270,520,730,1400,1700,2100,2500,2900,3000,3000,2041,0,130.0,431.6002663919697,30.44870799931232,2976.89383299803,256890.51004409604
1791631116,10,,Aggregated,4.100000,0.000000,130,270,520,730,1400,1700,2100,2500,2900,3000,3000,2047,0,130.0,431.3056998851998,30.44870799931232,2976.89383299803,256497.55349291646
1791631117,10,,Aggregated,3.800000,0.000000,130,270,520,730,1400,1700,2100,2500,2900,3000,3000,2051,0,130.0,431.6870045694776,30.44870799931232,2976.89383299803,256198.52949780595
1791631118,10,,Aggregated,3.900000,0.000000,130,270,520,730,1400,1700,2100,2500,2900,3000,3000,2055,0,130.0,431.70421877420966,30.44870799931232,2976.89383299803,255995.39367396594
1791631119,10,,Aggregated,4.100000,0.000000,130,270,520,730,1400,1700,2100,2500,2900,3000,3000,2059,0,130.0,431.6702753351159,30.44870799931232,2976.89383299803,255620.00534239924
1791631120,10,,Aggregated,4.000000,0.000000,130,270,520,730,1400,1700,2100,2500,2900,3000,3000,2065,0,130.0,431.57818825569035,30.44870799931232,2976.89383299803,256942.90944309928
1791631121,10,,Aggregated,4.200000,0.000000,130,260,520,730,1400,1700,2100,2500,2900,3000,3000,2070,0,130.0,430.82286380724713,30.44870799931232,2976.89383299803,257321.2188405797
1791631122,10,,Aggregated,4.300000,0.000000,130,260,520,730,1400,1700,2100,2500,2900,3000,3000,2073,0,130.0,430.3454027563923,30.44870799931232,2976.89383299803,258100.32561505065
1791631123,10,,Aggregated,4.300000,0.000000,130,260,520,730,1400,1700,2100,2500,2900,3000,3000,2076,0,130.0,430.3415756252407,30.44870799931232,2976.89383299803,257955.76878612716
1791631125,10,,Aggregated,4.400000,0.000000,130,260,520,720,1400,1700,2100,2500,2900,3000,3000,2081,0,130.0,429.9577578481523,30.44870799931232,2976.89383299803,258484.84190293128
1791631126,10,,Aggregated,4.300000,0.000000,130,260,520,730,1400,1700,2100,2500,2900,3000,3000,2084,0,130.0,429.91200273848517,30.44870799931232,2976.89383299803,258309.81285988484
1791631127,10,,Aggregated,4.200000,0.000000,130,260,520,720,1400,1700,2100,2500,2900,3000,3000,2090,0,130.0,428.9440813789504,30.44870799931232,2976.89383299803,257862.25358851676
1791631128,10,,Aggregated,4.400000,0.000000,130,260,520,730,1400,1700,2100,2500,2900,3000,3000,2095,0,130.0,429.6034044143192,30.44870799931232,2976.89383299803,257442.15178997614
1791631129,10,,Aggregated,4.300000,0.000000,130,260,520,720,1400,1700,2100,2500,2900,3000,3000,2097,0,130.0,429.2766925560308,30.44870799931232,2976.89383299803,257243.77300906056
1791631130,10,,Aggregated,4.300000,0.000000,130,260,520,730,1400,1700,2100,2400,2900,3000,3000,2103,0,130.0,429.4761055040429,30.44870799931232,2976.89383299803,256794.46219686163
1791631131,10,,Aggregated,4.400000,0.000000,130,260,520,730,1400,1700,2100,2400,2900,3000,3000,2105,0,130.0,429.2212346394307,30.44870799931232,2976.89383299803,256573.98004750593
1791631132,10,,Aggregated,4.200000,0.000000,130,260,520,730,1400,1700,2100,2400,2900,3000,3000,2109,0,130.0,429.0815814566147,30.44870799931232,2976.89383299803,256678.19582740637
1791631133,10,,Aggregated,4.300000,0.000000,130,260,520,720,1400,1700,2100,2400,2900,3000,3000,2114,0,130.0,428.4245469687798,30.44870799931232,2976.89383299803,256187.38268684957
1791631134,10,,Aggregated,4.000000,0.000000,130,260,520,720,1400,1700,2100,2400,2900,3000,3000,2117,0,130.0,428.4758802158705,30.44870799931232,2976.89383299803,256854.18611242325
1791631135,10,,Aggregated,3.900000,0.000000,130,260,520,720,1400,1700,2100,2400,2900,3000,3000,2123,0,130.0,427.605238694767,30.44870799931232,2976.89383299803,258006.72114931702
1791631136,10,,Aggregated,4.100000,0.000000,130,260,520,720,1400,1700,2100,2400,2900,3000,3000,2125,0,130.0,427.7509124503484,30.44870799931232,2976.89383299803,257934.27952941175
1791631137,10,,Aggregated,4.100000,0.000000,130,260,520,720,1400,1700,2100,2400,2900,3000,3000,2131,0,130.0,426.97287378741936,30.44870799931232,2976.89383299803,257329.97419052088
1791631138,10,,Aggregated,4.200000,0.000000,130,260,520,720,1400,1700,2100,2400,2900,3000,3000,2134,0,130.0,426.8908840009318,30.44870799931232,2976.89383299803,257137.5909090909
1791631139,10,,Aggregated,4.100000,0.000000,130,260,520,720,1400,1700,2100,2400,2900,3000,3000,2139,0,130.0,426.8996451617505,30.44870799931232,2976.89383299803,256754.26273959794
1791631140,10,,Aggregated,4.100000,0.000000,130,260,520,720,1400,1700,2100,2400,2900,3000,3000,2142,0,130.0,427.3669816377151,30.44870799931232,2976.89383299803,257364.8267973856
1791631141,10,,Aggregated,3.900000,0.000000,130,260,520,720,1400,1700,2100,2400,2900,3000,3000,2147,0,130.0,426.9555663535114,30.44870799931232,2976.89383299803,256979.75780158362
1791631142,10,,Aggregated,4.200000,0.000000,130,260,520,720,1400,1700,2100,2400,2900,3000,3000,2153,0,130.0,426.7186905489966,30.44870799931232,2976.89383299803,257484.67162099396
1791631143,10,,Aggregated,4.200000,0.000000,130,260,520,720,1400,1700,2100,2400,2900,3000,3000,2156,0,130.0,426.2697450148372,30.44870799931232,2976.89383299803,257194.79406307978
1791631144,10,,Aggregated,4.400000,0.000000,130,260,520,720,1400,1700,2100,2400,2900,3000,3000,2161,0,130.0,425.80657884219795,30.44870799931232,2976.89383299803,256817.56362795003
1791631145,10,,Aggregated,4.100000,0.000000,130,260,520,720,1400,1700,2100,2400,2900,3000,3000,2164,0,130.0,426.13939625877606,30.44870799931232,2976.89383299803,256654.4847504621
1791631146,10,,Aggregated,4.100000,0.000000,130,260,520,720,1400,1700,2100,2400,2900,3000,3000,2169,0,130.0,425.97082269340234,30.44870799931232,2976.89383299803,256226.31904103272
1791631147,10,,Aggregated,4.000000,0.000000,130,260,520,720,1400,1700,2100,2400,2900,3000,3000,2174,0,130.0,425.4955727943826,30.44870799931232,2976.89383299803,257449.0625574977
1791631148,10,,Aggregated,4.000000,0.000000,130,260,520,720,1400,1700,2100,2400,2900,3000,3000,2177,0,130.0,425.0535793155647,30.44870799931232,2976.89383299803,257139.3729903537
1791631149,10,,Aggregated,4.400000,0.000000,130,260,520,710,1400,1700,2100,2400,2900,3000,3000,2184,0,130.0,423.98308177059647,30.44870799931232,2976.89383299803,256810.14835164836
1791631150,10,,Aggregated,4.300000,0.000000,130,260,510,710,1400,1700,2100,2400,2900,3000,3000,2188,0,130.0,423.3909196581255,30.44870799931232,2976.89383299803,256598.84186471664
1791631151,10,,Aggregated,4.300000,0.000000,130,260,510,710,1400,1700,2100,2400,2900,3000,3000,2193,0,130.0,422.57843830960996,30.44870799931232,2976.89383299803,256293.8869129047
1791631152,10,,Aggregated,4.500000,0.000000,130,260,510,710,1400,1700,2100,2400,2900,3000,3000,2195,0,130.0,422.7110199904229,30.44870799931232,2976.89383299803,256224.95535307517
1791631153,10,,Aggregated,4.600000,0.000000,130,260,510,710,1400,1700,2100,2400,2900,3000,3000,2200,0,130.0,422.75534786135336,30.44870799931232,2976.89383299803,256020.69954545455
1791631154,10,,Aggregated,4.200000,0.000000,130,260,510,710,1400,1600,2100,2400,2900,3000,3000,2204,0,130.0,422.6888874033457,30.44870799931232,2976.89383299803,255815.57032667878
1791631155,10,,Aggregated,4.300000,0.000000,130,260,510,710,1400,1600,2100,2400,2900,3000,3000,2207,0,130.0,422.8056340258149,30.44870799931232,2976.89383299803,255583.69460806524
1791631156,10,,Aggregated,4.300000,0.000000,130,260,510,710,1400,1600,2100,2400,2900,3000,3000,2211,0,130.0,422.6560791325045,30.44870799931232,2976.89383299803,255496.13387607416
1791631157,10,,Aggregated,4.300000,0.000000,130,260,510,720,1400,1600,2100,2400,2900,3000,3000,2214,0,130.0,423.4087299209425,30.44870799931232,2976.89383299803,255292.45483288166
1791631158,10,,Aggregated,4.200000,0.000000,130,260,510,710,1400,1600,2100,2400,2900,3000,3000,2217,0,130.0,423.3328506815376,30.44870799931232,2976.89383299803,255347.41768155165
1791631159,10,,Aggregated,4.100000,0.000000,130,260,520,720,1400,1600,2100,2400,2900,3000,3000,2223,0,130.0,424.69822837020786,30.44870799931232,2976.89383299803,254910.342780027
1791631160,10,,Aggregated,4.000000,0.000000,130,260,520,720,1400,1600,2100,2400,2900,3000,3000,2225,0,130.0,424.3989085393133,30.44870799931232,2976.89383299803,254913.11370786518
1791631161,10,,Aggregated,4.000000,0.000000,130,260,520,720,1400,1600,2100,2400,2900,3000,3000,2228,0,130.0,424.6104986346394,30.44870799931232,2976.89383299803,255711.9712746858
1791631162,10,,Aggregated,3.800000,0.000000,130,260,520,720,1400,1600,2100,2400,2900,3000,3000,2231,0,130.0,425.14472037919114,30.44870799931232,2976.89383299803,256315.43567906768
1791631163,10,,Aggregated,3.800000,0.000000,130,260,520,720,1400,1600,2100,2400,2900,3000,3000,2236,0,130.0,425.1837155630477,30.44870799931232,2976.89383299803,256682.59525939176
1791631164,10,,Aggregated,3.500000,0.000000,130,260,520,720,1400,1600,2100,2400,2900,3000,3000,2239,0,130.0,426.0605658400966,30.44870799931232,2976.89383299803,256518.8990620813
1791631165,10,,Aggregated,3.800000,0.000000,130,260,520,720,1400,1600,2100,2400,2900,3000,3000,2245,0,130.0,426.71921644364215,30.44870799931232,2976.89383299803,256944.9692650334
1791631166,10,,Aggregated,3.800000,0.000000,130,260,520,720,1400,1600,2100,2400,2900,3000,3000,2248,0,130.0,426.7181056490112,30.44870799931232,2976.89383299803,258310.54048042704
1791631167,10,,Aggregated,3.800000,0.000000,130,260,520,720,1400,1600,2100,2400,2900,3000,3000,2253,0,130.0,425.9930200279502,30.44870799931232,2976.89383299803,258010.2210386152
1791631168,10,,Aggregated,3.800000,0.000000,130,260,520,720,1400,1600,2100,2400,2900,3000,3000,2253,0,130.0,425.9930200279502,30.44870799931232,2976.89383299803,258010.2210386152
1791631169,10,,Aggregated,3.800000,0.000000,130,270,520,730,1400,1600,2100,2400,2900,3000,3000,2259,0,130.0,427.6944766843606,30.44870799931232,2976.89383299803,257694.08587870738
1791631170,10,,Aggregated,3.600000,0.000000,130,270,520,730,1400,1700,2100,2400,2900,3000,3000,2264,0,130.0,428.87754046862443,30.44870799931232,2976.89383299803,258151.12323321553
1791631171,10,,Aggregated,3.700000,0.000000,130,270,520,730,1400,1700,2100,2400,2900,3000,3000,2268,0,130.0,429.0051063328766,30.44870799931232,2976.89383299803,257942.22310405644
1791631172,10,,Aggregated,3.700000,0.000000,130,270,520,730,1400,1700,2100,2400,2900,3000,3000,2271,0,130.0,428.5972335415946,30.44870799931232,2976.89383299803,257601.6913254073
1791631173,10,,Aggregated,3.900000,0.000000,130,260,520,730,1400,1700,2100,2400,2900,3000,3000,2275,0,130.0,428.0606498892128,30.44870799931232,2976.89383299803,257213.59032967032
1791631174,10,,Aggregated,4.100000,0.000000,130,270,520,730,1400,1700,2100,2400,2900,3000,3000,2280,0,130.0,428.2450951929653,30.44870799931232,2976.89383299803,256873.4745614035
1791631175,10,,Aggregated,4.100000,0.000000,130,260,520,730,1400,1600,2100,2400,2900,3000,3000,2283,0,130.0,427.8236745321769,30.44870799931232,2976.89383299803,256557.39159001314
1791631176,10,,Aggregated,3.800000,0.000000,130,260,520,720,1400,1600,2100,2400,2900,3000,3000,2287,0,130.0,427.5332489243387,30.44870799931232,2976.89383299803,258649.13379973764
1791631177,10,,Aggregated,4.000000,0.000000,130,260,520,730,1400,1600,2100,2400,2900,3000,3000,2290,0,130.0,427.6860320589351,30.44870799931232,2976.89383299803,258398.38995633187
1791631178,10,,Aggregated,3.700000,0.000000,130,260,520,720,1400,1600,2100,2400,2900,3000,3000,2298,0,130.0,427.3829694294857,30.44870799931232,2976.89383299803,258117.71148825064
1791631179,10,,Aggregated,3.700000,0.000000,130,260,520,720,1400,1600,2100,2400,2900,3000,3000,2300,0,130.0,427.09921978215567,30.44870799931232,2976.89383299803,257935.93695652173
1791631180,10,,Aggregated,3.700000,0.000000,130,260,520,720,1400,1600,2100,2400,2900,3000,3000,2304,0,130.0,426.4931163910418,30.44870799931232,2976.89383299803,257552.49609375
1791631181,10,,Aggregated,4.200000,0.000000,130,260,520,720,1400,1600,2100,2400,2900,3000,3000,2308,0,130.0,425.90333999391976,30.44870799931232,2976.89383299803,257169.81629116117
1791631182,10,,Aggregated,4.200000,0.000000,130,260,520,720,1400,1600,2100,2400,2900,3000,3000,2312,0,130.0,426.98298471625014,30.44870799931232,2976.89383299803,256941.9186851211
1791631183,10,,Aggregated,4.000000,0.000000,130,260,520,720,1400,1700,2100,2400,2900,3000,3000,2318,0,130.0,427.8688876893756,30.44870799931232,2976.89383299803,256671.89344262294
1791631184,10,,Aggregated,4.200000,0.000000,130,270,520,730,1400,1600,2100,2400,2900,3000,3000,2322,0,130.0,428.24703260291824,30.44870799931232,2976.89383299803,257347.24547803617
1791631185,10,,Aggregated,4.200000,0.000000,130,260,520,730,1400,1600,2100,2400,2900,3000,3000,2324,0,130.0,428.0701484849301,30.44870799931232,2976.89383299803,257967.3308950086
1791631186,10,,Aggregated,4.400000,0.000000,130,260,520,720,1400,1600,2100,2400,2900,3000,3000,2329,0,130.0,427.34112211763596,30.44870799931232,2976.89383299803,258301.4306569343
1791631187,10,,Aggregated,4.100000,0.000000,130,260,520,720,1400,1600,2100,2400,2900,3000,3000,2333,0,130.0,427.08031984696566,30.44870799931232,2976.89383299803,259725.61294470637
1791631188,10,,Aggregated,4.200000,0.000000,130,260,520,720,1400,1600,2100,2400,2900,3000,3000,2337,0,130.0,426.5215914959254,30.44870799931232,2976.89383299803,259544.10611895594
1791631189,10,,Aggregated,4.200000,0.000000,130,260,520,720,1400,1600,2100,2400,2900,3000,3000,2339,0,130.0,426.6855772915674,30.44870799931232,2976.89383299803,259476.95126122274
1791631190,10,,Aggregated,3.900000,0.000000,130,260,520,730,1400,1600,2100,2400,2900,3000,3000,2345,0,130.0,427.9375208038269,30.44870799931232,2976.89383299803,259317.46567164178
1791631191,10,,Aggregated,3.900000,0.000000,130,260,520,730,1400,1600,2100,2400,2900,3000,3000,2349,0,130.0,427.8574268454547,30.44870799931232,2976.89383299803,259029.8207747978
1791631192,10,,Aggregated,3.900000,0.000000,130,260,520,730,1400,1600,2100,2400,2900,3000,3000,2354,0,130.0,427.7375636830804,30.44870799931232,2976.89383299803,258743.5968564146
1791631193,10,,Aggregated,4.000000,0.000000,130,260,520,720,1400,1600,2100,2400,2900,3000,3000,2359,0,130.0,427.1230576659465,30.44870799931232,2976.89383299803,258449.739296312
1791631194,10,,Aggregated,4.000000,0.000000,130,260,520,720,1400,1600,2100,2400,2900,3000,3000,2361,0,130.0,426.8304640834252,30.44870799931232,2976.89383299803,258251.48919949174
1791631195,10,,Aggregated,4.200000,0.000000,130,260,520,720,1400,1600,2100,2400,2900,3000,3000,2364,0,130.0,426.7870662330658,30.44870799931232,2976.89383299803,258054.60956006768
1791631196,10,,Aggregated,4.000000,0.000000,130,270,520,730,1400,1600,2100,2400,2900,3000,3000,2370,0,130.0,427.7836478168609,30.44870799931232,2976.89383299803,258648.2270042194
1791631197,10,,Aggregated,3.800000,0.000000,130,270,520,730,1400,1600,2100,2400,2900,3000,3000,2373,0,130.0,428.2307490134673,30.44870799931232,2976.89383299803,259283.02275600506
1791631198,10,,Aggregated,3.900000,0.000000,130,270,520,730,1400,1600,2100,2400,2900,3000,3000,2378,0,130.0,427.8404697009904,30.44870799931232,2976.89383299803,258868.00756938604
1791631199,10,,Aggregated,4.100000,0.000000,130,270,520,730,1400,1600,2100,2400,2900,3000,3000,2382,0,130.0,428.4677951267644,30.44870799931232,2976.89383299803,258586.47816960537
1791631200,10,,Aggregated,4.100000,0.000000,130,270,520,730,1400,1600,2100,2400,2900,3000,3000,2386,0,130.0,428.04671458212596,30.44870799931232,2976.89383299803,259025.56202849958
1791631201,10,,Aggregated,4.100000,0.000000,130,270,520,720,1400,1600,2100,2400,2900,3000,3000,2391,0,130.0,427.3523023985583,30.44870799931232,2976.89383299803,258741.0539523212
1791631202,10,,Aggregated,4.100000,0.000000,130,270,520,720,1400,1600,2100,2400,2900,3000,3000,2395,0,130.0,426.8837730484143,30.44870799931232,2976.89383299803,258539.2597077244
1791631203,10,,Aggregated,4.200000,0.000000,130,270,520,720,1400,1600,2100,2400,2900,3000,3000,2397,0,130.0,426.58812487524096,30.44870799931232,2976.89383299803,258343.9115561118
1791631204,10,,Aggregated,4.200000,0.000000,130,270,520,730,1400,1600,2100,2400,2900,3000,3000,2399,0,130.0,427.40420360606447,30.44870799931232,2976.89383299803,258260.0
1791631205,10,,Aggregated,4.000000,0.000000,130,270,520,730,1400,1600,2100,2400,2900,3000,3000,2405,0,130.0,429.33599829935525,30.44870799931232,2976.89383299803,257937.6029106029
1791631206,10,,Aggregated,4.000000,0.000000,130,270,530,730,1400,1600,2100,2400,2900,3000,3000,2406,0,130.0,430.1969155207604,30.44870799931232,2976.89383299803,257895.93807148794
1791631207,10,,Aggregated,3.800000,0.000000,130,270,530,730,1400,1700,2100,2400,2900,3000,3000,2412,0,130.0,430.333726296412,30.44870799931232,2976.89383299803,257442.37396351577
1791631208,10,,Aggregated,4.000000,0.000000,130,270,530,740,1400,1700,2100,2400,2900,3000,3000,2417,0,130.0,430.52450754859234,30.44870799931232,2976.89383299803,257124.91973520894
1791631209,10,,Aggregated,3.800000,0.000000,130,270,530,740,1400,1700,2100,2400,2900,3000,3000,2423,0,130.0,430.40288884067195,30.44870799931232,2976.89383299803,256784.73338836152
1791631210,10,,Aggregated,4.000000,0.000000,130,270,530,730,1400,1700,2100,2400,2900,3000,3000,2427,0,130.0,429.83312645733315,30.44870799931232,2976.89383299803,256402.02760609807
1791631211,10,,Aggregated,4.000000,0.000000,130,270,520,730,1400,1700,2100,2400,2900,3000,3000,2430,0,130.0,429.48778369174744,30.44870799931232,2976.89383299803,256312.50576131686
1791631212,10,,Aggregated,4.000000,0.000000,130,270,520,730,1400,1700,2100,2400,2900,3000,3000,2434,0,130.0,429.0177213759027,30.44870799931232,2976.89383299803,256129.20912078882
1791631213,10,,Aggregated,4.000000,0.000000,130,270,520,730,1400,1700,2100,2400,2900,3000,3000,2437,0,130.0,429.23566866472976,30.44870799931232,2976.89383299803,256048.87320475996
1791631214,10,,Aggregated,4.000000,0.000000,130,270,520,730,1400,1700,2100,2400,2900,3000,3000,2439,0,130.0,429.56863266787565,30.44870799931232,2976.89383299803,256094.8987289873
1791631215,10,,Aggregated,4.000000,0.000000,130,270,530,740,1400,1600,2100,2400,2900,3000,3000,2444,0,130.0,430.4405733060336,30.44870799931232,2976.89383299803,255754.71726677578
1791631216,10,,Aggregated,4.100000,0.000000,130,270,530,740,1400,1600,2100,2400,2900,3000,3000,2448,0,130.0,430.64676426100675,30.44870799931232,2976.89383299803,255467.2871732026
1791631217,10,,Aggregated,4.300000,0.000000,130,270,530,740,1400,1600,2100,2400,2900,3000,3000,2455,0,130.0,430.33830773724895,30.44870799931232,2976.89383299803,255222.26802443992
1791631218,10,,Aggregated,3.800000,0.000000,130,270,520,730,1400,1600,2100,2400,2900,3000,3000,2457,0,130.0,430.0527085009952,30.44870799931232,2976.89383299803,255054.40496540497
1791631219,10,,Aggregated,4.200000,0.000000,130,270,530,730,1400,1600,2100,2400,2900,3000,3000,2464,0,130.0,429.79515416840525,30.44870799931232,2976.89383299803,255382.79545454544
1791631220,10,,Aggregated,4.100000,0.000000,130,270,530,730,1400,1600,2100,2400,2900,3000,3000,2468,0,130.0,429.70208339868486,30.44870799931232,2976.89383299803,255877.7418962723
1791631221,10,,Aggregated,4.100000,0.000000,130,270,530,730,1400,1600,2100,2400,2900,3000,3000,2471,0,130.0,429.50435757910105,30.44870799931232,2976.89383299803,255841.20760825576
1791631222,10,,Aggregated,4.100000,0.000000,130,270,530,730,1400,1600,2100,2400,2900,3000,3000,2475,0,130.0,429.1715079272562,30.44870799931232,2976.89383299803,256223.37616161615
1791631223,10,,Aggregated,3.900000,0.000000,130,270,530,730,1400,1600,2100,2400,2900,3000,3000,2480,0,130.0,429.32080787780325,30.44870799931232,2976.89383299803,256104.29072580647
1791631224,10,,Aggregated,3.900000,0.000000,130,270,530,730,1400,1600,2100,2400,2900,3000,3000,2484,0,130.0,428.77354594200887,30.44870799931232,2976.89383299803,255919.26570048308
1791631225,10,,Aggregated,4.100000,0.000000,130,270,520,730,1400,1600,2100,2400,2900,3000,3000,2490,0,130.0,428.51002377628396,30.44870799931232,2976.89383299803,255571.14939759037
