timestamp,role,pid,ppid,cpu_pct,mem_pct,rss_kb,state,command,pg_total_connections,pg_active_connections,pg_idle_in_txn,pg_waiting_connections,pg_oldest_active_seconds,pg_locks_not_granted,pg_database_conflicts,pg_deadlocks,pg_blks_read,pg_blks_hit,pg_temp_bytes
2026-10-10T11:30:00.109050+00:00,app,65349,2547,0.0,0.1,23120,Ss,/opt/homebrew/Cellar/python@3.12/3.12.12_2/Frameworks/Python.framework/Versions/3.12/Resources/Python.app/Contents/MacOS/Python venv/bin/gunicorn FA.wsgi:application --bind 127.0.0,3,1,0,2,0.0,0,0,0,356734779,34517138708,545417975267
2026-10-10T11:30:00.109050+00:00,app,65356,65349,0.0,1.1,289024,S,/opt/homebrew/Cellar/python@3.12/3.12.12_2/Frameworks/Python.framework/Versions/3.12/Resources/Python.app/Contents/MacOS/Python venv/bin/gunicorn FA.wsgi:application --bind 127.0.0,3,1,0,2,0.0,0,0,0,356734779,34517138708,545417975267
2026-10-10T11:30:00.109050+00:00,app,65357,65349,54.4,1.1,286400,R,/opt/homebrew/Cellar/python@3.12/3.12.12_2/Frameworks/Python.framework/Versions/3.12/Resources/Python.app/Contents/MacOS/Python venv/bin/gunicorn FA.wsgi:application --bind 127.0.0,3,1,0,2,0.0,0,0,0,356734779,34517138708,545417975267
2026-10-10T11:30:00.109050+00:00,app,65358,65349,50.7,1.1,288464,R,/opt/homebrew/Cellar/python@3.12/3.12.12_2/Frameworks/Python.framework/Versions/3.12/Resources/Python.app/Contents/MacOS/Python venv/bin/gunicorn FA.wsgi:application --bind 127.0.0,3,1,0,2,0.0,0,0,0,356734779,34517138708,545417975267
2026-10-10T11:30:00.109050+00:00,loadgen,66574,66565,8.6,0.3,68336,S,/opt/homebrew/Cellar/python@3.12/3.12.12_2/Frameworks/Python.framework/Versions/3.12/Resources/Python.app/Contents/MacOS/Python venv/bin/locust -f perf/locust/locustfile.py --headl,3,1,0,2,0.0,0,0,0,356734779,34517138708,545417975267
2026-10-10T11:30:02.219283+00:00,app,65349,2547,0.0,0.1,12688,Ss,/opt/homebrew/Cellar/python@3.12/3.12.12_2/Frameworks/Python.framework/Versions/3.12/Resources/Python.app/Contents/MacOS/Python venv/bin/gunicorn FA.wsgi:application --bind 127.0.0,4,1,0,3,0.0,0,0,0,356735113,34517286998,545417975267
2026-10-10T11:30:02.219283+00:00,app,65356,65349,18.5,1.1,284160,R,/opt/homebrew/Cellar/python@3.12/3.12.12_2/Frameworks/Python.framework/Versions/3.12/Resources/Python.app/Contents/MacOS/Python venv/bin/gunicorn FA.wsgi:application --bind 127.0.0,4,1,0,3,0.0,0,0,0,356735113,34517286998,545417975267
2026-10-10T11:30:02.219283+00:00,app,65357,65349,47.2,1.1,282304,R,/opt/homebrew/Cellar/python@3.12/3.12.12_2/Frameworks/Python.framework/Versions/3.12/Resources/Python.app/Contents/MacOS/Python venv/bin/gunicorn FA.wsgi:application --bind 127.0.0,4,1,0,3,0.0,0,0,0,356735113,34517286998,545417975267
2026-10-10T11:30:02.219283+00:00,app,65358,65349,48.6,1.1,279280,R,/opt/homebrew/Cellar/python@3.12/3.12.12_2/Frameworks/Python.framework/Versions/3.12/Resources/Python.app/Contents/MacOS/Python venv/bin/gunicorn FA.wsgi:application --bind 127.0.0,4,1,0,3,0.0,0,0,0,356735113,34517286998,545417975267
2026-10-10T11:30:02.219283+00:00,loadgen,66574,66565,0.5,0.3,69856,S,/opt/homebrew/Cellar/python@3.12/3.12.12_2/Frameworks/Python.framework/Versions/3.12/Resources/Python.app/Contents/MacOS/Python venv/bin/locust -f perf/locust/locustfile.py --headl,4,1,0,3,0.0,0,0,0,356735113,34517286998,545417975267
2026-10-10T11:30:04.299671+00:00,app,65349,2547,0.0,0.1,12688,Ss,/opt/homebrew/Cellar/python@3.12/3.12.12_2/Frameworks/Python.framework/Versions/3.12/Resources/Python.app/Contents/MacOS/Python venv/bin/gunicorn FA.wsgi:application --bind 127.0.0,4,1,0,3,0.0,0,0,0,356749991,34517530108,545417975267
2026-10-10T11:30:04.299671+00:00,app,65356,65349,81.6,1.2,290528,R,/opt/homebrew/Cellar/python@3.12/3.12.12_2/Frameworks/Python.framework/Versions/3.12/Resources/Python.app/Contents/MacOS/Python venv/bin/gunicorn FA.wsgi:application --bind 127.0.0,4,1,0,3,0.0,0,0,0,356749991,34517530108,545417975267
2026-10-10T11:30:04.299671+00:00,app,65357,65349,78.6,1.1,278256,R,/opt/homebrew/Cellar/python@3.12/3.12.12_2/Frameworks/Python.framework/Versions/3.12/Resources/Python.app/Contents/MacOS/Python venv/bin/gunicorn FA.wsgi:application --bind 127.0.0,4,1,0,3,0.0,0,0,0,356749991,34517530108,545417975267
2026-10-10T11:30:04.299671+00:00,app,65358,65349,79.0,1.1,279264,R,/opt/homebrew/Cellar/python@3.12/3.12.12_2/Frameworks/Python.framework/Versions/3.12/Resources/Python.app/Contents/MacOS/Python venv/bin/gunicorn FA.wsgi:application --bind 127.0.0,4,1,0,3,0.0,0,0,0,356749991,34517530108,545417975267
2026-10-10T11:30:04.299671+00:00,loadgen,66574,66565,0.8,0.3,82144,S,/opt/homebrew/Cellar/python@3.12/3.12.12_2/Frameworks/Python.framework/Versions/3.12/Resources/Python.app/Contents/MacOS/Python venv/bin/locust -f perf/locust/locustfile.py --headl,4,1,0,3,0.0,0,0,0,356749991,34517530108,545417975267
2026-10-10T11:30:06.371815+00:00,app,65349,2547,0.0,0.1,12688,Ss,/opt/homebrew/Cellar/python@3.12/3.12.12_2/Frameworks/Python.framework/Versions/3.12/Resources/Python.app/Contents/MacOS/Python venv/bin/gunicorn FA.wsgi:application --bind 127.0.0,6,4,0,3,0.051,0,0,0,356778110,34517708060,545417975267
2026-10-10T11:30:06.371815+00:00,app,65356,65349,13.0,1.1,287472,S,/opt/homebrew/Cellar/python@3.12/3.12.12_2/Frameworks/Python.framework/Versions/3.12/Resources/Python.app/Contents/MacOS/Python venv/bin/gunicorn FA.wsgi:application --bind 127.0.0,6,4,0,3,0.051,0,0,0,356778110,34517708060,545417975267
2026-10-10T11:30:06.371815+00:00,app,65357,65349,9.3,1.1,278256,S,/opt/homebrew/Cellar/python@3.12/3.12.12_2/Frameworks/Python.framework/Versions/3.12/Resources/Python.app/Contents/MacOS/Python venv/bin/gunicorn FA.wsgi:application --bind 127.0.0,6,4,0,3,0.051,0,0,0,356778110,34517708060,545417975267
2026-10-10T11:30:06.371815+00:00,app,65358,65349,96.9,1.1,288480,R,/opt/homebrew/Cellar/python@3.12/3.12.12_2/Frameworks/Python.framework/Versions/3.12/Resources/Python.app/Contents/MacOS/Python venv/bin/gunicorn FA.wsgi:application --bind 127.0.0,6,4,0,3,0.051,0,0,0,356778110,34517708060,545417975267
2026-10-10T11:30:06.371815+00:00,loadgen,66574,66565,1.1,0.3,83936,S,/opt/homebrew/Cellar/python@3.12/3.12.12_2/Frameworks/Python.framework/Versions/3.12/Resources/Python.app/Contents/MacOS/Python venv/bin/locust -f perf/locust/locustfile.py --headl,6,4,0,3,0.051,0,0,0,356778110,34517708060,545417975267
2026-10-10T11:30:08.454918+00:00,app,65349,2547,0.0,0.1,12688,Ss,/opt/homebrew/Cellar/python@3.12/3.12.12_2/Frameworks/Python.framework/Versions/3.12/Resources/Python.app/Contents/MacOS/Python venv/bin/gunicorn FA.wsgi:application --bind 127.0.0,4,2,0,3,0.031,0,0,0,356787154,34518038616,545417975267
2026-10-10T11:30:08.454918+00:00,app,65356,65349,48.9,1.1,287344,S,/opt/homebrew/Cellar/python@3.12/3.12.12_2/Frameworks/Python.framework/Versions/3.12/Resources/Python.app/Contents/MacOS/Python venv/bin/gunicorn FA.wsgi:application --bind 127.0.0,4,2,0,3,0.031,0,0,0,356787154,34518038616,545417975267
2026-10-10T11:30:08.454918+00:00,app,65357,65349,94.5,1.1,278384,R,/opt/homebrew/Cellar/python@3.12/3.12.12_2/Frameworks/Python.framework/Versions/3.12/Resources/Python.app/Contents/MacOS/Python venv/bin/gunicorn FA.wsgi:application --bind 127.0.0,4,2,0,3,0.031,0,0,0,356787154,34518038616,545417975267
2026-10-10T11:30:08.454918+00:00,app,65358,65349,97.9,1.2,292080,S,/opt/homebrew/Cellar/python@3.12/3.12.12_2/Frameworks/Python.framework/Versions/3.12/Resources/Python.app/Contents/MacOS/Python venv/bin/gunicorn FA.wsgi:application --bind 127.0.0,4,2,0,3,0.031,0,0,0,356787154,34518038616,545417975267
2026-10-10T11:30:08.454918+00:00,loadgen,66574,66565,1.4,0.3,84528,R,/opt/homebrew/Cellar/python@3.12/3.12.12_2/Frameworks/Python.framework/Versions/3.12/Resources/Python.app/Contents/MacOS/Python venv/bin/locust -f perf/locust/locustfile.py --headl,4,2,0,3,0.031,0,0,0,356787154,34518038616,545417975267
2026-10-10T11:30:10.535275+00:00,app,65349,2547,0.0,0.1,12688,Ss,/opt/homebrew/Cellar/python@3.12/3.12.12_2/Frameworks/Python.framework/Versions/3.12/Resources/Python.app/Contents/MacOS/Python venv/bin/gunicorn FA.wsgi:application --bind 127.0.0,1,1,0,0,0.0,0,0,0,356790051,34518179321,545417975267
2026-10-10T11:30:10.535275+00:00,app,65356,65349,0.1,1.1,287344,S,/opt/homebrew/Cellar/python@3.12/3.12.12_2/Frameworks/Python.framework/Versions/3.12/Resources/Python.app/Contents/MacOS/Python venv/bin/gunicorn FA.wsgi:application --bind 127.0.0,1,1,0,0,0.0,0,0,0,356790051,34518179321,545417975267
2026-10-10T11:30:10.535275+00:00,app,65357,65349,3.1,1.1,278224,S,/opt/homebrew/Cellar/python@3.12/3.12.12_2/Frameworks/Python.framework/Versions/3.12/Resources/Python.app/Contents/MacOS/Python venv/bin/gunicorn FA.wsgi:application --bind 127.0.0,1,1,0,0,0.0,0,0,0,356790051,34518179321,545417975267
2026-10-10T11:30:10.535275+00:00,app,65358,65349,0.8,1.2,292080,S,/opt/homebrew/Cellar/python@3.12/3.12.12_2/Frameworks/Python.framework/Versions/3.12/Resources/Python.app/Contents/MacOS/Python venv/bin/gunicorn FA.wsgi:application --bind 127.0.0,1,1,0,0,0.0,0,0,0,356790051,34518179321,545417975267
2026-10-10T11:30:10.535275+00:00,loadgen,66574,66565,0.5,0.3,84992,S,/opt/homebrew/Cellar/python@3.12/3.12.12_2/Frameworks/Python.framework/Versions/3.12/Resources/Python.app/Contents/MacOS/Python venv/bin/locust -f perf/locust/locustfile.py --headl,1,1,0,0,0.0,0,0,0,356790051,34518179321,545417975267
2026-10-10T11:30:12.631771+00:00,app,65349,2547,0.0,0.1,12688,Ss,/opt/homebrew/Cellar/python@3.12/3.12.12_2/Frameworks/Python.framework/Versions/3.12/Resources/Python.app/Contents/MacOS/Python venv/bin/gunicorn FA.wsgi:application --bind 127.0.0,4,1,0,3,0.0,0,0,0,356813492,34518379274,545417975267
2026-10-10T11:30:12.631771+00:00,app,65356,65349,30.0,1.1,286000,R,/opt/homebrew/Cellar/python@3.12/3.12.12_2/Frameworks/Python.framework/Versions/3.12/Resources/Python.app/Contents/MacOS/Python venv/bin/gunicorn FA.wsgi:application --bind 127.0.0,4,1,0,3,0.0,0,0,0,356813492,34518379274,545417975267
2026-10-10T11:30:12.631771+00:00,app,65357,65349,86.8,1.1,274592,R,/opt/homebrew/Cellar/python@3.12/3.12.12_2/Frameworks/Python.framework/Versions/3.12/Resources/Python.app/Contents/MacOS/Python venv/bin/gunicorn FA.wsgi:application --bind 127.0.0,4,1,0,3,0.0,0,0,0,356813492,34518379274,545417975267
2026-10-10T11:30:12.631771+00:00,app,65358,65349,62.7,1.2,292256,R,/opt/homebrew/Cellar/python@3.12/3.12.12_2/Frameworks/Python.framework/Versions/3.12/Resources/Python.app/Contents/MacOS/Python venv/bin/gunicorn FA.wsgi:application --bind 127.0.0,4,1,0,3,0.0,0,0,0,356813492,34518379274,545417975267
2026-10-10T11:30:12.631771+00:00,loadgen,66574,66565,2.7,0.4,88176,S,/opt/homebrew/Cellar/python@3.12/3.12.12_2/Frameworks/Python.framework/Versions/3.12/Resources/Python.app/Contents/MacOS/Python venv/bin/locust -f perf/locust/locustfile.py --headl,4,1,0,3,0.0,0,0,0,356813492,34518379274,545417975267
2026-10-10T11:30:14.722813+00:00,app,65349,2547,0.0,0.1,12688,Ss,/opt/homebrew/Cellar/python@3.12/3.12.12_2/Frameworks/Python.framework/Versions/3.12/Resources/Python.app/Contents/MacOS/Python venv/bin/gunicorn FA.wsgi:application --bind 127.0.0,2,1,0,1,0.0,0,0,0,356842926,34518614908,545417975267
2026-10-10T11:30:14.722813+00:00,app,65356,65349,12.4,1.1,275824,S,/opt/homebrew/Cellar/python@3.12/3.12.12_2/Frameworks/Python.framework/Versions/3.12/Resources/Python.app/Contents/MacOS/Python venv/bin/gunicorn FA.wsgi:application --bind 127.0.0,2,1,0,1,0.0,0,0,0,356842926,34518614908,545417975267
2026-10-10T11:30:14.722813+00:00,app,65357,65349,53.7,1.1,274704,S,/opt/homebrew/Cellar/python@3.12/3.12.12_2/Frameworks/Python.framework/Versions/3.12/Resources/Python.app/Contents/MacOS/Python venv/bin/gunicorn FA.wsgi:application --bind 127.0.0,2,1,0,1,0.0,0,0,0,356842926,34518614908,545417975267
2026-10-10T11:30:14.722813+00:00,app,65358,65349,8.6,1.2,292256,S,/opt/homebrew/Cellar/python@3.12/3.12.12_2/Frameworks/Python.framework/Versions/3.12/Resources/Python.app/Contents/MacOS/Python venv/bin/gunicorn FA.wsgi:application --bind 127.0.0,2,1,0,1,0.0,0,0,0,356842926,34518614908,545417975267
2026-10-10T11:30:14.722813+00:00,loadgen,66574,66565,4.2,0.4,90080,S,/opt/homebrew/Cellar/python@3.12/3.12.12_2/Frameworks/Python.framework/Versions/3.12/Resources/Python.app/Contents/MacOS/Python venv/bin/locust -f perf/locust/locustfile.py --headl,2,1,0,1,0.0,0,0,0,356842926,34518614908,545417975267
2026-10-10T11:30:16.802957+00:00,app,65349,2547,0.0,0.1,12688,Ss,/opt/homebrew/Cellar/python@3.12/3.12.12_2/Frameworks/Python.framework/Versions/3.12/Resources/Python.app/Contents/MacOS/Python venv/bin/gunicorn FA.wsgi:application --bind 127.0.0,4,3,0,2,0.111,0,0,0,356850108,34518802797,545417975267
2026-10-10T11:30:16.802957+00:00,app,65356,65349,96.2,1.1,270896,R,/opt/homebrew/Cellar/python@3.12/3.12.12_2/Frameworks/Python.framework/Versions/3.12/Resources/Python.app/Contents/MacOS/Python venv/bin/gunicorn FA.wsgi:application --bind 127.0.0,4,3,0,2,0.111,0,0,0,356850108,34518802797,545417975267
2026-10-10T11:30:16.802957+00:00,app,65357,65349,89.6,1.1,274704,S,/opt/homebrew/Cellar/python@3.12/3.12.12_2/Frameworks/Python.framework/Versions/3.12/Resources/Python.app/Contents/MacOS/Python venv/bin/gunicorn FA.wsgi:application --bind 127.0.0,4,3,0,2,0.111,0,0,0,356850108,34518802797,545417975267
2026-10-10T11:30:16.802957+00:00,app,65358,65349,72.4,1.2,292704,S,/opt/homebrew/Cellar/python@3.12/3.12.12_2/Frameworks/Python.framework/Versions/3.12/Resources/Python.app/Contents/MacOS/Python venv/bin/gunicorn FA.wsgi:application --bind 127.0.0,4,3,0,2,0.111,0,0,0,356850108,34518802797,545417975267
2026-10-10T11:30:16.802957+00:00,loadgen,66574,66565,0.1,0.4,90288,S,/opt/homebrew/Cellar/python@3.12/3.12.12_2/Frameworks/Python.framework/Versions/3.12/Resources/Python.app/Contents/MacOS/Python venv/bin/locust -f perf/locust/locustfile.py --headl,4,3,0,2,0.111,0,0,0,356850108,34518802797,545417975267
2026-10-10T11:30:18.890913+00:00,app,65349,2547,0.0,0.1,12688,Ss,/opt/homebrew/Cellar/python@3.12/3.12.12_2/Frameworks/Python.framework/Versions/3.12/Resources/Python.app/Contents/MacOS/Python venv/bin/gunicorn FA.wsgi:application --bind 127.0.0,3,1,0,2,0.0,0,0,0,356903504,34519050543,545417975267
2026-10-10T11:30:18.890913+00:00,app,65356,65349,94.8,1.1,269872,R,/opt/homebrew/Cellar/python@3.12/3.12.12_2/Frameworks/Python.framework/Versions/3.12/Resources/Python.app/Contents/MacOS/Python venv/bin/gunicorn FA.wsgi:application --bind 127.0.0,3,1,0,2,0.0,0,0,0,356903504,34519050543,545417975267
2026-10-10T11:30:18.890913+00:00,app,65357,65349,91.3,1.1,274704,R,/opt/homebrew/Cellar/python@3.12/3.12.12_2/Frameworks/Python.framework/Versions/3.12/Resources/Python.app/Contents/MacOS/Python venv/bin/gunicorn FA.wsgi:application --bind 127.0.0,3,1,0,2,0.0,0,0,0,356903504,34519050543,545417975267
2026-10-10T11:30:18.890913+00:00,app,65358,65349,27.6,1.1,276320,S,/opt/homebrew/Cellar/python@3.12/3.12.12_2/Frameworks/Python.framework/Versions/3.12/Resources/Python.app/Contents/MacOS/Python venv/bin/gunicorn FA.wsgi:application --bind 127.0.0,3,1,0,2,0.0,0,0,0,356903504,34519050543,545417975267
2026-10-10T11:30:18.890913+00:00,loadgen,66574,66565,1.0,0.4,90368,S,/opt/homebrew/Cellar/python@3.12/3.12.12_2/Frameworks/Python.framework/Versions/3.12/Resources/Python.app/Contents/MacOS/Python venv/bin/locust -f perf/locust/locustfile.py --headl,3,1,0,2,0.0,0,0,0,356903504,34519050543,545417975267
2026-10-10T11:30:20.962217+00:00,app,65349,2547,0.0,0.1,12688,Ss,/opt/homebrew/Cellar/python@3.12/3.12.12_2/Frameworks/Python.framework/Versions/3.12/Resources/Python.app/Contents/MacOS/Python venv/bin/gunicorn FA.wsgi:application --bind 127.0.0,2,2,0,0,0.01,0,0,0,356916242,34519218633,545417975267
2026-10-10T11:30:20.962217+00:00,app,65356,65349,1.9,1.1,277648,S,/opt/homebrew/Cellar/python@3.12/3.12.12_2/Frameworks/Python.framework/Versions/3.12/Resources/Python.app/Contents/MacOS/Python venv/bin/gunicorn FA.wsgi:application --bind 127.0.0,2,2,0,0,0.01,0,0,0,356916242,34519218633,545417975267
2026-10-10T11:30:20.962217+00:00,app,65357,65349,56.8,1.1,273680,R,/opt/homebrew/Cellar/python@3.12/3.12.12_2/Frameworks/Python.framework/Versions/3.12/Resources/Python.app/Contents/MacOS/Python venv/bin/gunicorn FA.wsgi:application --bind 127.0.0,2,2,0,0,0.01,0,0,0,356916242,34519218633,545417975267
2026-10-10T11:30:20.962217+00:00,app,65358,65349,0.2,1.1,276320,S,/opt/homebrew/Cellar/python@3.12/3.12.12_2/Frameworks/Python.framework/Versions/3.12/Resources/Python.app/Contents/MacOS/Python venv/bin/gunicorn FA.wsgi:application --bind 127.0.0,2,2,0,0,0.01,0,0,0,356916242,34519218633,545417975267
2026-10-10T11:30:20.962217+00:00,loadgen,66574,66565,0.7,0.4,90416,S,/opt/homebrew/Cellar/python@3.12/3.12.12_2/Frameworks/Python.framework/Versions/3.12/Resources/Python.app/Contents/MacOS/Python venv/bin/locust -f perf/locust/locustfile.py --headl,2,2,0,0,0.01,0,0,0,356916242,34519218633,545417975267
2026-10-10T11:30:23.042536+00:00,app,65349,2547,0.0,0.1,12688,Ss,/opt/homebrew/Cellar/python@3.12/3.12.12_2/Frameworks/Python.framework/Versions/3.12/Resources/Python.app/Contents/MacOS/Python venv/bin/gunicorn FA.wsgi:application --bind 127.0.0,1,1,0,0,0.0,0,0,0,356940046,34519367098,545417975267
2026-10-10T11:30:23.042536+00:00,app,65356,65349,52.6,1.1,277648,S,/opt/homebrew/Cellar/python@3.12/3.12.12_2/Frameworks/Python.framework/Versions/3.12/Resources/Python.app/Contents/MacOS/Python venv/bin/gunicorn FA.wsgi:application --bind 127.0.0,1,1,0,0,0.0,0,0,0,356940046,34519367098,545417975267
2026-10-10T11:30:23.042536+00:00,app,65357,65349,8.8,1.1,273680,S,/opt/homebrew/Cellar/python@3.12/3.12.12_2/Frameworks/Python.framework/Versions/3.12/Resources/Python.app/Contents/MacOS/Python venv/bin/gunicorn FA.wsgi:application --bind 127.0.0,1,1,0,0,0.0,0,0,0,356940046,34519367098,545417975267
2026-10-10T11:30:23.042536+00:00,app,65358,65349,3.4,1.1,276320,S,/opt/homebrew/Cellar/python@3.12/3.12.12_2/Frameworks/Python.framework/Versions/3.12/Resources/Python.app/Contents/MacOS/Python venv/bin/gunicorn FA.wsgi:application --bind 127.0.0,1,1,0,0,0.0,0,0,0,356940046,34519367098,545417975267
2026-10-10T11:30:23.042536+00:00,loadgen,66574,66565,1.0,0.4,90416,S,/opt/homebrew/Cellar/python@3.12/3.12.12_2/Frameworks/Python.framework/Versions/3.12/Resources/Python.app/Contents/MacOS/Python venv/bin/locust -f perf/locust/locustfile.py --headl,1,1,0,0,0.0,0,0,0,356940046,34519367098,545417975267
2026-10-10T11:30:25.134576+00:00,app,65349,2547,0.0,0.1,12688,Ss,/opt/homebrew/Cellar/python@3.12/3.12.12_2/Frameworks/Python.framework/Versions/3.12/Resources/Python.app/Contents/MacOS/Python venv/bin/gunicorn FA.wsgi:application --bind 127.0.0,3,1,0,2,0.0,0,0,0,356962156,34519503165,545417975267
2026-10-10T11:30:25.134576+00:00,app,65356,65349,22.8,1.1,277664,S,/opt/homebrew/Cellar/python@3.12/3.12.12_2/Frameworks/Python.framework/Versions/3.12/Resources/Python.app/Contents/MacOS/Python venv/bin/gunicorn FA.wsgi:application --bind 127.0.0,3,1,0,2,0.0,0,0,0,356962156,34519503165,545417975267
2026-10-10T11:30:25.134576+00:00,app,65357,65349,95.2,1.1,273680,R,/opt/homebrew/Cellar/python@3.12/3.12.12_2/Frameworks/Python.framework/Versions/3.12/Resources/Python.app/Contents/MacOS/Python venv/bin/gunicorn FA.wsgi:application --bind 127.0.0,3,1,0,2,0.0,0,0,0,356962156,34519503165,545417975267
2026-10-10T11:30:25.134576+00:00,app,65358,65349,56.7,1.1,276336,R,/opt/homebrew/Cellar/python@3.12/3.12.12_2/Frameworks/Python.framework/Versions/3.12/Resources/Python.app/Contents/MacOS/Python venv/bin/gunicorn FA.wsgi:application --bind 127.0.0,3,1,0,2,0.0,0,0,0,356962156,34519503165,545417975267
2026-10-10T11:30:25.134576+00:00,loadgen,66574,66565,1.1,0.3,85216,S,/opt/homebrew/Cellar/python@3.12/3.12.12_2/Frameworks/Python.framework/Versions/3.12/Resources/Python.app/Contents/MacOS/Python venv/bin/locust -f perf/locust/locustfile.py --headl,3,1,0,2,0.0,0,0,0,356962156,34519503165,545417975267
2026-10-10T11:30:27.217866+00:00,app,65349,2547,0.0,0.1,12688,Ss,/opt/homebrew/Cellar/python@3.12/3.12.12_2/Frameworks/Python.framework/Versions/3.12/Resources/Python.app/Contents/MacOS/Python venv/bin/gunicorn FA.wsgi:application --bind 127.0.0,2,1,0,1,0.0,0,0,0,356962946,34519756207,545417975267
2026-10-10T11:30:27.217866+00:00,app,65356,65349,15.6,1.1,277664,S,/opt/homebrew/Cellar/python@3.12/3.12.12_2/Frameworks/Python.framework/Versions/3.12/Resources/Python.app/Contents/MacOS/Python venv/bin/gunicorn FA.wsgi:application --bind 127.0.0,2,1,0,1,0.0,0,0,0,356962946,34519756207,545417975267
2026-10-10T11:30:27.217866+00:00,app,65357,65349,33.9,1.1,280672,R,/opt/homebrew/Cellar/python@3.12/3.12.12_2/Frameworks/Python.framework/Versions/3.12/Resources/Python.app/Contents/MacOS/Python venv/bin/gunicorn FA.wsgi:application --bind 127.0.0,2,1,0,1,0.0,0,0,0,356962946,34519756207,545417975267
2026-10-10T11:30:27.217866+00:00,app,65358,65349,85.2,1.1,273264,S,/opt/homebrew/Cellar/python@3.12/3.12.12_2/Frameworks/Python.framework/Versions/3.12/Resources/Python.app/Contents/MacOS/Python venv/bin/gunicorn FA.wsgi:application --bind 127.0.0,2,1,0,1,0.0,0,0,0,356962946,34519756207,545417975267
2026-10-10T11:30:27.217866+00:00,loadgen,66574,66565,1.0,0.3,77824,S,/opt/homebrew/Cellar/python@3.12/3.12.12_2/Frameworks/Python.framework/Versions/3.12/Resources/Python.app/Contents/MacOS/Python venv/bin/locust -f perf/locust/locustfile.py --headl,2,1,0,1,0.0,0,0,0,356962946,34519756207,545417975267
2026-10-10T11:30:29.297188+00:00,app,65349,2547,0.0,0.1,12688,Ss,/opt/homebrew/Cellar/python@3.12/3.12.12_2/Frameworks/Python.framework/Versions/3.12/Resources/Python.app/Contents/MacOS/Python venv/bin/gunicorn FA.wsgi:application --bind 127.0.0,2,1,0,1,0.0,0,0,0,356973883,34519966683,545417975267
2026-10-10T11:30:29.297188+00:00,app,65356,65349,4.2,1.1,277664,S,/opt/homebrew/Cellar/python@3.12/3.12.12_2/Frameworks/Python.framework/Versions/3.12/Resources/Python.app/Contents/MacOS/Python venv/bin/gunicorn FA.wsgi:application --bind 127.0.0,2,1,0,1,0.0,0,0,0,356973883,34519966683,545417975267
2026-10-10T11:30:29.297188+00:00,app,65357,65349,48.4,1.1,279824,R,/opt/homebrew/Cellar/python@3.12/3.12.12_2/Frameworks/Python.framework/Versions/3.12/Resources/Python.app/Contents/MacOS/Python venv/bin/gunicorn FA.wsgi:application --bind 127.0.0,2,1,0,1,0.0,0,0,0,356973883,34519966683,545417975267
2026-10-10T11:30:29.297188+00:00,app,65358,65349,0.4,1.1,273264,S,/opt/homebrew/Cellar/python@3.12/3.12.12_2/Frameworks/Python.framework/Versions/3.12/Resources/Python.app/Contents/MacOS/Python venv/bin/gunicorn FA.wsgi:application --bind 127.0.0,2,1,0,1,0.0,0,0,0,356973883,34519966683,545417975267
2026-10-10T11:30:29.297188+00:00,loadgen,66574,66565,0.7,0.3,77632,S,/opt/homebrew/Cellar/python@3.12/3.12.12_2/Frameworks/Python.framework/Versions/3.12/Resources/Python.app/Contents/MacOS/Python venv/bin/locust -f perf/locust/locustfile.py --headl,2,1,0,1,0.0,0,0,0,356973883,34519966683,545417975267
2026-10-10T11:30:31.375838+00:00,app,65349,2547,0.0,0.1,12688,Ss,/opt/homebrew/Cellar/python@3.12/3.12.12_2/Frameworks/Python.framework/Versions/3.12/Resources/Python.app/Contents/MacOS/Python venv/bin/gunicorn FA.wsgi:application --bind 127.0.0,3,3,0,0,0.014,0,0,0,356973904,34520171843,545417975267
2026-10-10T11:30:31.375838+00:00,app,65356,65349,74.6,1.1,274688,S,/opt/homebrew/Cellar/python@3.12/3.12.12_2/Frameworks/Python.framework/Versions/3.12/Resources/Python.app/Contents/MacOS/Python venv/bin/gunicorn FA.wsgi:application --bind 127.0.0,3,3,0,0,0.014,0,0,0,356973904,34520171843,545417975267
2026-10-10T11:30:31.375838+00:00,app,65357,65349,22.8,1.1,278800,S,/opt/homebrew/Cellar/python@3.12/3.12.12_2/Frameworks/Python.framework/Versions/3.12/Resources/Python.app/Contents/MacOS/Python venv/bin/gunicorn FA.wsgi:application --bind 127.0.0,3,3,0,0,0.014,0,0,0,356973904,34520171843,545417975267
2026-10-10T11:30:31.375838+00:00,app,65358,65349,80.4,1.1,268640,R,/opt/homebrew/Cellar/python@3.12/3.12.12_2/Frameworks/Python.framework/Versions/3.12/Resources/Python.app/Contents/MacOS/Python venv/bin/gunicorn FA.wsgi:application --bind 127.0.0,3,3,0,0,0.014,0,0,0,356973904,34520171843,545417975267
2026-10-10T11:30:31.375838+00:00,loadgen,66574,66565,0.5,0.3,77632,S,/opt/homebrew/Cellar/python@3.12/3.12.12_2/Frameworks/Python.framework/Versions/3.12/Resources/Python.app/Contents/MacOS/Python venv/bin/locust -f perf/locust/locustfile.py --headl,3,3,0,0,0.014,0,0,0,356973904,34520171843,545417975267
2026-10-10T11:30:33.454087+00:00,app,65349,2547,0.0,0.1,12688,Ss,/opt/homebrew/Cellar/python@3.12/3.12.12_2/Frameworks/Python.framework/Versions/3.12/Resources/Python.app/Contents/MacOS/Python venv/bin/gunicorn FA.wsgi:application --bind 127.0.0,3,1,0,2,0.0,0,0,0,356998218,34520341313,545417975267
2026-10-10T11:30:33.454087+00:00,app,65356,65349,77.8,1.1,274688,R,/opt/homebrew/Cellar/python@3.12/3.12.12_2/Frameworks/Python.framework/Versions/3.12/Resources/Python.app/Contents/MacOS/Python venv/bin/gunicorn FA.wsgi:application --bind 127.0.0,3,1,0,2,0.0,0,0,0,356998218,34520341313,545417975267
2026-10-10T11:30:33.454087+00:00,app,65357,65349,83.9,1.1,278800,R,/opt/homebrew/Cellar/python@3.12/3.12.12_2/Frameworks/Python.framework/Versions/3.12/Resources/Python.app/Contents/MacOS/Python venv/bin/gunicorn FA.wsgi:application --bind 127.0.0,3,1,0,2,0.0,0,0,0,356998218,34520341313,545417975267
2026-10-10T11:30:33.454087+00:00,app,65358,65349,19.9,1.1,268640,S,/opt/homebrew/Cellar/python@3.12/3.12.12_2/Frameworks/Python.framework/Versions/3.12/Resources/Python.app/Contents/MacOS/Python venv/bin/gunicorn FA.wsgi:application --bind 127.0.0,3,1,0,2,0.0,0,0,0,356998218,34520341313,545417975267
2026-10-10T11:30:33.454087+00:00,loadgen,66574,66565,0.4,0.3,77584,S,/opt/homebrew/Cellar/python@3.12/3.12.12_2/Frameworks/Python.framework/Versions/3.12/Resources/Python.app/Contents/MacOS/Python venv/bin/locust -f perf/locust/locustfile.py --headl,3,1,0,2,0.0,0,0,0,356998218,34520341313,545417975267
2026-10-10T11:30:35.528112+00:00,app,65349,2547,0.0,0.1,12688,Ss,/opt/homebrew/Cellar/python@3.12/3.12.12_2/Frameworks/Python.framework/Versions/3.12/Resources/Python.app/Contents/MacOS/Python venv/bin/gunicorn FA.wsgi:application --bind 127.0.0,3,2,0,1,0.1,0,0,0,357013223,34520484591,545417975267
2026-10-10T11:30:35.528112+00:00,app,65356,65349,2.7,1.1,281648,S,/opt/homebrew/Cellar/python@3.12/3.12.12_2/Frameworks/Python.framework/Versions/3.12/Resources/Python.app/Contents/MacOS/Python venv/bin/gunicorn FA.wsgi:application --bind 127.0.0,3,2,0,1,0.1,0,0,0,357013223,34520484591,545417975267
2026-10-10T11:30:35.528112+00:00,app,65357,65349,51.9,1.1,278800,R,/opt/homebrew/Cellar/python@3.12/3.12.12_2/Frameworks/Python.framework/Versions/3.12/Resources/Python.app/Contents/MacOS/Python venv/bin/gunicorn FA.wsgi:application --bind 127.0.0,3,2,0,1,0.1,0,0,0,357013223,34520484591,545417975267
2026-10-10T11:30:35.528112+00:00,app,65358,65349,35.9,1.1,266624,R,/opt/homebrew/Cellar/python@3.12/3.12.12_2/Frameworks/Python.framework/Versions/3.12/Resources/Python.app/Contents/MacOS/Python venv/bin/gunicorn FA.wsgi:application --bind 127.0.0,3,2,0,1,0.1,0,0,0,357013223,34520484591,545417975267
2026-10-10T11:30:35.528112+00:00,loadgen,66574,66565,0.4,0.3,77584,S,/opt/homebrew/Cellar/python@3.12/3.12.12_2/Frameworks/Python.framework/Versions/3.12/Resources/Python.app/Contents/MacOS/Python venv/bin/locust -f perf/locust/locustfile.py --headl,3,2,0,1,0.1,0,0,0,357013223,34520484591,545417975267
2026-10-10T11:30:37.608757+00:00,app,65349,2547,0.0,0.1,12688,Ss,/opt/homebrew/Cellar/python@3.12/3.12.12_2/Frameworks/Python.framework/Versions/3.12/Resources/Python.app/Contents/MacOS/Python venv/bin/gunicorn FA.wsgi:application --bind 127.0.0,1,1,0,0,0.0,0,0,0,357042452,34520815680,545417975267
2026-10-10T11:30:37.608757+00:00,app,65356,65349,6.0,1.1,281648,S,/opt/homebrew/Cellar/python@3.12/3.12.12_2/Frameworks/Python.framework/Versions/3.12/Resources/Python.app/Contents/MacOS/Python venv/bin/gunicorn FA.wsgi:application --bind 127.0.0,1,1,0,0,0.0,0,0,0,357042452,34520815680,545417975267
2026-10-10T11:30:37.608757+00:00,app,65357,65349,9.6,1.1,275728,S,/opt/homebrew/Cellar/python@3.12/3.12.12_2/Frameworks/Python.framework/Versions/3.12/Resources/Python.app/Contents/MacOS/Python venv/bin/gunicorn FA.wsgi:application --bind 127.0.0,1,1,0,0,0.0,0,0,0,357042452,34520815680,545417975267
2026-10-10T11:30:37.608757+00:00,app,65358,65349,4.2,1.1,264576,S,/opt/homebrew/Cellar/python@3.12/3.12.12_2/Frameworks/Python.framework/Versions/3.12/Resources/Python.app/Contents/MacOS/Python venv/bin/gunicorn FA.wsgi:application --bind 127.0.0,1,1,0,0,0.0,0,0,0,357042452,34520815680,545417975267
2026-10-10T11:30:37.608757+00:00,loadgen,66574,66565,0.6,0.3,77584,S,/opt/homebrew/Cellar/python@3.12/3.12.12_2/Frameworks/Python.framework/Versions/3.12/Resources/Python.app/Contents/MacOS/Python venv/bin/locust -f perf/locust/locustfile.py --headl,1,1,0,0,0.0,0,0,0,357042452,34520815680,545417975267
2026-10-10T11:30:39.717129+00:00,app,65349,2547,0.0,0.1,12688,Ss,/opt/homebrew/Cellar/python@3.12/3.12.12_2/Frameworks/Python.framework/Versions/3.12/Resources/Python.app/Contents/MacOS/Python venv/bin/gunicorn FA.wsgi:application --bind 127.0.0,4,1,0,3,0.0,0,0,0,357051427,34520907960,545417975267
2026-10-10T11:30:39.717129+00:00,app,65356,65349,92.8,1.1,280624,R,/opt/homebrew/Cellar/python@3.12/3.12.12_2/Frameworks/Python.framework/Versions/3.12/Resources/Python.app/Contents/MacOS/Python venv/bin/gunicorn FA.wsgi:application --bind 127.0.0,4,1,0,3,0.0,0,0,0,357051427,34520907960,545417975267
2026-10-10T11:30:39.717129+00:00,app,65357,65349,63.4,1.1,275728,R,/opt/homebrew/Cellar/python@3.12/3.12.12_2/Frameworks/Python.framework/Versions/3.12/Resources/Python.app/Contents/MacOS/Python venv/bin/gunicorn FA.wsgi:application --bind 127.0.0,4,1,0,3,0.0,0,0,0,357051427,34520907960,545417975267
2026-10-10T11:30:39.717129+00:00,app,65358,65349,99.7,1.1,273248,S,/opt/homebrew/Cellar/python@3.12/3.12.12_2/Frameworks/Python.framework/Versions/3.12/Resources/Python.app/Contents/MacOS/Python venv/bin/gunicorn FA.wsgi:application --bind 127.0.0,4,1,0,3,0.0,0,0,0,357051427,34520907960,545417975267
2026-10-10T11:30:39.717129+00:00,loadgen,66574,66565,0.3,0.3,77680,S,/opt/homebrew/Cellar/python@3.12/3.12.12_2/Frameworks/Python.framework/Versions/3.12/Resources/Python.app/Contents/MacOS/Python venv/bin/locust -f perf/locust/locustfile.py --headl,4,1,0,3,0.0,0,0,0,357051427,34520907960,545417975267
2026-10-10T11:30:41.794566+00:00,app,65349,2547,0.0,0.1,12688,Ss,/opt/homebrew/Cellar/python@3.12/3.12.12_2/Frameworks/Python.framework/Versions/3.12/Resources/Python.app/Contents/MacOS/Python venv/bin/gunicorn FA.wsgi:application --bind 127.0.0,1,1,0,0,0.0,0,0,0,357055311,34521203078,545417975267
2026-10-10T11:30:41.794566+00:00,app,65356,65349,1.9,1.1,280832,S,/opt/homebrew/Cellar/python@3.12/3.12.12_2/Frameworks/Python.framework/Versions/3.12/Resources/Python.app/Contents/MacOS/Python venv/bin/gunicorn FA.wsgi:application --bind 127.0.0,1,1,0,0,0.0,0,0,0,357055311,34521203078,545417975267
2026-10-10T11:30:41.794566+00:00,app,65357,65349,4.1,1.1,275728,R,/opt/homebrew/Cellar/python@3.12/3.12.12_2/Frameworks/Python.framework/Versions/3.12/Resources/Python.app/Contents/MacOS/Python venv/bin/gunicorn FA.wsgi:application --bind 127.0.0,1,1,0,0,0.0,0,0,0,357055311,34521203078,545417975267
2026-10-10T11:30:41.794566+00:00,app,65358,65349,14.4,1.1,273280,S,/opt/homebrew/Cellar/python@3.12/3.12.12_2/Frameworks/Python.framework/Versions/3.12/Resources/Python.app/Contents/MacOS/Python venv/bin/gunicorn FA.wsgi:application --bind 127.0.0,1,1,0,0,0.0,0,0,0,357055311,34521203078,545417975267
2026-10-10T11:30:41.794566+00:00,loadgen,66574,66565,1.8,0.3,77696,S,/opt/homebrew/Cellar/python@3.12/3.12.12_2/Frameworks/Python.framework/Versions/3.12/Resources/Python.app/Contents/MacOS/Python venv/bin/locust -f perf/locust/locustfile.py --headl,1,1,0,0,0.0,0,0,0,357055311,34521203078,545417975267
2026-10-10T11:30:43.882695+00:00,app,65349,2547,0.0,0.1,12688,Ss,/opt/homebrew/Cellar/python@3.12/3.12.12_2/Frameworks/Python.framework/Versions/3.12/Resources/Python.app/Contents/MacOS/Python venv/bin/gunicorn FA.wsgi:application --bind 127.0.0,4,2,0,2,0.001,0,0,0,357063371,34521350975,545417975267
2026-10-10T11:30:43.882695+00:00,app,65356,65349,62.1,1.1,282720,R,/opt/homebrew/Cellar/python@3.12/3.12.12_2/Frameworks/Python.framework/Versions/3.12/Resources/Python.app/Contents/MacOS/Python venv/bin/gunicorn FA.wsgi:application --bind 127.0.0,4,2,0,2,0.001,0,0,0,357063371,34521350975,545417975267
2026-10-10T11:30:43.882695+00:00,app,65357,65349,95.7,1.1,283728,R,/opt/homebrew/Cellar/python@3.12/3.12.12_2/Frameworks/Python.framework/Versions/3.12/Resources/Python.app/Contents/MacOS/Python venv/bin/gunicorn FA.wsgi:application --bind 127.0.0,4,2,0,2,0.001,0,0,0,357063371,34521350975,545417975267
2026-10-10T11:30:43.882695+00:00,app,65358,65349,55.9,1.1,273792,R,/opt/homebrew/Cellar/python@3.12/3.12.12_2/Frameworks/Python.framework/Versions/3.12/Resources/Python.app/Contents/MacOS/Python venv/bin/gunicorn FA.wsgi:application --bind 127.0.0,4,2,0,2,0.001,0,0,0,357063371,34521350975,545417975267
2026-10-10T11:30:43.882695+00:00,loadgen,66574,66565,1.2,0.3,77664,S,/opt/homebrew/Cellar/python@3.12/3.12.12_2/Frameworks/Python.framework/Versions/3.12/Resources/Python.app/Contents/MacOS/Python venv/bin/locust -f perf/locust/locustfile.py --headl,4,2,0,2,0.001,0,0,0,357063371,34521350975,545417975267
2026-10-10T11:30:45.970426+00:00,app,65349,2547,0.0,0.1,12688,Ss,/opt/homebrew/Cellar/python@3.12/3.12.12_2/Frameworks/Python.framework/Versions/3.12/Resources/Python.app/Contents/MacOS/Python venv/bin/gunicorn FA.wsgi:application --bind 127.0.0,1,1,0,0,0.0,0,0,0,357088387,34521505851,545417975267
2026-10-10T11:30:45.970426+00:00,app,65356,65349,6.6,1.1,286016,S,/opt/homebrew/Cellar/python@3.12/3.12.12_2/Frameworks/Python.framework/Versions/3.12/Resources/Python.app/Contents/MacOS/Python venv/bin/gunicorn FA.wsgi:application --bind 127.0.0,1,1,0,0,0.0,0,0,0,357088387,34521505851,545417975267
2026-10-10T11:30:45.970426+00:00,app,65357,65349,0.9,1.1,283760,S,/opt/homebrew/Cellar/python@3.12/3.12.12_2/Frameworks/Python.framework/Versions/3.12/Resources/Python.app/Contents/MacOS/Python venv/bin/gunicorn FA.wsgi:application --bind 127.0.0,1,1,0,0,0.0,0,0,0,357088387,34521505851,545417975267
2026-10-10T11:30:45.970426+00:00,app,65358,65349,7.3,1.1,269696,S,/opt/homebrew/Cellar/python@3.12/3.12.12_2/Frameworks/Python.framework/Versions/3.12/Resources/Python.app/Contents/MacOS/Python venv/bin/gunicorn FA.wsgi:application --bind 127.0.0,1,1,0,0,0.0,0,0,0,357088387,34521505851,545417975267
2026-10-10T11:30:45.970426+00:00,loadgen,66574,66565,1.2,0.3,77280,S,/opt/homebrew/Cellar/python@3.12/3.12.12_2/Frameworks/Python.framework/Versions/3.12/Resources/Python.app/Contents/MacOS/Python venv/bin/locust -f perf/locust/locustfile.py --headl,1,1,0,0,0.0,0,0,0,357088387,34521505851,545417975267
2026-10-10T11:30:48.053822+00:00,app,65349,2547,0.0,0.1,12688,Ss,/opt/homebrew/Cellar/python@3.12/3.12.12_2/Frameworks/Python.framework/Versions/3.12/Resources/Python.app/Contents/MacOS/Python venv/bin/gunicorn FA.wsgi:application --bind 127.0.0,2,2,0,0,0.042,0,0,0,357109870,34521703822,545417975267
2026-10-10T11:30:48.053822+00:00,app,65356,65349,17.0,1.1,278848,S,/opt/homebrew/Cellar/python@3.12/3.12.12_2/Frameworks/Python.framework/Versions/3.12/Resources/Python.app/Contents/MacOS/Python venv/bin/gunicorn FA.wsgi:application --bind 127.0.0,2,2,0,0,0.042,0,0,0,357109870,34521703822,545417975267
2026-10-10T11:30:48.053822+00:00,app,65357,65349,71.8,1.1,283760,S,/opt/homebrew/Cellar/python@3.12/3.12.12_2/Frameworks/Python.framework/Versions/3.12/Resources/Python.app/Contents/MacOS/Python venv/bin/gunicorn FA.wsgi:application --bind 127.0.0,2,2,0,0,0.042,0,0,0,357109870,34521703822,545417975267
2026-10-10T11:30:48.053822+00:00,app,65358,65349,0.2,1.1,269696,S,/opt/homebrew/Cellar/python@3.12/3.12.12_2/Frameworks/Python.framework/Versions/3.12/Resources/Python.app/Contents/MacOS/Python venv/bin/gunicorn FA.wsgi:application --bind 127.0.0,2,2,0,0,0.042,0,0,0,357109870,34521703822,545417975267
2026-10-10T11:30:48.053822+00:00,loadgen,66574,66565,1.0,0.3,77360,R,/opt/homebrew/Cellar/python@3.12/3.12.12_2/Frameworks/Python.framework/Versions/3.12/Resources/Python.app/Contents/MacOS/Python venv/bin/locust -f perf/locust/locustfile.py --headl,2,2,0,0,0.042,0,0,0,357109870,34521703822,545417975267
2026-10-10T11:30:50.132428+00:00,app,65349,2547,0.0,0.1,12688,Ss,/opt/homebrew/Cellar/python@3.12/3.12.12_2/Frameworks/Python.framework/Versions/3.12/Resources/Python.app/Contents/MacOS/Python venv/bin/gunicorn FA.wsgi:application --bind 127.0.0,1,1,0,0,0.0,0,0,0,357123814,34521881629,545417975267
2026-10-10T11:30:50.132428+00:00,app,65356,65349,6.5,1.1,278848,S,/opt/homebrew/Cellar/python@3.12/3.12.12_2/Frameworks/Python.framework/Versions/3.12/Resources/Python.app/Contents/MacOS/Python venv/bin/gunicorn FA.wsgi:application --bind 127.0.0,1,1,0,0,0.0,0,0,0,357123814,34521881629,545417975267
2026-10-10T11:30:50.132428+00:00,app,65357,65349,15.7,1.1,283760,S,/opt/homebrew/Cellar/python@3.12/3.12.12_2/Frameworks/Python.framework/Versions/3.12/Resources/Python.app/Contents/MacOS/Python venv/bin/gunicorn FA.wsgi:application --bind 127.0.0,1,1,0,0,0.0,0,0,0,357123814,34521881629,545417975267
2026-10-10T11:30:50.132428+00:00,app,65358,65349,14.7,1.1,266624,S,/opt/homebrew/Cellar/python@3.12/3.12.12_2/Frameworks/Python.framework/Versions/3.12/Resources/Python.app/Contents/MacOS/Python venv/bin/gunicorn FA.wsgi:application --bind 127.0.0,1,1,0,0,0.0,0,0,0,357123814,34521881629,545417975267
2026-10-10T11:30:50.132428+00:00,loadgen,66574,66565,0.8,0.3,77408,S,/opt/homebrew/Cellar/python@3.12/3.12.12_2/Frameworks/Python.framework/Versions/3.12/Resources/Python.app/Contents/MacOS/Python venv/bin/locust -f perf/locust/locustfile.py --headl,1,1,0,0,0.0,0,0,0,357123814,34521881629,545417975267
2026-10-10T11:30:52.219110+00:00,app,65349,2547,0.0,0.1,12688,Ss,/opt/homebrew/Cellar/python@3.12/3.12.12_2/Frameworks/Python.framework/Versions/3.12/Resources/Python.app/Contents/MacOS/Python venv/bin/gunicorn FA.wsgi:application --bind 127.0.0,1,1,0,0,0.0,0,0,0,357123814,34522071281,545417975267
2026-10-10T11:30:52.219110+00:00,app,65356,65349,7.5,1.1,278848,S,/opt/homebrew/Cellar/python@3.12/3.12.12_2/Frameworks/Python.framework/Versions/3.12/Resources/Python.app/Contents/MacOS/Python venv/bin/gunicorn FA.wsgi:application --bind 127.0.0,1,1,0,0,0.0,0,0,0,357123814,34522071281,545417975267
2026-10-10T11:30:52.219110+00:00,app,65357,65349,1.6,1.1,283760,S,/opt/homebrew/Cellar/python@3.12/3.12.12_2/Frameworks/Python.framework/Versions/3.12/Resources/Python.app/Contents/MacOS/Python venv/bin/gunicorn FA.wsgi:application --bind 127.0.0,1,1,0,0,0.0,0,0,0,357123814,34522071281,545417975267
2026-10-10T11:30:52.219110+00:00,app,65358,65349,87.7,1.1,272768,S,/opt/homebrew/Cellar/python@3.12/3.12.12_2/Frameworks/Python.framework/Versions/3.12/Resources/Python.app/Contents/MacOS/Python venv/bin/gunicorn FA.wsgi:application --bind 127.0.0,1,1,0,0,0.0,0,0,0,357123814,34522071281,545417975267
2026-10-10T11:30:52.219110+00:00,loadgen,66574,66565,1.2,0.3,77440,S,/opt/homebrew/Cellar/python@3.12/3.12.12_2/Frameworks/Python.framework/Versions/3.12/Resources/Python.app/Contents/MacOS/Python venv/bin/locust -f perf/locust/locustfile.py --headl,1,1,0,0,0.0,0,0,0,357123814,34522071281,545417975267
2026-10-10T11:30:54.297401+00:00,app,65349,2547,0.0,0.1,12688,Ss,/opt/homebrew/Cellar/python@3.12/3.12.12_2/Frameworks/Python.framework/Versions/3.12/Resources/Python.app/Contents/MacOS/Python venv/bin/gunicorn FA.wsgi:application --bind 127.0.0,3,1,0,2,0.0,0,0,0,357140917,34522189832,545417975267
2026-10-10T11:30:54.297401+00:00,app,65356,65349,16.8,1.1,278848,S,/opt/homebrew/Cellar/python@3.12/3.12.12_2/Frameworks/Python.framework/Versions/3.12/Resources/Python.app/Contents/MacOS/Python venv/bin/gunicorn FA.wsgi:application --bind 127.0.0,3,1,0,2,0.0,0,0,0,357140917,34522189832,545417975267
2026-10-10T11:30:54.297401+00:00,app,65357,65349,64.2,1.1,279664,R,/opt/homebrew/Cellar/python@3.12/3.12.12_2/Frameworks/Python.framework/Versions/3.12/Resources/Python.app/Contents/MacOS/Python venv/bin/gunicorn FA.wsgi:application --bind 127.0.0,3,1,0,2,0.0,0,0,0,357140917,34522189832,545417975267
2026-10-10T11:30:54.297401+00:00,app,65358,65349,80.3,1.1,272768,S,/opt/homebrew/Cellar/python@3.12/3.12.12_2/Frameworks/Python.framework/Versions/3.12/Resources/Python.app/Contents/MacOS/Python venv/bin/gunicorn FA.wsgi:application --bind 127.0.0,3,1,0,2,0.0,0,0,0,357140917,34522189832,545417975267
2026-10-10T11:30:54.297401+00:00,loadgen,66574,66565,0.8,0.3,77408,S,/opt/homebrew/Cellar/python@3.12/3.12.12_2/Frameworks/Python.framework/Versions/3.12/Resources/Python.app/Contents/MacOS/Python venv/bin/locust -f perf/locust/locustfile.py --headl,3,1,0,2,0.0,0,0,0,357140917,34522189832,545417975267
2026-10-10T11:30:56.366632+00:00,app,65349,2547,0.0,0.1,12688,Ss,/opt/homebrew/Cellar/python@3.12/3.12.12_2/Frameworks/Python.framework/Versions/3.12/Resources/Python.app/Contents/MacOS/Python venv/bin/gunicorn FA.wsgi:application --bind 127.0.0,4,3,0,1,0.016,0,0,0,357141326,34522323087,545417975267
2026-10-10T11:30:56.366632+00:00,app,65356,65349,63.9,1.1,274752,R,/opt/homebrew/Cellar/python@3.12/3.12.12_2/Frameworks/Python.framework/Versions/3.12/Resources/Python.app/Contents/MacOS/Python venv/bin/gunicorn FA.wsgi:application --bind 127.0.0,4,3,0,1,0.016,0,0,0,357141326,34522323087,545417975267
2026-10-10T11:30:56.366632+00:00,app,65357,65349,47.4,1.1,278832,R,/opt/homebrew/Cellar/python@3.12/3.12.12_2/Frameworks/Python.framework/Versions/3.12/Resources/Python.app/Contents/MacOS/Python venv/bin/gunicorn FA.wsgi:application --bind 127.0.0,4,3,0,1,0.016,0,0,0,357141326,34522323087,545417975267
2026-10-10T11:30:56.366632+00:00,app,65358,65349,89.7,1.1,286128,S,/opt/homebrew/Cellar/python@3.12/3.12.12_2/Frameworks/Python.framework/Versions/3.12/Resources/Python.app/Contents/MacOS/Python venv/bin/gunicorn FA.wsgi:application --bind 127.0.0,4,3,0,1,0.016,0,0,0,357141326,34522323087,545417975267
2026-10-10T11:30:56.366632+00:00,loadgen,66574,66565,0.4,0.3,77408,S,/opt/homebrew/Cellar/python@3.12/3.12.12_2/Frameworks/Python.framework/Versions/3.12/Resources/Python.app/Contents/MacOS/Python venv/bin/locust -f perf/locust/locustfile.py --headl,4,3,0,1,0.016,0,0,0,357141326,34522323087,545417975267
2026-10-10T11:30:58.438591+00:00,app,65349,2547,0.0,0.1,12688,Ss,/opt/homebrew/Cellar/python@3.12/3.12.12_2/Frameworks/Python.framework/Versions/3.12/Resources/Python.app/Contents/MacOS/Python venv/bin/gunicorn FA.wsgi:application --bind 127.0.0,4,1,0,3,0.0,0,0,0,357213249,34522561924,545417975267
2026-10-10T11:30:58.438591+00:00,app,65356,65349,34.7,1.1,274528,R,/opt/homebrew/Cellar/python@3.12/3.12.12_2/Frameworks/Python.framework/Versions/3.12/Resources/Python.app/Contents/MacOS/Python venv/bin/gunicorn FA.wsgi:application --bind 127.0.0,4,1,0,3,0.0,0,0,0,357213249,34522561924,545417975267
2026-10-10T11:30:58.438591+00:00,app,65357,65349,81.3,1.1,278832,R,/opt/homebrew/Cellar/python@3.12/3.12.12_2/Frameworks/Python.framework/Versions/3.12/Resources/Python.app/Contents/MacOS/Python venv/bin/gunicorn FA.wsgi:application --bind 127.0.0,4,1,0,3,0.0,0,0,0,357213249,34522561924,545417975267
2026-10-10T11:30:58.438591+00:00,app,65358,65349,26.8,1.1,273840,R,/opt/homebrew/Cellar/python@3.12/3.12.12_2/Frameworks/Python.framework/Versions/3.12/Resources/Python.app/Contents/MacOS/Python venv/bin/gunicorn FA.wsgi:application --bind 127.0.0,4,1,0,3,0.0,0,0,0,357213249,34522561924,545417975267
2026-10-10T11:30:58.438591+00:00,loadgen,66574,66565,2.8,0.3,79344,S,/opt/homebrew/Cellar/python@3.12/3.12.12_2/Frameworks/Python.framework/Versions/3.12/Resources/Python.app/Contents/MacOS/Python venv/bin/locust -f perf/locust/locustfile.py --headl,4,1,0,3,0.0,0,0,0,357213249,34522561924,545417975267
2026-10-10T11:31:00.514448+00:00,app,65349,2547,0.0,0.1,12688,Ss,/opt/homebrew/Cellar/python@3.12/3.12.12_2/Frameworks/Python.framework/Versions/3.12/Resources/Python.app/Contents/MacOS/Python venv/bin/gunicorn FA.wsgi:application --bind 127.0.0,2,1,0,1,0.0,0,0,0,357215940,34522870620,545417975267
2026-10-10T11:31:00.514448+00:00,app,65356,65349,12.9,1.1,274528,S,/opt/homebrew/Cellar/python@3.12/3.12.12_2/Frameworks/Python.framework/Versions/3.12/Resources/Python.app/Contents/MacOS/Python venv/bin/gunicorn FA.wsgi:application --bind 127.0.0,2,1,0,1,0.0,0,0,0,357215940,34522870620,545417975267
2026-10-10T11:31:00.514448+00:00,app,65357,65349,2.0,1.1,278832,S,/opt/homebrew/Cellar/python@3.12/3.12.12_2/Frameworks/Python.framework/Versions/3.12/Resources/Python.app/Contents/MacOS/Python venv/bin/gunicorn FA.wsgi:application --bind 127.0.0,2,1,0,1,0.0,0,0,0,357215940,34522870620,545417975267
2026-10-10T11:31:00.514448+00:00,app,65358,65349,99.5,1.1,272816,R,/opt/homebrew/Cellar/python@3.12/3.12.12_2/Frameworks/Python.framework/Versions/3.12/Resources/Python.app/Contents/MacOS/Python venv/bin/gunicorn FA.wsgi:application --bind 127.0.0,2,1,0,1,0.0,0,0,0,357215940,34522870620,545417975267
2026-10-10T11:31:00.514448+00:00,loadgen,66574,66565,0.3,0.3,79344,S,/opt/homebrew/Cellar/python@3.12/3.12.12_2/Frameworks/Python.framework/Versions/3.12/Resources/Python.app/Contents/MacOS/Python venv/bin/locust -f perf/locust/locustfile.py --headl,2,1,0,1,0.0,0,0,0,357215940,34522870620,545417975267
2026-10-10T11:31:02.592794+00:00,app,65349,2547,0.0,0.1,12688,Ss,/opt/homebrew/Cellar/python@3.12/3.12.12_2/Frameworks/Python.framework/Versions/3.12/Resources/Python.app/Contents/MacOS/Python venv/bin/gunicorn FA.wsgi:application --bind 127.0.0,1,1,0,0,0.0,0,0,0,357216052,34523122115,545417975267
2026-10-10T11:31:02.592794+00:00,app,65356,65349,15.7,1.1,274528,S,/opt/homebrew/Cellar/python@3.12/3.12.12_2/Frameworks/Python.framework/Versions/3.12/Resources/Python.app/Contents/MacOS/Python venv/bin/gunicorn FA.wsgi:application --bind 127.0.0,1,1,0,0,0.0,0,0,0,357216052,34523122115,545417975267
2026-10-10T11:31:02.592794+00:00,app,65357,65349,6.7,1.1,278832,S,/opt/homebrew/Cellar/python@3.12/3.12.12_2/Frameworks/Python.framework/Versions/3.12/Resources/Python.app/Contents/MacOS/Python venv/bin/gunicorn FA.wsgi:application --bind 127.0.0,1,1,0,0,0.0,0,0,0,357216052,34523122115,545417975267
2026-10-10T11:31:02.592794+00:00,app,65358,65349,8.8,1.1,281936,S,/opt/homebrew/Cellar/python@3.12/3.12.12_2/Frameworks/Python.framework/Versions/3.12/Resources/Python.app/Contents/MacOS/Python venv/bin/gunicorn FA.wsgi:application --bind 127.0.0,1,1,0,0,0.0,0,0,0,357216052,34523122115,545417975267
2026-10-10T11:31:02.592794+00:00,loadgen,66574,66565,1.1,0.3,79360,S,/opt/homebrew/Cellar/python@3.12/3.12.12_2/Frameworks/Python.framework/Versions/3.12/Resources/Python.app/Contents/MacOS/Python venv/bin/locust -f perf/locust/locustfile.py --headl,1,1,0,0,0.0,0,0,0,357216052,34523122115,545417975267
2026-10-10T11:31:04.676480+00:00,app,65349,2547,0.0,0.1,12688,Ss,/opt/homebrew/Cellar/python@3.12/3.12.12_2/Frameworks/Python.framework/Versions/3.12/Resources/Python.app/Contents/MacOS/Python venv/bin/gunicorn FA.wsgi:application --bind 127.0.0,2,1,0,1,0.0,0,0,0,357237965,34523223043,545417975267
2026-10-10T11:31:04.676480+00:00,app,65356,65349,23.7,1.1,272480,S,/opt/homebrew/Cellar/python@3.12/3.12.12_2/Frameworks/Python.framework/Versions/3.12/Resources/Python.app/Contents/MacOS/Python venv/bin/gunicorn FA.wsgi:application --bind 127.0.0,2,1,0,1,0.0,0,0,0,357237965,34523223043,545417975267
2026-10-10T11:31:04.676480+00:00,app,65357,65349,97.8,1.1,277824,R,/opt/homebrew/Cellar/python@3.12/3.12.12_2/Frameworks/Python.framework/Versions/3.12/Resources/Python.app/Contents/MacOS/Python venv/bin/gunicorn FA.wsgi:application --bind 127.0.0,2,1,0,1,0.0,0,0,0,357237965,34523223043,545417975267
2026-10-10T11:31:04.676480+00:00,app,65358,65349,1.8,1.1,281936,S,/opt/homebrew/Cellar/python@3.12/3.12.12_2/Frameworks/Python.framework/Versions/3.12/Resources/Python.app/Contents/MacOS/Python venv/bin/gunicorn FA.wsgi:application --bind 127.0.0,2,1,0,1,0.0,0,0,0,357237965,34523223043,545417975267
2026-10-10T11:31:04.676480+00:00,loadgen,66574,66565,0.6,0.3,79360,S,/opt/homebrew/Cellar/python@3.12/3.12.12_2/Frameworks/Python.framework/Versions/3.12/Resources/Python.app/Contents/MacOS/Python venv/bin/locust -f perf/locust/locustfile.py --headl,2,1,0,1,0.0,0,0,0,357237965,34523223043,545417975267
2026-10-10T11:31:06.752170+00:00,app,65349,2547,0.0,0.1,12688,Ss,/opt/homebrew/Cellar/python@3.12/3.12.12_2/Frameworks/Python.framework/Versions/3.12/Resources/Python.app/Contents/MacOS/Python venv/bin/gunicorn FA.wsgi:application --bind 127.0.0,2,1,0,1,0.0,0,0,0,357259439,34523374992,545417975267
2026-10-10T11:31:06.752170+00:00,app,65356,65349,75.9,1.1,271456,R,/opt/homebrew/Cellar/python@3.12/3.12.12_2/Frameworks/Python.framework/Versions/3.12/Resources/Python.app/Contents/MacOS/Python venv/bin/gunicorn FA.wsgi:application --bind 127.0.0,2,1,0,1,0.0,0,0,0,357259439,34523374992,545417975267
2026-10-10T11:31:06.752170+00:00,app,65357,65349,4.0,1.1,277824,S,/opt/homebrew/Cellar/python@3.12/3.12.12_2/Frameworks/Python.framework/Versions/3.12/Resources/Python.app/Contents/MacOS/Python venv/bin/gunicorn FA.wsgi:application --bind 127.0.0,2,1,0,1,0.0,0,0,0,357259439,34523374992,545417975267
2026-10-10T11:31:06.752170+00:00,app,65358,65349,0.9,1.1,281936,S,/opt/homebrew/Cellar/python@3.12/3.12.12_2/Frameworks/Python.framework/Versions/3.12/Resources/Python.app/Contents/MacOS/Python venv/bin/gunicorn FA.wsgi:application --bind 127.0.0,2,1,0,1,0.0,0,0,0,357259439,34523374992,545417975267
2026-10-10T11:31:06.752170+00:00,loadgen,66574,66565,0.6,0.3,79360,S,/opt/homebrew/Cellar/python@3.12/3.12.12_2/Frameworks/Python.framework/Versions/3.12/Resources/Python.app/Contents/MacOS/Python venv/bin/locust -f perf/locust/locustfile.py --headl,2,1,0,1,0.0,0,0,0,357259439,34523374992,545417975267
2026-10-10T11:31:08.832258+00:00,app,65349,2547,0.0,0.1,12688,Ss,/opt/homebrew/Cellar/python@3.12/3.12.12_2/Frameworks/Python.framework/Versions/3.12/Resources/Python.app/Contents/MacOS/Python venv/bin/gunicorn FA.wsgi:application --bind 127.0.0,2,2,0,0,0.038,0,0,0,357281855,34523567050,545417975267
2026-10-10T11:31:08.832258+00:00,app,65356,65349,13.7,1.1,277920,S,/opt/homebrew/Cellar/python@3.12/3.12.12_2/Frameworks/Python.framework/Versions/3.12/Resources/Python.app/Contents/MacOS/Python venv/bin/gunicorn FA.wsgi:application --bind 127.0.0,2,2,0,0,0.038,0,0,0,357281855,34523567050,545417975267
2026-10-10T11:31:08.832258+00:00,app,65357,65349,67.8,1.1,277824,R,/opt/homebrew/Cellar/python@3.12/3.12.12_2/Frameworks/Python.framework/Versions/3.12/Resources/Python.app/Contents/MacOS/Python venv/bin/gunicorn FA.wsgi:application --bind 127.0.0,2,2,0,0,0.038,0,0,0,357281855,34523567050,545417975267
2026-10-10T11:31:08.832258+00:00,app,65358,65349,14.1,1.1,281936,S,/opt/homebrew/Cellar/python@3.12/3.12.12_2/Frameworks/Python.framework/Versions/3.12/Resources/Python.app/Contents/MacOS/Python venv/bin/gunicorn FA.wsgi:application --bind 127.0.0,2,2,0,0,0.038,0,0,0,357281855,34523567050,545417975267
2026-10-10T11:31:08.832258+00:00,loadgen,66574,66565,1.0,0.3,79376,S,/opt/homebrew/Cellar/python@3.12/3.12.12_2/Frameworks/Python.framework/Versions/3.12/Resources/Python.app/Contents/MacOS/Python venv/bin/locust -f perf/locust/locustfile.py --headl,2,2,0,0,0.038,0,0,0,357281855,34523567050,545417975267
2026-10-10T11:31:10.905347+00:00,app,65349,2547,0.0,0.1,12688,Ss,/opt/homebrew/Cellar/python@3.12/3.12.12_2/Frameworks/Python.framework/Versions/3.12/Resources/Python.app/Contents/MacOS/Python venv/bin/gunicorn FA.wsgi:application --bind 127.0.0,1,1,0,0,0.0,0,0,0,357289194,34523755425,545417975267
2026-10-10T11:31:10.905347+00:00,app,65356,65349,1.2,1.1,277920,S,/opt/homebrew/Cellar/python@3.12/3.12.12_2/Frameworks/Python.framework/Versions/3.12/Resources/Python.app/Contents/MacOS/Python venv/bin/gunicorn FA.wsgi:application --bind 127.0.0,1,1,0,0,0.0,0,0,0,357289194,34523755425,545417975267
2026-10-10T11:31:10.905347+00:00,app,65357,65349,13.4,1.1,277824,S,/opt/homebrew/Cellar/python@3.12/3.12.12_2/Frameworks/Python.framework/Versions/3.12/Resources/Python.app/Contents/MacOS/Python venv/bin/gunicorn FA.wsgi:application --bind 127.0.0,1,1,0,0,0.0,0,0,0,357289194,34523755425,545417975267
2026-10-10T11:31:10.905347+00:00,app,65358,65349,1.1,1.1,281936,S,/opt/homebrew/Cellar/python@3.12/3.12.12_2/Frameworks/Python.framework/Versions/3.12/Resources/Python.app/Contents/MacOS/Python venv/bin/gunicorn FA.wsgi:application --bind 127.0.0,1,1,0,0,0.0,0,0,0,357289194,34523755425,545417975267
2026-10-10T11:31:10.905347+00:00,loadgen,66574,66565,1.3,0.3,86352,S,/opt/homebrew/Cellar/python@3.12/3.12.12_2/Frameworks/Python.framework/Versions/3.12/Resources/Python.app/Contents/MacOS/Python venv/bin/locust -f perf/locust/locustfile.py --headl,1,1,0,0,0.0,0,0,0,357289194,34523755425,545417975267
2026-10-10T11:31:13.000013+00:00,app,65349,2547,0.0,0.1,12688,Ss,/opt/homebrew/Cellar/python@3.12/3.12.12_2/Frameworks/Python.framework/Versions/3.12/Resources/Python.app/Contents/MacOS/Python venv/bin/gunicorn FA.wsgi:application --bind 127.0.0,1,1,0,0,0.0,0,0,0,357299722,34523939201,545417975267
2026-10-10T11:31:13.000013+00:00,app,65356,65349,16.9,1.1,273824,S,/opt/homebrew/Cellar/python@3.12/3.12.12_2/Frameworks/Python.framework/Versions/3.12/Resources/Python.app/Contents/MacOS/Python venv/bin/gunicorn FA.wsgi:application --bind 127.0.0,1,1,0,0,0.0,0,0,0,357299722,34523939201,545417975267
2026-10-10T11:31:13.000013+00:00,app,65357,65349,0.1,1.1,277824,S,/opt/homebrew/Cellar/python@3.12/3.12.12_2/Frameworks/Python.framework/Versions/3.12/Resources/Python.app/Contents/MacOS/Python venv/bin/gunicorn FA.wsgi:application --bind 127.0.0,1,1,0,0,0.0,0,0,0,357299722,34523939201,545417975267
2026-10-10T11:31:13.000013+00:00,app,65358,65349,10.0,1.1,281936,R,/opt/homebrew/Cellar/python@3.12/3.12.12_2/Frameworks/Python.framework/Versions/3.12/Resources/Python.app/Contents/MacOS/Python venv/bin/gunicorn FA.wsgi:application --bind 127.0.0,1,1,0,0,0.0,0,0,0,357299722,34523939201,545417975267
2026-10-10T11:31:13.000013+00:00,loadgen,66574,66565,0.9,0.3,86656,S,/opt/homebrew/Cellar/python@3.12/3.12.12_2/Frameworks/Python.framework/Versions/3.12/Resources/Python.app/Contents/MacOS/Python venv/bin/locust -f perf/locust/locustfile.py --headl,1,1,0,0,0.0,0,0,0,357299722,34523939201,545417975267
2026-10-10T11:31:15.082549+00:00,app,65349,2547,0.0,0.1,12688,Ss,/opt/homebrew/Cellar/python@3.12/3.12.12_2/Frameworks/Python.framework/Versions/3.12/Resources/Python.app/Contents/MacOS/Python venv/bin/gunicorn FA.wsgi:application --bind 127.0.0,3,1,0,2,0.0,0,0,0,357315278,34524136503,545417975267
2026-10-10T11:31:15.082549+00:00,app,65356,65349,29.3,1.1,274528,R,/opt/homebrew/Cellar/python@3.12/3.12.12_2/Frameworks/Python.framework/Versions/3.12/Resources/Python.app/Contents/MacOS/Python venv/bin/gunicorn FA.wsgi:application --bind 127.0.0,3,1,0,2,0.0,0,0,0,357315278,34524136503,545417975267
2026-10-10T11:31:15.082549+00:00,app,65357,65349,26.2,1.1,277136,S,/opt/homebrew/Cellar/python@3.12/3.12.12_2/Frameworks/Python.framework/Versions/3.12/Resources/Python.app/Contents/MacOS/Python venv/bin/gunicorn FA.wsgi:application --bind 127.0.0,3,1,0,2,0.0,0,0,0,357315278,34524136503,545417975267
2026-10-10T11:31:15.082549+00:00,app,65358,65349,91.0,1.1,281952,R,/opt/homebrew/Cellar/python@3.12/3.12.12_2/Frameworks/Python.framework/Versions/3.12/Resources/Python.app/Contents/MacOS/Python venv/bin/gunicorn FA.wsgi:application --bind 127.0.0,3,1,0,2,0.0,0,0,0,357315278,34524136503,545417975267
2026-10-10T11:31:15.082549+00:00,loadgen,66574,66565,0.8,0.3,86672,S,/opt/homebrew/Cellar/python@3.12/3.12.12_2/Frameworks/Python.framework/Versions/3.12/Resources/Python.app/Contents/MacOS/Python venv/bin/locust -f perf/locust/locustfile.py --headl,3,1,0,2,0.0,0,0,0,357315278,34524136503,545417975267
2026-10-10T11:31:17.155799+00:00,app,65349,2547,0.0,0.1,12688,Ss,/opt/homebrew/Cellar/python@3.12/3.12.12_2/Frameworks/Python.framework/Versions/3.12/Resources/Python.app/Contents/MacOS/Python venv/bin/gunicorn FA.wsgi:application --bind 127.0.0,3,1,0,2,0.0,0,0,0,357315955,34524375762,545417975267
2026-10-10T11:31:17.155799+00:00,app,65356,65349,68.5,1.1,276032,R,/opt/homebrew/Cellar/python@3.12/3.12.12_2/Frameworks/Python.framework/Versions/3.12/Resources/Python.app/Contents/MacOS/Python venv/bin/gunicorn FA.wsgi:application --bind 127.0.0,3,1,0,2,0.0,0,0,0,357315955,34524375762,545417975267
2026-10-10T11:31:17.155799+00:00,app,65357,65349,95.0,1.1,277824,R,/opt/homebrew/Cellar/python@3.12/3.12.12_2/Frameworks/Python.framework/Versions/3.12/Resources/Python.app/Contents/MacOS/Python venv/bin/gunicorn FA.wsgi:application --bind 127.0.0,3,1,0,2,0.0,0,0,0,357315955,34524375762,545417975267
2026-10-10T11:31:17.155799+00:00,app,65358,65349,27.2,1.1,279952,S,/opt/homebrew/Cellar/python@3.12/3.12.12_2/Frameworks/Python.framework/Versions/3.12/Resources/Python.app/Contents/MacOS/Python venv/bin/gunicorn FA.wsgi:application --bind 127.0.0,3,1,0,2,0.0,0,0,0,357315955,34524375762,545417975267
2026-10-10T11:31:17.155799+00:00,loadgen,66574,66565,0.9,0.3,86624,S,/opt/homebrew/Cellar/python@3.12/3.12.12_2/Frameworks/Python.framework/Versions/3.12/Resources/Python.app/Contents/MacOS/Python venv/bin/locust -f perf/locust/locustfile.py --headl,3,1,0,2,0.0,0,0,0,357315955,34524375762,545417975267
2026-10-10T11:31:19.232409+00:00,app,65349,2547,0.0,0.1,12688,Ss,/opt/homebrew/Cellar/python@3.12/3.12.12_2/Frameworks/Python.framework/Versions/3.12/Resources/Python.app/Contents/MacOS/Python venv/bin/gunicorn FA.wsgi:application --bind 127.0.0,2,1,0,1,0.0,0,0,0,357355373,34524555547,545417975267
2026-10-10T11:31:19.232409+00:00,app,65356,65349,93.3,1.1,272960,R,/opt/homebrew/Cellar/python@3.12/3.12.12_2/Frameworks/Python.framework/Versions/3.12/Resources/Python.app/Contents/MacOS/Python venv/bin/gunicorn FA.wsgi:application --bind 127.0.0,2,1,0,1,0.0,0,0,0,357355373,34524555547,545417975267
2026-10-10T11:31:19.232409+00:00,app,65357,65349,1.1,1.1,283616,R,/opt/homebrew/Cellar/python@3.12/3.12.12_2/Frameworks/Python.framework/Versions/3.12/Resources/Python.app/Contents/MacOS/Python venv/bin/gunicorn FA.wsgi:application --bind 127.0.0,2,1,0,1,0.0,0,0,0,357355373,34524555547,545417975267
2026-10-10T11:31:19.232409+00:00,app,65358,65349,2.6,1.1,279952,S,/opt/homebrew/Cellar/python@3.12/3.12.12_2/Frameworks/Python.framework/Versions/3.12/Resources/Python.app/Contents/MacOS/Python venv/bin/gunicorn FA.wsgi:application --bind 127.0.0,2,1,0,1,0.0,0,0,0,357355373,34524555547,545417975267
2026-10-10T11:31:19.232409+00:00,loadgen,66574,66565,0.6,0.3,86624,S,/opt/homebrew/Cellar/python@3.12/3.12.12_2/Frameworks/Python.framework/Versions/3.12/Resources/Python.app/Contents/MacOS/Python venv/bin/locust -f perf/locust/locustfile.py --headl,2,1,0,1,0.0,0,0,0,357355373,34524555547,545417975267
2026-10-10T11:31:21.310990+00:00,app,65349,2547,0.0,0.1,12688,Ss,/opt/homebrew/Cellar/python@3.12/3.12.12_2/Frameworks/Python.framework/Versions/3.12/Resources/Python.app/Contents/MacOS/Python venv/bin/gunicorn FA.wsgi:application --bind 127.0.0,2,1,0,1,0.0,0,0,0,357369817,34524773575,545417975267
2026-10-10T11:31:21.310990+00:00,app,65356,65349,19.0,1.1,273664,S,/opt/homebrew/Cellar/python@3.12/3.12.12_2/Frameworks/Python.framework/Versions/3.12/Resources/Python.app/Contents/MacOS/Python venv/bin/gunicorn FA.wsgi:application --bind 127.0.0,2,1,0,1,0.0,0,0,0,357369817,34524773575,545417975267
2026-10-10T11:31:21.310990+00:00,app,65357,65349,20.4,1.1,279520,S,/opt/homebrew/Cellar/python@3.12/3.12.12_2/Frameworks/Python.framework/Versions/3.12/Resources/Python.app/Contents/MacOS/Python venv/bin/gunicorn FA.wsgi:application --bind 127.0.0,2,1,0,1,0.0,0,0,0,357369817,34524773575,545417975267
2026-10-10T11:31:21.310990+00:00,app,65358,65349,63.3,1.1,273808,R,/opt/homebrew/Cellar/python@3.12/3.12.12_2/Frameworks/Python.framework/Versions/3.12/Resources/Python.app/Contents/MacOS/Python venv/bin/gunicorn FA.wsgi:application --bind 127.0.0,2,1,0,1,0.0,0,0,0,357369817,34524773575,545417975267
2026-10-10T11:31:21.310990+00:00,loadgen,66574,66565,0.8,0.3,86624,S,/opt/homebrew/Cellar/python@3.12/3.12.12_2/Frameworks/Python.framework/Versions/3.12/Resources/Python.app/Contents/MacOS/Python venv/bin/locust -f perf/locust/locustfile.py --headl,2,1,0,1,0.0,0,0,0,357369817,34524773575,545417975267
2026-10-10T11:31:23.388402+00:00,app,65349,2547,0.0,0.1,12688,Ss,/opt/homebrew/Cellar/python@3.12/3.12.12_2/Frameworks/Python.framework/Versions/3.12/Resources/Python.app/Contents/MacOS/Python venv/bin/gunicorn FA.wsgi:application --bind 127.0.0,1,1,0,0,0.0,0,0,0,357395186,34524979699,545417975267
2026-10-10T11:31:23.388402+00:00,app,65356,65349,5.9,1.1,271616,S,/opt/homebrew/Cellar/python@3.12/3.12.12_2/Frameworks/Python.framework/Versions/3.12/Resources/Python.app/Contents/MacOS/Python venv/bin/gunicorn FA.wsgi:application --bind 127.0.0,1,1,0,0,0.0,0,0,0,357395186,34524979699,545417975267
2026-10-10T11:31:23.388402+00:00,app,65357,65349,0.2,1.1,279520,S,/opt/homebrew/Cellar/python@3.12/3.12.12_2/Frameworks/Python.framework/Versions/3.12/Resources/Python.app/Contents/MacOS/Python venv/bin/gunicorn FA.wsgi:application --bind 127.0.0,1,1,0,0,0.0,0,0,0,357395186,34524979699,545417975267
2026-10-10T11:31:23.388402+00:00,app,65358,65349,14.2,1.1,270736,S,/opt/homebrew/Cellar/python@3.12/3.12.12_2/Frameworks/Python.framework/Versions/3.12/Resources/Python.app/Contents/MacOS/Python venv/bin/gunicorn FA.wsgi:application --bind 127.0.0,1,1,0,0,0.0,0,0,0,357395186,34524979699,545417975267
2026-10-10T11:31:23.388402+00:00,loadgen,66574,66565,1.3,0.3,86624,S,/opt/homebrew/Cellar/python@3.12/3.12.12_2/Frameworks/Python.framework/Versions/3.12/Resources/Python.app/Contents/MacOS/Python venv/bin/locust -f perf/locust/locustfile.py --headl,1,1,0,0,0.0,0,0,0,357395186,34524979699,545417975267
2026-10-10T11:31:25.481705+00:00,app,65349,2547,0.0,0.1,12688,Ss,/opt/homebrew/Cellar/python@3.12/3.12.12_2/Frameworks/Python.framework/Versions/3.12/Resources/Python.app/Contents/MacOS/Python venv/bin/gunicorn FA.wsgi:application --bind 127.0.0,3,1,0,2,0.0,0,0,0,357403602,34525183236,545417975267
2026-10-10T11:31:25.481705+00:00,app,65356,65349,32.4,1.1,273520,R,/opt/homebrew/Cellar/python@3.12/3.12.12_2/Frameworks/Python.framework/Versions/3.12/Resources/Python.app/Contents/MacOS/Python venv/bin/gunicorn FA.wsgi:application --bind 127.0.0,3,1,0,2,0.0,0,0,0,357403602,34525183236,545417975267
2026-10-10T11:31:25.481705+00:00,app,65357,65349,14.7,1.2,294320,R,/opt/homebrew/Cellar/python@3.12/3.12.12_2/Frameworks/Python.framework/Versions/3.12/Resources/Python.app/Contents/MacOS/Python venv/bin/gunicorn FA.wsgi:application --bind 127.0.0,3,1,0,2,0.0,0,0,0,357403602,34525183236,545417975267
2026-10-10T11:31:25.481705+00:00,app,65358,65349,80.8,1.1,270736,R,/opt/homebrew/Cellar/python@3.12/3.12.12_2/Frameworks/Python.framework/Versions/3.12/Resources/Python.app/Contents/MacOS/Python venv/bin/gunicorn FA.wsgi:application --bind 127.0.0,3,1,0,2,0.0,0,0,0,357403602,34525183236,545417975267
2026-10-10T11:31:25.481705+00:00,loadgen,66574,66565,1.0,0.3,86624,S,/opt/homebrew/Cellar/python@3.12/3.12.12_2/Frameworks/Python.framework/Versions/3.12/Resources/Python.app/Contents/MacOS/Python venv/bin/locust -f perf/locust/locustfile.py --headl,3,1,0,2,0.0,0,0,0,357403602,34525183236,545417975267
2026-10-10T11:31:27.562097+00:00,app,65349,2547,0.0,0.1,12688,Ss,/opt/homebrew/Cellar/python@3.12/3.12.12_2/Frameworks/Python.framework/Versions/3.12/Resources/Python.app/Contents/MacOS/Python venv/bin/gunicorn FA.wsgi:application --bind 127.0.0,1,1,0,0,0.0,0,0,0,357431845,34525375023,545417975267
2026-10-10T11:31:27.562097+00:00,app,65356,65349,35.2,1.1,282256,S,/opt/homebrew/Cellar/python@3.12/3.12.12_2/Frameworks/Python.framework/Versions/3.12/Resources/Python.app/Contents/MacOS/Python venv/bin/gunicorn FA.wsgi:application --bind 127.0.0,1,1,0,0,0.0,0,0,0,357431845,34525375023,545417975267
2026-10-10T11:31:27.562097+00:00,app,65357,65349,7.5,1.2,292816,S,/opt/homebrew/Cellar/python@3.12/3.12.12_2/Frameworks/Python.framework/Versions/3.12/Resources/Python.app/Contents/MacOS/Python venv/bin/gunicorn FA.wsgi:application --bind 127.0.0,1,1,0,0,0.0,0,0,0,357431845,34525375023,545417975267
2026-10-10T11:31:27.562097+00:00,app,65358,65349,2.4,1.1,270736,S,/opt/homebrew/Cellar/python@3.12/3.12.12_2/Frameworks/Python.framework/Versions/3.12/Resources/Python.app/Contents/MacOS/Python venv/bin/gunicorn FA.wsgi:application --bind 127.0.0,1,1,0,0,0.0,0,0,0,357431845,34525375023,545417975267
2026-10-10T11:31:27.562097+00:00,loadgen,66574,66565,1.6,0.3,86592,S,/opt/homebrew/Cellar/python@3.12/3.12.12_2/Frameworks/Python.framework/Versions/3.12/Resources/Python.app/Contents/MacOS/Python venv/bin/locust -f perf/locust/locustfile.py --headl,1,1,0,0,0.0,0,0,0,357431845,34525375023,545417975267
2026-10-10T11:31:29.654287+00:00,app,65349,2547,0.0,0.1,12688,Ss,/opt/homebrew/Cellar/python@3.12/3.12.12_2/Frameworks/Python.framework/Versions/3.12/Resources/Python.app/Contents/MacOS/Python venv/bin/gunicorn FA.wsgi:application --bind 127.0.0,2,1,0,1,0.0,0,0,0,357455432,34525577689,545417975267
2026-10-10T11:31:29.654287+00:00,app,65356,65349,85.3,1.2,292752,R,/opt/homebrew/Cellar/python@3.12/3.12.12_2/Frameworks/Python.framework/Versions/3.12/Resources/Python.app/Contents/MacOS/Python venv/bin/gunicorn FA.wsgi:application --bind 127.0.0,2,1,0,1,0.0,0,0,0,357455432,34525577689,545417975267
2026-10-10T11:31:29.654287+00:00,app,65357,65349,35.0,1.1,285824,S,/opt/homebrew/Cellar/python@3.12/3.12.12_2/Frameworks/Python.framework/Versions/3.12/Resources/Python.app/Contents/MacOS/Python venv/bin/gunicorn FA.wsgi:application --bind 127.0.0,2,1,0,1,0.0,0,0,0,357455432,34525577689,545417975267
2026-10-10T11:31:29.654287+00:00,app,65358,65349,70.3,1.1,266640,S,/opt/homebrew/Cellar/python@3.12/3.12.12_2/Frameworks/Python.framework/Versions/3.12/Resources/Python.app/Contents/MacOS/Python venv/bin/gunicorn FA.wsgi:application --bind 127.0.0,2,1,0,1,0.0,0,0,0,357455432,34525577689,545417975267
2026-10-10T11:31:29.654287+00:00,loadgen,66574,66565,1.8,0.4,88832,S,/opt/homebrew/Cellar/python@3.12/3.12.12_2/Frameworks/Python.framework/Versions/3.12/Resources/Python.app/Contents/MacOS/Python venv/bin/locust -f perf/locust/locustfile.py --headl,2,1,0,1,0.0,0,0,0,357455432,34525577689,545417975267
2026-10-10T11:31:31.726298+00:00,app,65349,2547,0.0,0.1,12688,Ss,/opt/homebrew/Cellar/python@3.12/3.12.12_2/Frameworks/Python.framework/Versions/3.12/Resources/Python.app/Contents/MacOS/Python venv/bin/gunicorn FA.wsgi:application --bind 127.0.0,1,1,0,0,0.0,0,0,0,357455789,34525656234,545417975267
2026-10-10T11:31:31.726298+00:00,app,65356,65349,5.2,1.2,304016,S,/opt/homebrew/Cellar/python@3.12/3.12.12_2/Frameworks/Python.framework/Versions/3.12/Resources/Python.app/Contents/MacOS/Python venv/bin/gunicorn FA.wsgi:application --bind 127.0.0,1,1,0,0,0.0,0,0,0,357455789,34525656234,545417975267
2026-10-10T11:31:31.726298+00:00,app,65357,65349,2.4,1.1,285824,R,/opt/homebrew/Cellar/python@3.12/3.12.12_2/Frameworks/Python.framework/Versions/3.12/Resources/Python.app/Contents/MacOS/Python venv/bin/gunicorn FA.wsgi:application --bind 127.0.0,1,1,0,0,0.0,0,0,0,357455789,34525656234,545417975267
2026-10-10T11:31:31.726298+00:00,app,65358,65349,0.4,1.1,266640,S,/opt/homebrew/Cellar/python@3.12/3.12.12_2/Frameworks/Python.framework/Versions/3.12/Resources/Python.app/Contents/MacOS/Python venv/bin/gunicorn FA.wsgi:application --bind 127.0.0,1,1,0,0,0.0,0,0,0,357455789,34525656234,545417975267
2026-10-10T11:31:31.726298+00:00,loadgen,66574,66565,0.4,0.4,88832,S,/opt/homebrew/Cellar/python@3.12/3.12.12_2/Frameworks/Python.framework/Versions/3.12/Resources/Python.app/Contents/MacOS/Python venv/bin/locust -f perf/locust/locustfile.py --headl,1,1,0,0,0.0,0,0,0,357455789,34525656234,545417975267
2026-10-10T11:31:33.821700+00:00,app,65349,2547,0.0,0.1,12688,Ss,/opt/homebrew/Cellar/python@3.12/3.12.12_2/Frameworks/Python.framework/Versions/3.12/Resources/Python.app/Contents/MacOS/Python venv/bin/gunicorn FA.wsgi:application --bind 127.0.0,2,2,0,0,0.002,0,0,0,357477303,34525916391,545417975267
2026-10-10T11:31:33.821700+00:00,app,65356,65349,28.9,1.2,304016,R,/opt/homebrew/Cellar/python@3.12/3.12.12_2/Frameworks/Python.framework/Versions/3.12/Resources/Python.app/Contents/MacOS/Python venv/bin/gunicorn FA.wsgi:application --bind 127.0.0,2,2,0,0,0.002,0,0,0,357477303,34525916391,545417975267
2026-10-10T11:31:33.821700+00:00,app,65357,65349,0.5,1.1,287216,S,/opt/homebrew/Cellar/python@3.12/3.12.12_2/Frameworks/Python.framework/Versions/3.12/Resources/Python.app/Contents/MacOS/Python venv/bin/gunicorn FA.wsgi:application --bind 127.0.0,2,2,0,0,0.002,0,0,0,357477303,34525916391,545417975267
2026-10-10T11:31:33.821700+00:00,app,65358,65349,61.0,1.1,266640,S,/opt/homebrew/Cellar/python@3.12/3.12.12_2/Frameworks/Python.framework/Versions/3.12/Resources/Python.app/Contents/MacOS/Python venv/bin/gunicorn FA.wsgi:application --bind 127.0.0,2,2,0,0,0.002,0,0,0,357477303,34525916391,545417975267
2026-10-10T11:31:33.821700+00:00,loadgen,66574,66565,1.2,0.4,88832,S,/opt/homebrew/Cellar/python@3.12/3.12.12_2/Frameworks/Python.framework/Versions/3.12/Resources/Python.app/Contents/MacOS/Python venv/bin/locust -f perf/locust/locustfile.py --headl,2,2,0,0,0.002,0,0,0,357477303,34525916391,545417975267
2026-10-10T11:31:35.896369+00:00,app,65349,2547,0.0,0.1,12688,Ss,/opt/homebrew/Cellar/python@3.12/3.12.12_2/Frameworks/Python.framework/Versions/3.12/Resources/Python.app/Contents/MacOS/Python venv/bin/gunicorn FA.wsgi:application --bind 127.0.0,4,2,0,2,0.018,0,0,0,357491178,34526021158,545417975267
2026-10-10T11:31:35.896369+00:00,app,65356,65349,93.7,1.2,296848,R,/opt/homebrew/Cellar/python@3.12/3.12.12_2/Frameworks/Python.framework/Versions/3.12/Resources/Python.app/Contents/MacOS/Python venv/bin/gunicorn FA.wsgi:application --bind 127.0.0,4,2,0,2,0.018,0,0,0,357491178,34526021158,545417975267
2026-10-10T11:31:35.896369+00:00,app,65357,65349,85.2,1.1,287216,R,/opt/homebrew/Cellar/python@3.12/3.12.12_2/Frameworks/Python.framework/Versions/3.12/Resources/Python.app/Contents/MacOS/Python venv/bin/gunicorn FA.wsgi:application --bind 127.0.0,4,2,0,2,0.018,0,0,0,357491178,34526021158,545417975267
2026-10-10T11:31:35.896369+00:00,app,65358,65349,67.0,1.1,266640,R,/opt/homebrew/Cellar/python@3.12/3.12.12_2/Frameworks/Python.framework/Versions/3.12/Resources/Python.app/Contents/MacOS/Python venv/bin/gunicorn FA.wsgi:application --bind 127.0.0,4,2,0,2,0.018,0,0,0,357491178,34526021158,545417975267
2026-10-10T11:31:35.896369+00:00,loadgen,66574,66565,0.6,0.4,88832,S,/opt/homebrew/Cellar/python@3.12/3.12.12_2/Frameworks/Python.framework/Versions/3.12/Resources/Python.app/Contents/MacOS/Python venv/bin/locust -f perf/locust/locustfile.py --headl,4,2,0,2,0.018,0,0,0,357491178,34526021158,545417975267
2026-10-10T11:31:37.982008+00:00,app,65349,2547,0.0,0.1,12688,Ss,/opt/homebrew/Cellar/python@3.12/3.12.12_2/Frameworks/Python.framework/Versions/3.12/Resources/Python.app/Contents/MacOS/Python venv/bin/gunicorn FA.wsgi:application --bind 127.0.0,3,1,0,2,0.0,0,0,0,357511495,34526207170,545417975267
2026-10-10T11:31:37.982008+00:00,app,65356,65349,98.0,1.2,296816,R,/opt/homebrew/Cellar/python@3.12/3.12.12_2/Frameworks/Python.framework/Versions/3.12/Resources/Python.app/Contents/MacOS/Python venv/bin/gunicorn FA.wsgi:application --bind 127.0.0,3,1,0,2,0.0,0,0,0,357511495,34526207170,545417975267
2026-10-10T11:31:37.982008+00:00,app,65357,65349,16.8,1.1,287216,S,/opt/homebrew/Cellar/python@3.12/3.12.12_2/Frameworks/Python.framework/Versions/3.12/Resources/Python.app/Contents/MacOS/Python venv/bin/gunicorn FA.wsgi:application --bind 127.0.0,3,1,0,2,0.0,0,0,0,357511495,34526207170,545417975267
2026-10-10T11:31:37.982008+00:00,app,65358,65349,99.3,1.1,266640,R,/opt/homebrew/Cellar/python@3.12/3.12.12_2/Frameworks/Python.framework/Versions/3.12/Resources/Python.app/Contents/MacOS/Python venv/bin/gunicorn FA.wsgi:application --bind 127.0.0,3,1,0,2,0.0,0,0,0,357511495,34526207170,545417975267
2026-10-10T11:31:37.982008+00:00,loadgen,66574,66565,1.3,0.4,88848,S,/opt/homebrew/Cellar/python@3.12/3.12.12_2/Frameworks/Python.framework/Versions/3.12/Resources/Python.app/Contents/MacOS/Python venv/bin/locust -f perf/locust/locustfile.py --headl,3,1,0,2,0.0,0,0,0,357511495,34526207170,545417975267
2026-10-10T11:31:40.058064+00:00,app,65349,2547,0.0,0.1,12688,Ss,/opt/homebrew/Cellar/python@3.12/3.12.12_2/Frameworks/Python.framework/Versions/3.12/Resources/Python.app/Contents/MacOS/Python venv/bin/gunicorn FA.wsgi:application --bind 127.0.0,2,2,0,0,0.003,0,0,0,357524799,34526393285,545417975267
2026-10-10T11:31:40.058064+00:00,app,65356,65349,9.6,1.2,296848,S,/opt/homebrew/Cellar/python@3.12/3.12.12_2/Frameworks/Python.framework/Versions/3.12/Resources/Python.app/Contents/MacOS/Python venv/bin/gunicorn FA.wsgi:application --bind 127.0.0,2,2,0,0,0.003,0,0,0,357524799,34526393285,545417975267
2026-10-10T11:31:40.058064+00:00,app,65357,65349,15.8,1.1,287216,S,/opt/homebrew/Cellar/python@3.12/3.12.12_2/Frameworks/Python.framework/Versions/3.12/Resources/Python.app/Contents/MacOS/Python venv/bin/gunicorn FA.wsgi:application --bind 127.0.0,2,2,0,0,0.003,0,0,0,357524799,34526393285,545417975267
2026-10-10T11:31:40.058064+00:00,app,65358,65349,43.1,1.1,266640,S,/opt/homebrew/Cellar/python@3.12/3.12.12_2/Frameworks/Python.framework/Versions/3.12/Resources/Python.app/Contents/MacOS/Python venv/bin/gunicorn FA.wsgi:application --bind 127.0.0,2,2,0,0,0.003,0,0,0,357524799,34526393285,545417975267
2026-10-10T11:31:40.058064+00:00,loadgen,66574,66565,4.6,0.4,88848,S,/opt/homebrew/Cellar/python@3.12/3.12.12_2/Frameworks/Python.framework/Versions/3.12/Resources/Python.app/Contents/MacOS/Python venv/bin/locust -f perf/locust/locustfile.py --headl,2,2,0,0,0.003,0,0,0,357524799,34526393285,545417975267
2026-10-10T11:31:42.135145+00:00,app,65349,2547,0.0,0.1,12688,Ss,/opt/homebrew/Cellar/python@3.12/3.12.12_2/Frameworks/Python.framework/Versions/3.12/Resources/Python.app/Contents/MacOS/Python venv/bin/gunicorn FA.wsgi:application --bind 127.0.0,1,1,0,0,0.0,0,0,0,357544380,34526525270,545417975267
2026-10-10T11:31:42.135145+00:00,app,65356,65349,9.4,1.2,296848,S,/opt/homebrew/Cellar/python@3.12/3.12.12_2/Frameworks/Python.framework/Versions/3.12/Resources/Python.app/Contents/MacOS/Python venv/bin/gunicorn FA.wsgi:application --bind 127.0.0,1,1,0,0,0.0,0,0,0,357544380,34526525270,545417975267
2026-10-10T11:31:42.135145+00:00,app,65357,65349,4.3,1.1,287216,S,/opt/homebrew/Cellar/python@3.12/3.12.12_2/Frameworks/Python.framework/Versions/3.12/Resources/Python.app/Contents/MacOS/Python venv/bin/gunicorn FA.wsgi:application --bind 127.0.0,1,1,0,0,0.0,0,0,0,357544380,34526525270,545417975267
2026-10-10T11:31:42.135145+00:00,app,65358,65349,11.6,1.1,268512,S,/opt/homebrew/Cellar/python@3.12/3.12.12_2/Frameworks/Python.framework/Versions/3.12/Resources/Python.app/Contents/MacOS/Python venv/bin/gunicorn FA.wsgi:application --bind 127.0.0,1,1,0,0,0.0,0,0,0,357544380,34526525270,545417975267
2026-10-10T11:31:42.135145+00:00,loadgen,66574,66565,1.7,0.4,88864,S,/opt/homebrew/Cellar/python@3.12/3.12.12_2/Frameworks/Python.framework/Versions/3.12/Resources/Python.app/Contents/MacOS/Python venv/bin/locust -f perf/locust/locustfile.py --headl,1,1,0,0,0.0,0,0,0,357544380,34526525270,545417975267
2026-10-10T11:31:44.214672+00:00,app,65349,2547,0.0,0.1,12688,Ss,/opt/homebrew/Cellar/python@3.12/3.12.12_2/Frameworks/Python.framework/Versions/3.12/Resources/Python.app/Contents/MacOS/Python venv/bin/gunicorn FA.wsgi:application --bind 127.0.0,3,1,0,2,0.0,0,0,0,357559778,34526670722,545417975267
2026-10-10T11:31:44.214672+00:00,app,65356,65349,56.8,1.1,283536,R,/opt/homebrew/Cellar/python@3.12/3.12.12_2/Frameworks/Python.framework/Versions/3.12/Resources/Python.app/Contents/MacOS/Python venv/bin/gunicorn FA.wsgi:application --bind 127.0.0,3,1,0,2,0.0,0,0,0,357559778,34526670722,545417975267
2026-10-10T11:31:44.214672+00:00,app,65357,65349,23.3,1.1,287216,S,/opt/homebrew/Cellar/python@3.12/3.12.12_2/Frameworks/Python.framework/Versions/3.12/Resources/Python.app/Contents/MacOS/Python venv/bin/gunicorn FA.wsgi:application --bind 127.0.0,3,1,0,2,0.0,0,0,0,357559778,34526670722,545417975267
2026-10-10T11:31:44.214672+00:00,app,65358,65349,65.2,1.1,268528,R,/opt/homebrew/Cellar/python@3.12/3.12.12_2/Frameworks/Python.framework/Versions/3.12/Resources/Python.app/Contents/MacOS/Python venv/bin/gunicorn FA.wsgi:application --bind 127.0.0,3,1,0,2,0.0,0,0,0,357559778,34526670722,545417975267
2026-10-10T11:31:44.214672+00:00,loadgen,66574,66565,1.3,0.4,88928,S,/opt/homebrew/Cellar/python@3.12/3.12.12_2/Frameworks/Python.framework/Versions/3.12/Resources/Python.app/Contents/MacOS/Python venv/bin/locust -f perf/locust/locustfile.py --headl,3,1,0,2,0.0,0,0,0,357559778,34526670722,545417975267
2026-10-10T11:31:46.290947+00:00,app,65349,2547,0.0,0.1,12688,Ss,/opt/homebrew/Cellar/python@3.12/3.12.12_2/Frameworks/Python.framework/Versions/3.12/Resources/Python.app/Contents/MacOS/Python venv/bin/gunicorn FA.wsgi:application --bind 127.0.0,2,1,0,1,0.0,0,0,0,357578455,34526840844,545417975267
2026-10-10T11:31:46.290947+00:00,app,65356,65349,71.9,1.2,290288,R,/opt/homebrew/Cellar/python@3.12/3.12.12_2/Frameworks/Python.framework/Versions/3.12/Resources/Python.app/Contents/MacOS/Python venv/bin/gunicorn FA.wsgi:application --bind 127.0.0,2,1,0,1,0.0,0,0,0,357578455,34526840844,545417975267
2026-10-10T11:31:46.290947+00:00,app,65357,65349,2.3,1.1,287232,R,/opt/homebrew/Cellar/python@3.12/3.12.12_2/Frameworks/Python.framework/Versions/3.12/Resources/Python.app/Contents/MacOS/Python venv/bin/gunicorn FA.wsgi:application --bind 127.0.0,2,1,0,1,0.0,0,0,0,357578455,34526840844,545417975267
2026-10-10T11:31:46.290947+00:00,app,65358,65349,10.2,1.1,267504,S,/opt/homebrew/Cellar/python@3.12/3.12.12_2/Frameworks/Python.framework/Versions/3.12/Resources/Python.app/Contents/MacOS/Python venv/bin/gunicorn FA.wsgi:application --bind 127.0.0,2,1,0,1,0.0,0,0,0,357578455,34526840844,545417975267
2026-10-10T11:31:46.290947+00:00,loadgen,66574,66565,0.5,0.4,88928,S,/opt/homebrew/Cellar/python@3.12/3.12.12_2/Frameworks/Python.framework/Versions/3.12/Resources/Python.app/Contents/MacOS/Python venv/bin/locust -f perf/locust/locustfile.py --headl,2,1,0,1,0.0,0,0,0,357578455,34526840844,545417975267
2026-10-10T11:31:48.369710+00:00,app,65349,2547,0.0,0.1,12688,Ss,/opt/homebrew/Cellar/python@3.12/3.12.12_2/Frameworks/Python.framework/Versions/3.12/Resources/Python.app/Contents/MacOS/Python venv/bin/gunicorn FA.wsgi:application --bind 127.0.0,3,2,0,1,0.0,0,0,0,357595810,34527033970,545417975267
2026-10-10T11:31:48.369710+00:00,app,65356,65349,79.2,1.2,297472,R,/opt/homebrew/Cellar/python@3.12/3.12.12_2/Frameworks/Python.framework/Versions/3.12/Resources/Python.app/Contents/MacOS/Python venv/bin/gunicorn FA.wsgi:application --bind 127.0.0,3,2,0,1,0.0,0,0,0,357595810,34527033970,545417975267
2026-10-10T11:31:48.369710+00:00,app,65357,65349,17.8,1.1,287232,R,/opt/homebrew/Cellar/python@3.12/3.12.12_2/Frameworks/Python.framework/Versions/3.12/Resources/Python.app/Contents/MacOS/Python venv/bin/gunicorn FA.wsgi:application --bind 127.0.0,3,2,0,1,0.0,0,0,0,357595810,34527033970,545417975267
2026-10-10T11:31:48.369710+00:00,app,65358,65349,0.1,1.1,266880,S,/opt/homebrew/Cellar/python@3.12/3.12.12_2/Frameworks/Python.framework/Versions/3.12/Resources/Python.app/Contents/MacOS/Python venv/bin/gunicorn FA.wsgi:application --bind 127.0.0,3,2,0,1,0.0,0,0,0,357595810,34527033970,545417975267
2026-10-10T11:31:48.369710+00:00,loadgen,66574,66565,0.7,0.4,90832,S,/opt/homebrew/Cellar/python@3.12/3.12.12_2/Frameworks/Python.framework/Versions/3.12/Resources/Python.app/Contents/MacOS/Python venv/bin/locust -f perf/locust/locustfile.py --headl,3,2,0,1,0.0,0,0,0,357595810,34527033970,545417975267
2026-10-10T11:31:50.588909+00:00,app,65349,2547,0.0,0.1,12688,Ss,/opt/homebrew/Cellar/python@3.12/3.12.12_2/Frameworks/Python.framework/Versions/3.12/Resources/Python.app/Contents/MacOS/Python venv/bin/gunicorn FA.wsgi:application --bind 127.0.0,3,2,0,1,0.041,0,0,0,357603143,34527186426,545417975267
2026-10-10T11:31:50.588909+00:00,app,65356,65349,21.0,1.2,297616,S,/opt/homebrew/Cellar/python@3.12/3.12.12_2/Frameworks/Python.framework/Versions/3.12/Resources/Python.app/Contents/MacOS/Python venv/bin/gunicorn FA.wsgi:application --bind 127.0.0,3,2,0,1,0.041,0,0,0,357603143,34527186426,545417975267
2026-10-10T11:31:50.588909+00:00,app,65357,65349,79.7,1.1,286208,R,/opt/homebrew/Cellar/python@3.12/3.12.12_2/Frameworks/Python.framework/Versions/3.12/Resources/Python.app/Contents/MacOS/Python venv/bin/gunicorn FA.wsgi:application --bind 127.0.0,3,2,0,1,0.041,0,0,0,357603143,34527186426,545417975267
2026-10-10T11:31:50.588909+00:00,app,65358,65349,91.3,1.1,266880,R,/opt/homebrew/Cellar/python@3.12/3.12.12_2/Frameworks/Python.framework/Versions/3.12/Resources/Python.app/Contents/MacOS/Python venv/bin/gunicorn FA.wsgi:application --bind 127.0.0,3,2,0,1,0.041,0,0,0,357603143,34527186426,545417975267
2026-10-10T11:31:50.588909+00:00,loadgen,66574,66565,1.3,0.4,90800,S,/opt/homebrew/Cellar/python@3.12/3.12.12_2/Frameworks/Python.framework/Versions/3.12/Resources/Python.app/Contents/MacOS/Python venv/bin/locust -f perf/locust/locustfile.py --headl,3,2,0,1,0.041,0,0,0,357603143,34527186426,545417975267
2026-10-10T11:31:52.686078+00:00,app,65349,2547,0.0,0.1,12688,Ss,/opt/homebrew/Cellar/python@3.12/3.12.12_2/Frameworks/Python.framework/Versions/3.12/Resources/Python.app/Contents/MacOS/Python venv/bin/gunicorn FA.wsgi:application --bind 127.0.0,3,1,0,2,0.0,0,0,0,357612331,34527276026,545417975267
2026-10-10T11:31:52.686078+00:00,app,65356,65349,95.7,1.2,295616,R,/opt/homebrew/Cellar/python@3.12/3.12.12_2/Frameworks/Python.framework/Versions/3.12/Resources/Python.app/Contents/MacOS/Python venv/bin/gunicorn FA.wsgi:application --bind 127.0.0,3,1,0,2,0.0,0,0,0,357612331,34527276026,545417975267
2026-10-10T11:31:52.686078+00:00,app,65357,65349,51.3,1.1,283296,R,/opt/homebrew/Cellar/python@3.12/3.12.12_2/Frameworks/Python.framework/Versions/3.12/Resources/Python.app/Contents/MacOS/Python venv/bin/gunicorn FA.wsgi:application --bind 127.0.0,3,1,0,2,0.0,0,0,0,357612331,34527276026,545417975267
2026-10-10T11:31:52.686078+00:00,app,65358,65349,8.1,1.1,265952,R,/opt/homebrew/Cellar/python@3.12/3.12.12_2/Frameworks/Python.framework/Versions/3.12/Resources/Python.app/Contents/MacOS/Python venv/bin/gunicorn FA.wsgi:application --bind 127.0.0,3,1,0,2,0.0,0,0,0,357612331,34527276026,545417975267
2026-10-10T11:31:52.686078+00:00,loadgen,66574,66565,1.3,0.4,90800,S,/opt/homebrew/Cellar/python@3.12/3.12.12_2/Frameworks/Python.framework/Versions/3.12/Resources/Python.app/Contents/MacOS/Python venv/bin/locust -f perf/locust/locustfile.py --headl,3,1,0,2,0.0,0,0,0,357612331,34527276026,545417975267
2026-10-10T11:31:54.757461+00:00,app,65349,2547,0.0,0.1,12688,Ss,/opt/homebrew/Cellar/python@3.12/3.12.12_2/Frameworks/Python.framework/Versions/3.12/Resources/Python.app/Contents/MacOS/Python venv/bin/gunicorn FA.wsgi:application --bind 127.0.0,3,1,0,2,0.0,0,0,0,357644997,34527467433,545417975267
2026-10-10T11:31:54.757461+00:00,app,65356,65349,51.1,1.2,295104,R,/opt/homebrew/Cellar/python@3.12/3.12.12_2/Frameworks/Python.framework/Versions/3.12/Resources/Python.app/Contents/MacOS/Python venv/bin/gunicorn FA.wsgi:application --bind 127.0.0,3,1,0,2,0.0,0,0,0,357644997,34527467433,545417975267
2026-10-10T11:31:54.757461+00:00,app,65357,65349,95.8,1.1,283136,R,/opt/homebrew/Cellar/python@3.12/3.12.12_2/Frameworks/Python.framework/Versions/3.12/Resources/Python.app/Contents/MacOS/Python venv/bin/gunicorn FA.wsgi:application --bind 127.0.0,3,1,0,2,0.0,0,0,0,357644997,34527467433,545417975267
2026-10-10T11:31:54.757461+00:00,app,65358,65349,36.9,1.1,279264,S,/opt/homebrew/Cellar/python@3.12/3.12.12_2/Frameworks/Python.framework/Versions/3.12/Resources/Python.app/Contents/MacOS/Python venv/bin/gunicorn FA.wsgi:application --bind 127.0.0,3,1,0,2,0.0,0,0,0,357644997,34527467433,545417975267
2026-10-10T11:31:54.757461+00:00,loadgen,66574,66565,1.2,0.4,92704,S,/opt/homebrew/Cellar/python@3.12/3.12.12_2/Frameworks/Python.framework/Versions/3.12/Resources/Python.app/Contents/MacOS/Python venv/bin/locust -f perf/locust/locustfile.py --headl,3,1,0,2,0.0,0,0,0,357644997,34527467433,545417975267
2026-10-10T11:31:56.829529+00:00,app,65349,2547,0.0,0.1,12688,Ss,/opt/homebrew/Cellar/python@3.12/3.12.12_2/Frameworks/Python.framework/Versions/3.12/Resources/Python.app/Contents/MacOS/Python venv/bin/gunicorn FA.wsgi:application --bind 127.0.0,6,4,0,3,0.074,0,0,0,357659308,34527703837,545417975267
2026-10-10T11:31:56.829529+00:00,app,65356,65349,63.5,1.2,295104,S,/opt/homebrew/Cellar/python@3.12/3.12.12_2/Frameworks/Python.framework/Versions/3.12/Resources/Python.app/Contents/MacOS/Python venv/bin/gunicorn FA.wsgi:application --bind 127.0.0,6,4,0,3,0.074,0,0,0,357659308,34527703837,545417975267
2026-10-10T11:31:56.829529+00:00,app,65357,65349,87.7,1.1,283136,R,/opt/homebrew/Cellar/python@3.12/3.12.12_2/Frameworks/Python.framework/Versions/3.12/Resources/Python.app/Contents/MacOS/Python venv/bin/gunicorn FA.wsgi:application --bind 127.0.0,6,4,0,3,0.074,0,0,0,357659308,34527703837,545417975267
2026-10-10T11:31:56.829529+00:00,app,65358,65349,21.3,1.1,278240,S,/opt/homebrew/Cellar/python@3.12/3.12.12_2/Frameworks/Python.framework/Versions/3.12/Resources/Python.app/Contents/MacOS/Python venv/bin/gunicorn FA.wsgi:application --bind 127.0.0,6,4,0,3,0.074,0,0,0,357659308,34527703837,545417975267
2026-10-10T11:31:56.829529+00:00,loadgen,66574,66565,0.6,0.4,93344,S,/opt/homebrew/Cellar/python@3.12/3.12.12_2/Frameworks/Python.framework/Versions/3.12/Resources/Python.app/Contents/MacOS/Python venv/bin/locust -f perf/locust/locustfile.py --headl,6,4,0,3,0.074,0,0,0,357659308,34527703837,545417975267
2026-10-10T11:31:58.901117+00:00,app,65349,2547,0.0,0.1,12688,Ss,/opt/homebrew/Cellar/python@3.12/3.12.12_2/Frameworks/Python.framework/Versions/3.12/Resources/Python.app/Contents/MacOS/Python venv/bin/gunicorn FA.wsgi:application --bind 127.0.0,1,1,0,0,0.0,0,0,0,357678513,34528042152,545417975267
2026-10-10T11:31:58.901117+00:00,app,65356,65349,24.9,1.1,283712,S,/opt/homebrew/Cellar/python@3.12/3.12.12_2/Frameworks/Python.framework/Versions/3.12/Resources/Python.app/Contents/MacOS/Python venv/bin/gunicorn FA.wsgi:application --bind 127.0.0,1,1,0,0,0.0,0,0,0,357678513,34528042152,545417975267
2026-10-10T11:31:58.901117+00:00,app,65357,65349,7.2,1.2,295104,R,/opt/homebrew/Cellar/python@3.12/3.12.12_2/Frameworks/Python.framework/Versions/3.12/Resources/Python.app/Contents/MacOS/Python venv/bin/gunicorn FA.wsgi:application --bind 127.0.0,1,1,0,0,0.0,0,0,0,357678513,34528042152,545417975267
2026-10-10T11:31:58.901117+00:00,app,65358,65349,10.0,1.1,278240,S,/opt/homebrew/Cellar/python@3.12/3.12.12_2/Frameworks/Python.framework/Versions/3.12/Resources/Python.app/Contents/MacOS/Python venv/bin/gunicorn FA.wsgi:application --bind 127.0.0,1,1,0,0,0.0,0,0,0,357678513,34528042152,545417975267
2026-10-10T11:31:58.901117+00:00,loadgen,66574,66565,6.0,0.4,93920,S,/opt/homebrew/Cellar/python@3.12/3.12.12_2/Frameworks/Python.framework/Versions/3.12/Resources/Python.app/Contents/MacOS/Python venv/bin/locust -f perf/locust/locustfile.py --headl,1,1,0,0,0.0,0,0,0,357678513,34528042152,545417975267
2026-10-10T11:32:00.990724+00:00,app,65349,2547,0.0,0.1,12688,Ss,/opt/homebrew/Cellar/python@3.12/3.12.12_2/Frameworks/Python.framework/Versions/3.12/Resources/Python.app/Contents/MacOS/Python venv/bin/gunicorn FA.wsgi:application --bind 127.0.0,1,1,0,0,0.0,0,0,0,357678972,34528266700,545417975267
2026-10-10T11:32:00.990724+00:00,app,65356,65349,23.2,1.1,281664,S,/opt/homebrew/Cellar/python@3.12/3.12.12_2/Frameworks/Python.framework/Versions/3.12/Resources/Python.app/Contents/MacOS/Python venv/bin/gunicorn FA.wsgi:application --bind 127.0.0,1,1,0,0,0.0,0,0,0,357678972,34528266700,545417975267
2026-10-10T11:32:00.990724+00:00,app,65357,65349,6.4,1.2,295104,S,/opt/homebrew/Cellar/python@3.12/3.12.12_2/Frameworks/Python.framework/Versions/3.12/Resources/Python.app/Contents/MacOS/Python venv/bin/gunicorn FA.wsgi:application --bind 127.0.0,1,1,0,0,0.0,0,0,0,357678972,34528266700,545417975267
2026-10-10T11:32:00.990724+00:00,app,65358,65349,4.8,1.1,278240,S,/opt/homebrew/Cellar/python@3.12/3.12.12_2/Frameworks/Python.framework/Versions/3.12/Resources/Python.app/Contents/MacOS/Python venv/bin/gunicorn FA.wsgi:application --bind 127.0.0,1,1,0,0,0.0,0,0,0,357678972,34528266700,545417975267
2026-10-10T11:32:00.990724+00:00,loadgen,66574,66565,1.2,0.4,93984,S,/opt/homebrew/Cellar/python@3.12/3.12.12_2/Frameworks/Python.framework/Versions/3.12/Resources/Python.app/Contents/MacOS/Python venv/bin/locust -f perf/locust/locustfile.py --headl,1,1,0,0,0.0,0,0,0,357678972,34528266700,545417975267
2026-10-10T11:32:03.059829+00:00,app,65349,2547,0.0,0.1,12688,Ss,/opt/homebrew/Cellar/python@3.12/3.12.12_2/Frameworks/Python.framework/Versions/3.12/Resources/Python.app/Contents/MacOS/Python venv/bin/gunicorn FA.wsgi:application --bind 127.0.0,2,2,0,0,0.019,0,0,0,357693362,34528467124,545417975267
2026-10-10T11:32:03.059829+00:00,app,65356,65349,7.0,1.1,280640,S,/opt/homebrew/Cellar/python@3.12/3.12.12_2/Frameworks/Python.framework/Versions/3.12/Resources/Python.app/Contents/MacOS/Python venv/bin/gunicorn FA.wsgi:application --bind 127.0.0,2,2,0,0,0.019,0,0,0,357693362,34528467124,545417975267
2026-10-10T11:32:03.059829+00:00,app,65357,65349,1.5,1.2,295104,S,/opt/homebrew/Cellar/python@3.12/3.12.12_2/Frameworks/Python.framework/Versions/3.12/Resources/Python.app/Contents/MacOS/Python venv/bin/gunicorn FA.wsgi:application --bind 127.0.0,2,2,0,0,0.019,0,0,0,357693362,34528467124,545417975267
2026-10-10T11:32:03.059829+00:00,app,65358,65349,19.7,1.1,278240,R,/opt/homebrew/Cellar/python@3.12/3.12.12_2/Frameworks/Python.framework/Versions/3.12/Resources/Python.app/Contents/MacOS/Python venv/bin/gunicorn FA.wsgi:application --bind 127.0.0,2,2,0,0,0.019,0,0,0,357693362,34528467124,545417975267
2026-10-10T11:32:03.059829+00:00,loadgen,66574,66565,0.4,0.4,93984,S,/opt/homebrew/Cellar/python@3.12/3.12.12_2/Frameworks/Python.framework/Versions/3.12/Resources/Python.app/Contents/MacOS/Python venv/bin/locust -f perf/locust/locustfile.py --headl,2,2,0,0,0.019,0,0,0,357693362,34528467124,545417975267
2026-10-10T11:32:05.135211+00:00,app,65349,2547,0.0,0.1,12688,Ss,/opt/homebrew/Cellar/python@3.12/3.12.12_2/Frameworks/Python.framework/Versions/3.12/Resources/Python.app/Contents/MacOS/Python venv/bin/gunicorn FA.wsgi:application --bind 127.0.0,2,2,0,0,0.096,0,0,0,357707246,34528612493,545417975267
2026-10-10T11:32:05.135211+00:00,app,65356,65349,72.9,1.1,279616,R,/opt/homebrew/Cellar/python@3.12/3.12.12_2/Frameworks/Python.framework/Versions/3.12/Resources/Python.app/Contents/MacOS/Python venv/bin/gunicorn FA.wsgi:application --bind 127.0.0,2,2,0,0,0.096,0,0,0,357707246,34528612493,545417975267
2026-10-10T11:32:05.135211+00:00,app,65357,65349,8.4,1.2,295104,S,/opt/homebrew/Cellar/python@3.12/3.12.12_2/Frameworks/Python.framework/Versions/3.12/Resources/Python.app/Contents/MacOS/Python venv/bin/gunicorn FA.wsgi:application --bind 127.0.0,2,2,0,0,0.096,0,0,0,357707246,34528612493,545417975267
2026-10-10T11:32:05.135211+00:00,app,65358,65349,9.1,1.1,274144,S,/opt/homebrew/Cellar/python@3.12/3.12.12_2/Frameworks/Python.framework/Versions/3.12/Resources/Python.app/Contents/MacOS/Python venv/bin/gunicorn FA.wsgi:application --bind 127.0.0,2,2,0,0,0.096,0,0,0,357707246,34528612493,545417975267
2026-10-10T11:32:05.135211+00:00,loadgen,66574,66565,0.5,0.4,94128,S,/opt/homebrew/Cellar/python@3.12/3.12.12_2/Frameworks/Python.framework/Versions/3.12/Resources/Python.app/Contents/MacOS/Python venv/bin/locust -f perf/locust/locustfile.py --headl,2,2,0,0,0.096,0,0,0,357707246,34528612493,545417975267
2026-10-10T11:32:07.215349+00:00,app,65349,2547,0.0,0.1,12688,Ss,/opt/homebrew/Cellar/python@3.12/3.12.12_2/Frameworks/Python.framework/Versions/3.12/Resources/Python.app/Contents/MacOS/Python venv/bin/gunicorn FA.wsgi:application --bind 127.0.0,1,1,0,0,0.0,0,0,0,357743441,34528877515,545417975267
2026-10-10T11:32:07.215349+00:00,app,65356,65349,12.9,1.1,279616,S,/opt/homebrew/Cellar/python@3.12/3.12.12_2/Frameworks/Python.framework/Versions/3.12/Resources/Python.app/Contents/MacOS/Python venv/bin/gunicorn FA.wsgi:application --bind 127.0.0,1,1,0,0,0.0,0,0,0,357743441,34528877515,545417975267
2026-10-10T11:32:07.215349+00:00,app,65357,65349,6.7,1.2,295104,S,/opt/homebrew/Cellar/python@3.12/3.12.12_2/Frameworks/Python.framework/Versions/3.12/Resources/Python.app/Contents/MacOS/Python venv/bin/gunicorn FA.wsgi:application --bind 127.0.0,1,1,0,0,0.0,0,0,0,357743441,34528877515,545417975267
2026-10-10T11:32:07.215349+00:00,app,65358,65349,22.6,1.1,274144,S,/opt/homebrew/Cellar/python@3.12/3.12.12_2/Frameworks/Python.framework/Versions/3.12/Resources/Python.app/Contents/MacOS/Python venv/bin/gunicorn FA.wsgi:application --bind 127.0.0,1,1,0,0,0.0,0,0,0,357743441,34528877515,545417975267
2026-10-10T11:32:07.215349+00:00,loadgen,66574,66565,0.9,0.4,94176,S,/opt/homebrew/Cellar/python@3.12/3.12.12_2/Frameworks/Python.framework/Versions/3.12/Resources/Python.app/Contents/MacOS/Python venv/bin/locust -f perf/locust/locustfile.py --headl,1,1,0,0,0.0,0,0,0,357743441,34528877515,545417975267
2026-10-10T11:32:09.291627+00:00,app,65349,2547,0.0,0.1,12688,Ss,/opt/homebrew/Cellar/python@3.12/3.12.12_2/Frameworks/Python.framework/Versions/3.12/Resources/Python.app/Contents/MacOS/Python venv/bin/gunicorn FA.wsgi:application --bind 127.0.0,3,1,0,2,0.0,0,0,0,357750597,34528950447,545417975267
2026-10-10T11:32:09.291627+00:00,app,65356,65349,20.3,1.1,279616,S,/opt/homebrew/Cellar/python@3.12/3.12.12_2/Frameworks/Python.framework/Versions/3.12/Resources/Python.app/Contents/MacOS/Python venv/bin/gunicorn FA.wsgi:application --bind 127.0.0,3,1,0,2,0.0,0,0,0,357750597,34528950447,545417975267
2026-10-10T11:32:09.291627+00:00,app,65357,65349,25.8,1.2,295104,R,/opt/homebrew/Cellar/python@3.12/3.12.12_2/Frameworks/Python.framework/Versions/3.12/Resources/Python.app/Contents/MacOS/Python venv/bin/gunicorn FA.wsgi:application --bind 127.0.0,3,1,0,2,0.0,0,0,0,357750597,34528950447,545417975267
2026-10-10T11:32:09.291627+00:00,app,65358,65349,28.4,1.1,269024,S,/opt/homebrew/Cellar/python@3.12/3.12.12_2/Frameworks/Python.framework/Versions/3.12/Resources/Python.app/Contents/MacOS/Python venv/bin/gunicorn FA.wsgi:application --bind 127.0.0,3,1,0,2,0.0,0,0,0,357750597,34528950447,545417975267
2026-10-10T11:32:09.291627+00:00,loadgen,66574,66565,1.6,0.4,94176,S,/opt/homebrew/Cellar/python@3.12/3.12.12_2/Frameworks/Python.framework/Versions/3.12/Resources/Python.app/Contents/MacOS/Python venv/bin/locust -f perf/locust/locustfile.py --headl,3,1,0,2,0.0,0,0,0,357750597,34528950447,545417975267
2026-10-10T11:32:11.368467+00:00,app,65349,2547,0.0,0.1,12688,Ss,/opt/homebrew/Cellar/python@3.12/3.12.12_2/Frameworks/Python.framework/Versions/3.12/Resources/Python.app/Contents/MacOS/Python venv/bin/gunicorn FA.wsgi:application --bind 127.0.0,3,2,0,1,0.0,0,0,0,357779928,34529126006,545417975267
2026-10-10T11:32:11.368467+00:00,app,65356,65349,2.8,1.1,280096,S,/opt/homebrew/Cellar/python@3.12/3.12.12_2/Frameworks/Python.framework/Versions/3.12/Resources/Python.app/Contents/MacOS/Python venv/bin/gunicorn FA.wsgi:application --bind 127.0.0,3,2,0,1,0.0,0,0,0,357779928,34529126006,545417975267
2026-10-10T11:32:11.368467+00:00,app,65357,65349,97.2,1.2,295856,R,/opt/homebrew/Cellar/python@3.12/3.12.12_2/Frameworks/Python.framework/Versions/3.12/Resources/Python.app/Contents/MacOS/Python venv/bin/gunicorn FA.wsgi:application --bind 127.0.0,3,2,0,1,0.0,0,0,0,357779928,34529126006,545417975267
2026-10-10T11:32:11.368467+00:00,app,65358,65349,37.0,1.1,269008,S,/opt/homebrew/Cellar/python@3.12/3.12.12_2/Frameworks/Python.framework/Versions/3.12/Resources/Python.app/Contents/MacOS/Python venv/bin/gunicorn FA.wsgi:application --bind 127.0.0,3,2,0,1,0.0,0,0,0,357779928,34529126006,545417975267
2026-10-10T11:32:11.368467+00:00,loadgen,66574,66565,1.3,0.4,94176,S,/opt/homebrew/Cellar/python@3.12/3.12.12_2/Frameworks/Python.framework/Versions/3.12/Resources/Python.app/Contents/MacOS/Python venv/bin/locust -f perf/locust/locustfile.py --headl,3,2,0,1,0.0,0,0,0,357779928,34529126006,545417975267
2026-10-10T11:32:13.443236+00:00,app,65349,2547,0.0,0.1,12688,Ss,/opt/homebrew/Cellar/python@3.12/3.12.12_2/Frameworks/Python.framework/Versions/3.12/Resources/Python.app/Contents/MacOS/Python venv/bin/gunicorn FA.wsgi:application --bind 127.0.0,2,2,0,0,0.007,0,0,0,357795661,34529254017,545417975267
2026-10-10T11:32:13.443236+00:00,app,65356,65349,8.8,1.1,280096,S,/opt/homebrew/Cellar/python@3.12/3.12.12_2/Frameworks/Python.framework/Versions/3.12/Resources/Python.app/Contents/MacOS/Python venv/bin/gunicorn FA.wsgi:application --bind 127.0.0,2,2,0,0,0.007,0,0,0,357795661,34529254017,545417975267
2026-10-10T11:32:13.443236+00:00,app,65357,65349,11.2,1.2,294400,S,/opt/homebrew/Cellar/python@3.12/3.12.12_2/Frameworks/Python.framework/Versions/3.12/Resources/Python.app/Contents/MacOS/Python venv/bin/gunicorn FA.wsgi:application --bind 127.0.0,2,2,0,0,0.007,0,0,0,357795661,34529254017,545417975267
2026-10-10T11:32:13.443236+00:00,app,65358,65349,38.3,1.1,269008,R,/opt/homebrew/Cellar/python@3.12/3.12.12_2/Frameworks/Python.framework/Versions/3.12/Resources/Python.app/Contents/MacOS/Python venv/bin/gunicorn FA.wsgi:application --bind 127.0.0,2,2,0,0,0.007,0,0,0,357795661,34529254017,545417975267
2026-10-10T11:32:13.443236+00:00,loadgen,66574,66565,2.7,0.4,94144,S,/opt/homebrew/Cellar/python@3.12/3.12.12_2/Frameworks/Python.framework/Versions/3.12/Resources/Python.app/Contents/MacOS/Python venv/bin/locust -f perf/locust/locustfile.py --headl,2,2,0,0,0.007,0,0,0,357795661,34529254017,545417975267
2026-10-10T11:32:15.532934+00:00,app,65349,2547,0.0,0.1,12688,Ss,/opt/homebrew/Cellar/python@3.12/3.12.12_2/Frameworks/Python.framework/Versions/3.12/Resources/Python.app/Contents/MacOS/Python venv/bin/gunicorn FA.wsgi:application --bind 127.0.0,4,2,0,2,0.001,0,0,0,357830578,34529380005,545417975267
2026-10-10T11:32:15.532934+00:00,app,65356,65349,81.0,1.1,276000,S,/opt/homebrew/Cellar/python@3.12/3.12.12_2/Frameworks/Python.framework/Versions/3.12/Resources/Python.app/Contents/MacOS/Python venv/bin/gunicorn FA.wsgi:application --bind 127.0.0,4,2,0,2,0.001,0,0,0,357830578,34529380005,545417975267
2026-10-10T11:32:15.532934+00:00,app,65357,65349,80.9,1.2,295264,R,/opt/homebrew/Cellar/python@3.12/3.12.12_2/Frameworks/Python.framework/Versions/3.12/Resources/Python.app/Contents/MacOS/Python venv/bin/gunicorn FA.wsgi:application --bind 127.0.0,4,2,0,2,0.001,0,0,0,357830578,34529380005,545417975267
2026-10-10T11:32:15.532934+00:00,app,65358,65349,21.0,1.1,267648,R,/opt/homebrew/Cellar/python@3.12/3.12.12_2/Frameworks/Python.framework/Versions/3.12/Resources/Python.app/Contents/MacOS/Python venv/bin/gunicorn FA.wsgi:application --bind 127.0.0,4,2,0,2,0.001,0,0,0,357830578,34529380005,545417975267
2026-10-10T11:32:15.532934+00:00,loadgen,66574,66565,4.8,0.4,96032,R,/opt/homebrew/Cellar/python@3.12/3.12.12_2/Frameworks/Python.framework/Versions/3.12/Resources/Python.app/Contents/MacOS/Python venv/bin/locust -f perf/locust/locustfile.py --headl,4,2,0,2,0.001,0,0,0,357830578,34529380005,545417975267
2026-10-10T11:32:17.628567+00:00,app,65349,2547,0.0,0.1,12688,Ss,/opt/homebrew/Cellar/python@3.12/3.12.12_2/Frameworks/Python.framework/Versions/3.12/Resources/Python.app/Contents/MacOS/Python venv/bin/gunicorn FA.wsgi:application --bind 127.0.0,2,2,0,0,0.0,0,0,0,357848110,34529640973,545417975267
2026-10-10T11:32:17.628567+00:00,app,65356,65349,24.4,1.1,278528,S,/opt/homebrew/Cellar/python@3.12/3.12.12_2/Frameworks/Python.framework/Versions/3.12/Resources/Python.app/Contents/MacOS/Python venv/bin/gunicorn FA.wsgi:application --bind 127.0.0,2,2,0,0,0.0,0,0,0,357848110,34529640973,545417975267
2026-10-10T11:32:17.628567+00:00,app,65357,65349,3.0,1.2,303488,S,/opt/homebrew/Cellar/python@3.12/3.12.12_2/Frameworks/Python.framework/Versions/3.12/Resources/Python.app/Contents/MacOS/Python venv/bin/gunicorn FA.wsgi:application --bind 127.0.0,2,2,0,0,0.0,0,0,0,357848110,34529640973,545417975267
2026-10-10T11:32:17.628567+00:00,app,65358,65349,13.1,1.1,270384,S,/opt/homebrew/Cellar/python@3.12/3.12.12_2/Frameworks/Python.framework/Versions/3.12/Resources/Python.app/Contents/MacOS/Python venv/bin/gunicorn FA.wsgi:application --bind 127.0.0,2,2,0,0,0.0,0,0,0,357848110,34529640973,545417975267
2026-10-10T11:32:17.628567+00:00,loadgen,66574,66565,1.2,0.4,96032,S,/opt/homebrew/Cellar/python@3.12/3.12.12_2/Frameworks/Python.framework/Versions/3.12/Resources/Python.app/Contents/MacOS/Python venv/bin/locust -f perf/locust/locustfile.py --headl,2,2,0,0,0.0,0,0,0,357848110,34529640973,545417975267
2026-10-10T11:32:19.704759+00:00,app,65349,2547,0.0,0.1,12688,Ss,/opt/homebrew/Cellar/python@3.12/3.12.12_2/Frameworks/Python.framework/Versions/3.12/Resources/Python.app/Contents/MacOS/Python venv/bin/gunicorn FA.wsgi:application --bind 127.0.0,1,1,0,0,0.0,0,0,0,357863117,34529836041,545417975267
2026-10-10T11:32:19.704759+00:00,app,65356,65349,16.5,1.1,278416,S,/opt/homebrew/Cellar/python@3.12/3.12.12_2/Frameworks/Python.framework/Versions/3.12/Resources/Python.app/Contents/MacOS/Python venv/bin/gunicorn FA.wsgi:application --bind 127.0.0,1,1,0,0,0.0,0,0,0,357863117,34529836041,545417975267
2026-10-10T11:32:19.704759+00:00,app,65357,65349,1.5,1.2,303488,S,/opt/homebrew/Cellar/python@3.12/3.12.12_2/Frameworks/Python.framework/Versions/3.12/Resources/Python.app/Contents/MacOS/Python venv/bin/gunicorn FA.wsgi:application --bind 127.0.0,1,1,0,0,0.0,0,0,0,357863117,34529836041,545417975267
2026-10-10T11:32:19.704759+00:00,app,65358,65349,0.3,1.1,270640,S,/opt/homebrew/Cellar/python@3.12/3.12.12_2/Frameworks/Python.framework/Versions/3.12/Resources/Python.app/Contents/MacOS/Python venv/bin/gunicorn FA.wsgi:application --bind 127.0.0,1,1,0,0,0.0,0,0,0,357863117,34529836041,545417975267
2026-10-10T11:32:19.704759+00:00,loadgen,66574,66565,0.6,0.4,96256,S,/opt/homebrew/Cellar/python@3.12/3.12.12_2/Frameworks/Python.framework/Versions/3.12/Resources/Python.app/Contents/MacOS/Python venv/bin/locust -f perf/locust/locustfile.py --headl,1,1,0,0,0.0,0,0,0,357863117,34529836041,545417975267
2026-10-10T11:32:21.778558+00:00,app,65349,2547,0.0,0.1,12688,Ss,/opt/homebrew/Cellar/python@3.12/3.12.12_2/Frameworks/Python.framework/Versions/3.12/Resources/Python.app/Contents/MacOS/Python venv/bin/gunicorn FA.wsgi:application --bind 127.0.0,3,2,0,1,0.101,0,0,0,357863846,34529975125,545417975267
2026-10-10T11:32:21.778558+00:00,app,65356,65349,21.7,1.1,278416,R,/opt/homebrew/Cellar/python@3.12/3.12.12_2/Frameworks/Python.framework/Versions/3.12/Resources/Python.app/Contents/MacOS/Python venv/bin/gunicorn FA.wsgi:application --bind 127.0.0,3,2,0,1,0.101,0,0,0,357863846,34529975125,545417975267
2026-10-10T11:32:21.778558+00:00,app,65357,65349,34.6,1.2,303488,S,/opt/homebrew/Cellar/python@3.12/3.12.12_2/Frameworks/Python.framework/Versions/3.12/Resources/Python.app/Contents/MacOS/Python venv/bin/gunicorn FA.wsgi:application --bind 127.0.0,3,2,0,1,0.101,0,0,0,357863846,34529975125,545417975267
2026-10-10T11:32:21.778558+00:00,app,65358,65349,94.9,1.1,270704,R,/opt/homebrew/Cellar/python@3.12/3.12.12_2/Frameworks/Python.framework/Versions/3.12/Resources/Python.app/Contents/MacOS/Python venv/bin/gunicorn FA.wsgi:application --bind 127.0.0,3,2,0,1,0.101,0,0,0,357863846,34529975125,545417975267
2026-10-10T11:32:21.778558+00:00,loadgen,66574,66565,0.7,0.4,96384,S,/opt/homebrew/Cellar/python@3.12/3.12.12_2/Frameworks/Python.framework/Versions/3.12/Resources/Python.app/Contents/MacOS/Python venv/bin/locust -f perf/locust/locustfile.py --headl,3,2,0,1,0.101,0,0,0,357863846,34529975125,545417975267
2026-10-10T11:32:23.848538+00:00,app,65349,2547,0.0,0.1,12688,Ss,/opt/homebrew/Cellar/python@3.12/3.12.12_2/Frameworks/Python.framework/Versions/3.12/Resources/Python.app/Contents/MacOS/Python venv/bin/gunicorn FA.wsgi:application --bind 127.0.0,2,1,0,1,0.0,0,0,0,357896983,34530236023,545417975267
2026-10-10T11:32:23.848538+00:00,app,65356,65349,6.5,1.1,278416,S,/opt/homebrew/Cellar/python@3.12/3.12.12_2/Frameworks/Python.framework/Versions/3.12/Resources/Python.app/Contents/MacOS/Python venv/bin/gunicorn FA.wsgi:application --bind 127.0.0,2,1,0,1,0.0,0,0,0,357896983,34530236023,545417975267
2026-10-10T11:32:23.848538+00:00,app,65357,65349,15.7,1.2,303600,S,/opt/homebrew/Cellar/python@3.12/3.12.12_2/Frameworks/Python.framework/Versions/3.12/Resources/Python.app/Contents/MacOS/Python venv/bin/gunicorn FA.wsgi:application --bind 127.0.0,2,1,0,1,0.0,0,0,0,357896983,34530236023,545417975267
2026-10-10T11:32:23.848538+00:00,app,65358,65349,95.4,1.1,269072,R,/opt/homebrew/Cellar/python@3.12/3.12.12_2/Frameworks/Python.framework/Versions/3.12/Resources/Python.app/Contents/MacOS/Python venv/bin/gunicorn FA.wsgi:application --bind 127.0.0,2,1,0,1,0.0,0,0,0,357896983,34530236023,545417975267
2026-10-10T11:32:23.848538+00:00,loadgen,66574,66565,0.8,0.4,96384,S,/opt/homebrew/Cellar/python@3.12/3.12.12_2/Frameworks/Python.framework/Versions/3.12/Resources/Python.app/Contents/MacOS/Python venv/bin/locust -f perf/locust/locustfile.py --headl,2,1,0,1,0.0,0,0,0,357896983,34530236023,545417975267
2026-10-10T11:32:25.925953+00:00,app,65349,2547,0.0,0.1,12688,Ss,/opt/homebrew/Cellar/python@3.12/3.12.12_2/Frameworks/Python.framework/Versions/3.12/Resources/Python.app/Contents/MacOS/Python venv/bin/gunicorn FA.wsgi:application --bind 127.0.0,4,1,0,3,0.0,0,0,0,357897338,34530340913,545417975267
2026-10-10T11:32:25.925953+00:00,app,65356,65349,83.9,1.1,279088,R,/opt/homebrew/Cellar/python@3.12/3.12.12_2/Frameworks/Python.framework/Versions/3.12/Resources/Python.app/Contents/MacOS/Python venv/bin/gunicorn FA.wsgi:application --bind 127.0.0,4,1,0,3,0.0,0,0,0,357897338,34530340913,545417975267
2026-10-10T11:32:25.925953+00:00,app,65357,65349,66.9,1.2,303616,R,/opt/homebrew/Cellar/python@3.12/3.12.12_2/Frameworks/Python.framework/Versions/3.12/Resources/Python.app/Contents/MacOS/Python venv/bin/gunicorn FA.wsgi:application --bind 127.0.0,4,1,0,3,0.0,0,0,0,357897338,34530340913,545417975267
2026-10-10T11:32:25.925953+00:00,app,65358,65349,77.8,1.1,269840,R,/opt/homebrew/Cellar/python@3.12/3.12.12_2/Frameworks/Python.framework/Versions/3.12/Resources/Python.app/Contents/MacOS/Python venv/bin/gunicorn FA.wsgi:application --bind 127.0.0,4,1,0,3,0.0,0,0,0,357897338,34530340913,545417975267
2026-10-10T11:32:25.925953+00:00,loadgen,66574,66565,1.4,0.4,96400,S,/opt/homebrew/Cellar/python@3.12/3.12.12_2/Frameworks/Python.framework/Versions/3.12/Resources/Python.app/Contents/MacOS/Python venv/bin/locust -f perf/locust/locustfile.py --headl,4,1,0,3,0.0,0,0,0,357897338,34530340913,545417975267
2026-10-10T11:32:28.018837+00:00,app,65349,2547,0.0,0.1,12688,Ss,/opt/homebrew/Cellar/python@3.12/3.12.12_2/Frameworks/Python.framework/Versions/3.12/Resources/Python.app/Contents/MacOS/Python venv/bin/gunicorn FA.wsgi:application --bind 127.0.0,2,1,0,1,0.0,0,0,0,357919513,34530594066,545417975267
2026-10-10T11:32:28.018837+00:00,app,65356,65349,69.4,1.2,294304,S,/opt/homebrew/Cellar/python@3.12/3.12.12_2/Frameworks/Python.framework/Versions/3.12/Resources/Python.app/Contents/MacOS/Python venv/bin/gunicorn FA.wsgi:application --bind 127.0.0,2,1,0,1,0.0,0,0,0,357919513,34530594066,545417975267
2026-10-10T11:32:28.018837+00:00,app,65357,65349,3.1,1.2,303616,S,/opt/homebrew/Cellar/python@3.12/3.12.12_2/Frameworks/Python.framework/Versions/3.12/Resources/Python.app/Contents/MacOS/Python venv/bin/gunicorn FA.wsgi:application --bind 127.0.0,2,1,0,1,0.0,0,0,0,357919513,34530594066,545417975267
2026-10-10T11:32:28.018837+00:00,app,65358,65349,2.3,1.1,269840,S,/opt/homebrew/Cellar/python@3.12/3.12.12_2/Frameworks/Python.framework/Versions/3.12/Resources/Python.app/Contents/MacOS/Python venv/bin/gunicorn FA.wsgi:application --bind 127.0.0,2,1,0,1,0.0,0,0,0,357919513,34530594066,545417975267
2026-10-10T11:32:28.018837+00:00,loadgen,66574,66565,1.4,0.4,96400,S,/opt/homebrew/Cellar/python@3.12/3.12.12_2/Frameworks/Python.framework/Versions/3.12/Resources/Python.app/Contents/MacOS/Python venv/bin/locust -f perf/locust/locustfile.py --headl,2,1,0,1,0.0,0,0,0,357919513,34530594066,545417975267
2026-10-10T11:32:30.092376+00:00,app,65349,2547,0.0,0.1,12688,Ss,/opt/homebrew/Cellar/python@3.12/3.12.12_2/Frameworks/Python.framework/Versions/3.12/Resources/Python.app/Contents/MacOS/Python venv/bin/gunicorn FA.wsgi:application --bind 127.0.0,3,2,0,1,0.026,0,0,0,357926685,34530774559,545417975267
2026-10-10T11:32:30.092376+00:00,app,65356,65349,79.4,1.2,295568,R,/opt/homebrew/Cellar/python@3.12/3.12.12_2/Frameworks/Python.framework/Versions/3.12/Resources/Python.app/Contents/MacOS/Python venv/bin/gunicorn FA.wsgi:application --bind 127.0.0,3,2,0,1,0.026,0,0,0,357926685,34530774559,545417975267
2026-10-10T11:32:30.092376+00:00,app,65357,65349,95.9,1.2,293376,R,/opt/homebrew/Cellar/python@3.12/3.12.12_2/Frameworks/Python.framework/Versions/3.12/Resources/Python.app/Contents/MacOS/Python venv/bin/gunicorn FA.wsgi:application --bind 127.0.0,3,2,0,1,0.026,0,0,0,357926685,34530774559,545417975267
2026-10-10T11:32:30.092376+00:00,app,65358,65349,38.2,1.1,267792,S,/opt/homebrew/Cellar/python@3.12/3.12.12_2/Frameworks/Python.framework/Versions/3.12/Resources/Python.app/Contents/MacOS/Python venv/bin/gunicorn FA.wsgi:application --bind 127.0.0,3,2,0,1,0.026,0,0,0,357926685,34530774559,545417975267
2026-10-10T11:32:30.092376+00:00,loadgen,66574,66565,0.9,0.4,96352,S,/opt/homebrew/Cellar/python@3.12/3.12.12_2/Frameworks/Python.framework/Versions/3.12/Resources/Python.app/Contents/MacOS/Python venv/bin/locust -f perf/locust/locustfile.py --headl,3,2,0,1,0.026,0,0,0,357926685,34530774559,545417975267
2026-10-10T11:32:32.160126+00:00,app,65349,2547,0.0,0.1,12688,Ss,/opt/homebrew/Cellar/python@3.12/3.12.12_2/Frameworks/Python.framework/Versions/3.12/Resources/Python.app/Contents/MacOS/Python venv/bin/gunicorn FA.wsgi:application --bind 127.0.0,3,1,0,2,0.0,0,0,0,357943511,34530976905,545417975267
2026-10-10T11:32:32.160126+00:00,app,65356,65349,3.0,1.2,295568,S,/opt/homebrew/Cellar/python@3.12/3.12.12_2/Frameworks/Python.framework/Versions/3.12/Resources/Python.app/Contents/MacOS/Python venv/bin/gunicorn FA.wsgi:application --bind 127.0.0,3,1,0,2,0.0,0,0,0,357943511,34530976905,545417975267
2026-10-10T11:32:32.160126+00:00,app,65357,65349,65.0,1.1,288224,R,/opt/homebrew/Cellar/python@3.12/3.12.12_2/Frameworks/Python.framework/Versions/3.12/Resources/Python.app/Contents/MacOS/Python venv/bin/gunicorn FA.wsgi:application --bind 127.0.0,3,1,0,2,0.0,0,0,0,357943511,34530976905,545417975267
2026-10-10T11:32:32.160126+00:00,app,65358,65349,27.9,1.1,267792,R,/opt/homebrew/Cellar/python@3.12/3.12.12_2/Frameworks/Python.framework/Versions/3.12/Resources/Python.app/Contents/MacOS/Python venv/bin/gunicorn FA.wsgi:application --bind 127.0.0,3,1,0,2,0.0,0,0,0,357943511,34530976905,545417975267
2026-10-10T11:32:32.160126+00:00,loadgen,66574,66565,2.4,0.4,96416,S,/opt/homebrew/Cellar/python@3.12/3.12.12_2/Frameworks/Python.framework/Versions/3.12/Resources/Python.app/Contents/MacOS/Python venv/bin/locust -f perf/locust/locustfile.py --headl,3,1,0,2,0.0,0,0,0,357943511,34530976905,545417975267
2026-10-10T11:32:34.234445+00:00,app,65349,2547,0.0,0.1,12688,Ss,/opt/homebrew/Cellar/python@3.12/3.12.12_2/Frameworks/Python.framework/Versions/3.12/Resources/Python.app/Contents/MacOS/Python venv/bin/gunicorn FA.wsgi:application --bind 127.0.0,3,2,0,1,0.003,0,0,0,357957725,34531136931,545417975267
2026-10-10T11:32:34.234445+00:00,app,65356,65349,15.7,1.2,297776,S,/opt/homebrew/Cellar/python@3.12/3.12.12_2/Frameworks/Python.framework/Versions/3.12/Resources/Python.app/Contents/MacOS/Python venv/bin/gunicorn FA.wsgi:application --bind 127.0.0,3,2,0,1,0.003,0,0,0,357957725,34531136931,545417975267
2026-10-10T11:32:34.234445+00:00,app,65357,65349,3.1,1.1,288224,S,/opt/homebrew/Cellar/python@3.12/3.12.12_2/Frameworks/Python.framework/Versions/3.12/Resources/Python.app/Contents/MacOS/Python venv/bin/gunicorn FA.wsgi:application --bind 127.0.0,3,2,0,1,0.003,0,0,0,357957725,34531136931,545417975267
2026-10-10T11:32:34.234445+00:00,app,65358,65349,32.7,1.1,279664,S,/opt/homebrew/Cellar/python@3.12/3.12.12_2/Frameworks/Python.framework/Versions/3.12/Resources/Python.app/Contents/MacOS/Python venv/bin/gunicorn FA.wsgi:application --bind 127.0.0,3,2,0,1,0.003,0,0,0,357957725,34531136931,545417975267
2026-10-10T11:32:34.234445+00:00,loadgen,66574,66565,6.8,0.4,96464,S,/opt/homebrew/Cellar/python@3.12/3.12.12_2/Frameworks/Python.framework/Versions/3.12/Resources/Python.app/Contents/MacOS/Python venv/bin/locust -f perf/locust/locustfile.py --headl,3,2,0,1,0.003,0,0,0,357957725,34531136931,545417975267
2026-10-10T11:32:36.311793+00:00,app,65349,2547,0.0,0.1,12688,Ss,/opt/homebrew/Cellar/python@3.12/3.12.12_2/Frameworks/Python.framework/Versions/3.12/Resources/Python.app/Contents/MacOS/Python venv/bin/gunicorn FA.wsgi:application --bind 127.0.0,3,1,1,2,0.0,0,0,0,357981809,34531214181,545417975267
2026-10-10T11:32:36.311793+00:00,app,65356,65349,1.8,1.2,299664,S,/opt/homebrew/Cellar/python@3.12/3.12.12_2/Frameworks/Python.framework/Versions/3.12/Resources/Python.app/Contents/MacOS/Python venv/bin/gunicorn FA.wsgi:application --bind 127.0.0,3,1,1,2,0.0,0,0,0,357981809,34531214181,545417975267
2026-10-10T11:32:36.311793+00:00,app,65357,65349,48.9,1.1,287200,R,/opt/homebrew/Cellar/python@3.12/3.12.12_2/Frameworks/Python.framework/Versions/3.12/Resources/Python.app/Contents/MacOS/Python venv/bin/gunicorn FA.wsgi:application --bind 127.0.0,3,1,1,2,0.0,0,0,0,357981809,34531214181,545417975267
2026-10-10T11:32:36.311793+00:00,app,65358,65349,7.9,1.1,279664,S,/opt/homebrew/Cellar/python@3.12/3.12.12_2/Frameworks/Python.framework/Versions/3.12/Resources/Python.app/Contents/MacOS/Python venv/bin/gunicorn FA.wsgi:application --bind 127.0.0,3,1,1,2,0.0,0,0,0,357981809,34531214181,545417975267
2026-10-10T11:32:36.311793+00:00,loadgen,66574,66565,1.4,0.4,100272,S,/opt/homebrew/Cellar/python@3.12/3.12.12_2/Frameworks/Python.framework/Versions/3.12/Resources/Python.app/Contents/MacOS/Python venv/bin/locust -f perf/locust/locustfile.py --headl,3,1,1,2,0.0,0,0,0,357981809,34531214181,545417975267
2026-10-10T11:32:38.385073+00:00,app,65349,2547,0.0,0.1,12688,Ss,/opt/homebrew/Cellar/python@3.12/3.12.12_2/Frameworks/Python.framework/Versions/3.12/Resources/Python.app/Contents/MacOS/Python venv/bin/gunicorn FA.wsgi:application --bind 127.0.0,2,2,0,0,0.011,0,0,0,358021096,34531514880,545417975267
2026-10-10T11:32:38.385073+00:00,app,65356,65349,2.6,1.2,299664,S,/opt/homebrew/Cellar/python@3.12/3.12.12_2/Frameworks/Python.framework/Versions/3.12/Resources/Python.app/Contents/MacOS/Python venv/bin/gunicorn FA.wsgi:application --bind 127.0.0,2,2,0,0,0.011,0,0,0,358021096,34531514880,545417975267
2026-10-10T11:32:38.385073+00:00,app,65357,65349,25.9,1.1,287200,S,/opt/homebrew/Cellar/python@3.12/3.12.12_2/Frameworks/Python.framework/Versions/3.12/Resources/Python.app/Contents/MacOS/Python venv/bin/gunicorn FA.wsgi:application --bind 127.0.0,2,2,0,0,0.011,0,0,0,358021096,34531514880,545417975267
2026-10-10T11:32:38.385073+00:00,app,65358,65349,1.0,1.1,279664,S,/opt/homebrew/Cellar/python@3.12/3.12.12_2/Frameworks/Python.framework/Versions/3.12/Resources/Python.app/Contents/MacOS/Python venv/bin/gunicorn FA.wsgi:application --bind 127.0.0,2,2,0,0,0.011,0,0,0,358021096,34531514880,545417975267
2026-10-10T11:32:38.385073+00:00,loadgen,66574,66565,1.5,0.4,102448,S,/opt/homebrew/Cellar/python@3.12/3.12.12_2/Frameworks/Python.framework/Versions/3.12/Resources/Python.app/Contents/MacOS/Python venv/bin/locust -f perf/locust/locustfile.py --headl,2,2,0,0,0.011,0,0,0,358021096,34531514880,545417975267
2026-10-10T11:32:40.465958+00:00,app,65349,2547,0.0,0.1,12688,Ss,/opt/homebrew/Cellar/python@3.12/3.12.12_2/Frameworks/Python.framework/Versions/3.12/Resources/Python.app/Contents/MacOS/Python venv/bin/gunicorn FA.wsgi:application --bind 127.0.0,4,1,0,3,0.0,0,0,0,358028700,34531616791,545417975267
2026-10-10T11:32:40.465958+00:00,app,65356,65349,49.6,1.2,299664,R,/opt/homebrew/Cellar/python@3.12/3.12.12_2/Frameworks/Python.framework/Versions/3.12/Resources/Python.app/Contents/MacOS/Python venv/bin/gunicorn FA.wsgi:application --bind 127.0.0,4,1,0,3,0.0,0,0,0,358028700,34531616791,545417975267
2026-10-10T11:32:40.465958+00:00,app,65357,65349,59.5,1.2,298688,R,/opt/homebrew/Cellar/python@3.12/3.12.12_2/Frameworks/Python.framework/Versions/3.12/Resources/Python.app/Contents/MacOS/Python venv/bin/gunicorn FA.wsgi:application --bind 127.0.0,4,1,0,3,0.0,0,0,0,358028700,34531616791,545417975267
2026-10-10T11:32:40.465958+00:00,app,65358,65349,36.4,1.1,279648,R,/opt/homebrew/Cellar/python@3.12/3.12.12_2/Frameworks/Python.framework/Versions/3.12/Resources/Python.app/Contents/MacOS/Python venv/bin/gunicorn FA.wsgi:application --bind 127.0.0,4,1,0,3,0.0,0,0,0,358028700,34531616791,545417975267
2026-10-10T11:32:40.465958+00:00,loadgen,66574,66565,1.5,0.4,102496,S,/opt/homebrew/Cellar/python@3.12/3.12.12_2/Frameworks/Python.framework/Versions/3.12/Resources/Python.app/Contents/MacOS/Python venv/bin/locust -f perf/locust/locustfile.py --headl,4,1,0,3,0.0,0,0,0,358028700,34531616791,545417975267
2026-10-10T11:32:42.695071+00:00,app,65349,2547,0.0,0.1,12688,Ss,/opt/homebrew/Cellar/python@3.12/3.12.12_2/Frameworks/Python.framework/Versions/3.12/Resources/Python.app/Contents/MacOS/Python venv/bin/gunicorn FA.wsgi:application --bind 127.0.0,2,1,0,1,0.0,0,0,0,358031456,34531822447,545417975267
2026-10-10T11:32:42.695071+00:00,app,65356,65349,7.0,1.2,296592,S,/opt/homebrew/Cellar/python@3.12/3.12.12_2/Frameworks/Python.framework/Versions/3.12/Resources/Python.app/Contents/MacOS/Python venv/bin/gunicorn FA.wsgi:application --bind 127.0.0,2,1,0,1,0.0,0,0,0,358031456,34531822447,545417975267
2026-10-10T11:32:42.695071+00:00,app,65357,65349,65.7,1.2,293568,S,/opt/homebrew/Cellar/python@3.12/3.12.12_2/Frameworks/Python.framework/Versions/3.12/Resources/Python.app/Contents/MacOS/Python venv/bin/gunicorn FA.wsgi:application --bind 127.0.0,2,1,0,1,0.0,0,0,0,358031456,34531822447,545417975267
2026-10-10T11:32:42.695071+00:00,app,65358,65349,0.8,1.1,279648,S,/opt/homebrew/Cellar/python@3.12/3.12.12_2/Frameworks/Python.framework/Versions/3.12/Resources/Python.app/Contents/MacOS/Python venv/bin/gunicorn FA.wsgi:application --bind 127.0.0,2,1,0,1,0.0,0,0,0,358031456,34531822447,545417975267
2026-10-10T11:32:42.695071+00:00,loadgen,66574,66565,1.0,0.4,102512,S,/opt/homebrew/Cellar/python@3.12/3.12.12_2/Frameworks/Python.framework/Versions/3.12/Resources/Python.app/Contents/MacOS/Python venv/bin/locust -f perf/locust/locustfile.py --headl,2,1,0,1,0.0,0,0,0,358031456,34531822447,545417975267
2026-10-10T11:32:44.772495+00:00,app,65349,2547,0.0,0.1,12688,Ss,/opt/homebrew/Cellar/python@3.12/3.12.12_2/Frameworks/Python.framework/Versions/3.12/Resources/Python.app/Contents/MacOS/Python venv/bin/gunicorn FA.wsgi:application --bind 127.0.0,1,1,0,0,0.0,0,0,0,358058101,34532006809,545417975267
2026-10-10T11:32:44.772495+00:00,app,65356,65349,22.5,1.2,296592,S,/opt/homebrew/Cellar/python@3.12/3.12.12_2/Frameworks/Python.framework/Versions/3.12/Resources/Python.app/Contents/MacOS/Python venv/bin/gunicorn FA.wsgi:application --bind 127.0.0,1,1,0,0,0.0,0,0,0,358058101,34532006809,545417975267
2026-10-10T11:32:44.772495+00:00,app,65357,65349,2.4,1.2,293104,S,/opt/homebrew/Cellar/python@3.12/3.12.12_2/Frameworks/Python.framework/Versions/3.12/Resources/Python.app/Contents/MacOS/Python venv/bin/gunicorn FA.wsgi:application --bind 127.0.0,1,1,0,0,0.0,0,0,0,358058101,34532006809,545417975267
2026-10-10T11:32:44.772495+00:00,app,65358,65349,5.1,1.1,279648,S,/opt/homebrew/Cellar/python@3.12/3.12.12_2/Frameworks/Python.framework/Versions/3.12/Resources/Python.app/Contents/MacOS/Python venv/bin/gunicorn FA.wsgi:application --bind 127.0.0,1,1,0,0,0.0,0,0,0,358058101,34532006809,545417975267
2026-10-10T11:32:44.772495+00:00,loadgen,66574,66565,1.0,0.4,102512,S,/opt/homebrew/Cellar/python@3.12/3.12.12_2/Frameworks/Python.framework/Versions/3.12/Resources/Python.app/Contents/MacOS/Python venv/bin/locust -f perf/locust/locustfile.py --headl,1,1,0,0,0.0,0,0,0,358058101,34532006809,545417975267
2026-10-10T11:32:46.858900+00:00,app,65349,2547,0.0,0.1,12688,Ss,/opt/homebrew/Cellar/python@3.12/3.12.12_2/Frameworks/Python.framework/Versions/3.12/Resources/Python.app/Contents/MacOS/Python venv/bin/gunicorn FA.wsgi:application --bind 127.0.0,4,2,0,2,0.001,0,0,0,358072367,34532131555,545417975267
2026-10-10T11:32:46.858900+00:00,app,65356,65349,27.6,1.2,296592,R,/opt/homebrew/Cellar/python@3.12/3.12.12_2/Frameworks/Python.framework/Versions/3.12/Resources/Python.app/Contents/MacOS/Python venv/bin/gunicorn FA.wsgi:application --bind 127.0.0,4,2,0,2,0.001,0,0,0,358072367,34532131555,545417975267
2026-10-10T11:32:46.858900+00:00,app,65357,65349,4.3,1.2,293104,S,/opt/homebrew/Cellar/python@3.12/3.12.12_2/Frameworks/Python.framework/Versions/3.12/Resources/Python.app/Contents/MacOS/Python venv/bin/gunicorn FA.wsgi:application --bind 127.0.0,4,2,0,2,0.001,0,0,0,358072367,34532131555,545417975267
2026-10-10T11:32:46.858900+00:00,app,65358,65349,21.6,1.1,277600,R,/opt/homebrew/Cellar/python@3.12/3.12.12_2/Frameworks/Python.framework/Versions/3.12/Resources/Python.app/Contents/MacOS/Python venv/bin/gunicorn FA.wsgi:application --bind 127.0.0,4,2,0,2,0.001,0,0,0,358072367,34532131555,545417975267
2026-10-10T11:32:46.858900+00:00,loadgen,66574,66565,1.5,0.4,102528,S,/opt/homebrew/Cellar/python@3.12/3.12.12_2/Frameworks/Python.framework/Versions/3.12/Resources/Python.app/Contents/MacOS/Python venv/bin/locust -f perf/locust/locustfile.py --headl,4,2,0,2,0.001,0,0,0,358072367,34532131555,545417975267
2026-10-10T11:32:48.935717+00:00,app,65349,2547,0.0,0.1,12688,Ss,/opt/homebrew/Cellar/python@3.12/3.12.12_2/Frameworks/Python.framework/Versions/3.12/Resources/Python.app/Contents/MacOS/Python venv/bin/gunicorn FA.wsgi:application --bind 127.0.0,4,3,0,1,0.037,0,0,0,358091707,34532247112,545417975267
2026-10-10T11:32:48.935717+00:00,app,65356,65349,26.0,1.2,291472,S,/opt/homebrew/Cellar/python@3.12/3.12.12_2/Frameworks/Python.framework/Versions/3.12/Resources/Python.app/Contents/MacOS/Python venv/bin/gunicorn FA.wsgi:application --bind 127.0.0,4,3,0,1,0.037,0,0,0,358091707,34532247112,545417975267
2026-10-10T11:32:48.935717+00:00,app,65357,65349,24.6,1.2,293104,S,/opt/homebrew/Cellar/python@3.12/3.12.12_2/Frameworks/Python.framework/Versions/3.12/Resources/Python.app/Contents/MacOS/Python venv/bin/gunicorn FA.wsgi:application --bind 127.0.0,4,3,0,1,0.037,0,0,0,358091707,34532247112,545417975267
2026-10-10T11:32:48.935717+00:00,app,65358,65349,15.7,1.1,277600,R,/opt/homebrew/Cellar/python@3.12/3.12.12_2/Frameworks/Python.framework/Versions/3.12/Resources/Python.app/Contents/MacOS/Python venv/bin/gunicorn FA.wsgi:application --bind 127.0.0,4,3,0,1,0.037,0,0,0,358091707,34532247112,545417975267
2026-10-10T11:32:48.935717+00:00,loadgen,66574,66565,1.3,0.4,102528,S,/opt/homebrew/Cellar/python@3.12/3.12.12_2/Frameworks/Python.framework/Versions/3.12/Resources/Python.app/Contents/MacOS/Python venv/bin/locust -f perf/locust/locustfile.py --headl,4,3,0,1,0.037,0,0,0,358091707,34532247112,545417975267
2026-10-10T11:32:51.006795+00:00,app,65349,2547,0.0,0.1,12688,Ss,/opt/homebrew/Cellar/python@3.12/3.12.12_2/Frameworks/Python.framework/Versions/3.12/Resources/Python.app/Contents/MacOS/Python venv/bin/gunicorn FA.wsgi:application --bind 127.0.0,2,1,0,1,0.0,0,0,0,358132058,34532453398,545417975267
2026-10-10T11:32:51.006795+00:00,app,65356,65349,1.0,1.2,290448,S,/opt/homebrew/Cellar/python@3.12/3.12.12_2/Frameworks/Python.framework/Versions/3.12/Resources/Python.app/Contents/MacOS/Python venv/bin/gunicorn FA.wsgi:application --bind 127.0.0,2,1,0,1,0.0,0,0,0,358132058,34532453398,545417975267
2026-10-10T11:32:51.006795+00:00,app,65357,65349,21.7,1.1,286960,R,/opt/homebrew/Cellar/python@3.12/3.12.12_2/Frameworks/Python.framework/Versions/3.12/Resources/Python.app/Contents/MacOS/Python venv/bin/gunicorn FA.wsgi:application --bind 127.0.0,2,1,0,1,0.0,0,0,0,358132058,34532453398,545417975267
2026-10-10T11:32:51.006795+00:00,app,65358,65349,58.8,1.1,285936,S,/opt/homebrew/Cellar/python@3.12/3.12.12_2/Frameworks/Python.framework/Versions/3.12/Resources/Python.app/Contents/MacOS/Python venv/bin/gunicorn FA.wsgi:application --bind 127.0.0,2,1,0,1,0.0,0,0,0,358132058,34532453398,545417975267
2026-10-10T11:32:51.006795+00:00,loadgen,66574,66565,2.7,0.4,102576,S,/opt/homebrew/Cellar/python@3.12/3.12.12_2/Frameworks/Python.framework/Versions/3.12/Resources/Python.app/Contents/MacOS/Python venv/bin/locust -f perf/locust/locustfile.py --headl,2,1,0,1,0.0,0,0,0,358132058,34532453398,545417975267
2026-10-10T11:32:53.081549+00:00,app,65349,2547,0.0,0.1,12688,Ss,/opt/homebrew/Cellar/python@3.12/3.12.12_2/Frameworks/Python.framework/Versions/3.12/Resources/Python.app/Contents/MacOS/Python venv/bin/gunicorn FA.wsgi:application --bind 127.0.0,4,1,1,3,0.0,0,0,0,358140133,34532546574,545417975267
2026-10-10T11:32:53.081549+00:00,app,65356,65349,92.8,1.2,290448,R,/opt/homebrew/Cellar/python@3.12/3.12.12_2/Frameworks/Python.framework/Versions/3.12/Resources/Python.app/Contents/MacOS/Python venv/bin/gunicorn FA.wsgi:application --bind 127.0.0,4,1,1,3,0.0,0,0,0,358140133,34532546574,545417975267
2026-10-10T11:32:53.081549+00:00,app,65357,65349,29.1,1.2,293824,S,/opt/homebrew/Cellar/python@3.12/3.12.12_2/Frameworks/Python.framework/Versions/3.12/Resources/Python.app/Contents/MacOS/Python venv/bin/gunicorn FA.wsgi:application --bind 127.0.0,4,1,1,3,0.0,0,0,0,358140133,34532546574,545417975267
2026-10-10T11:32:53.081549+00:00,app,65358,65349,6.9,1.1,285936,R,/opt/homebrew/Cellar/python@3.12/3.12.12_2/Frameworks/Python.framework/Versions/3.12/Resources/Python.app/Contents/MacOS/Python venv/bin/gunicorn FA.wsgi:application --bind 127.0.0,4,1,1,3,0.0,0,0,0,358140133,34532546574,545417975267
2026-10-10T11:32:53.081549+00:00,loadgen,66574,66565,0.7,0.4,102592,S,/opt/homebrew/Cellar/python@3.12/3.12.12_2/Frameworks/Python.framework/Versions/3.12/Resources/Python.app/Contents/MacOS/Python venv/bin/locust -f perf/locust/locustfile.py --headl,4,1,1,3,0.0,0,0,0,358140133,34532546574,545417975267
2026-10-10T11:32:55.155313+00:00,app,65349,2547,0.0,0.1,12688,Ss,/opt/homebrew/Cellar/python@3.12/3.12.12_2/Frameworks/Python.framework/Versions/3.12/Resources/Python.app/Contents/MacOS/Python venv/bin/gunicorn FA.wsgi:application --bind 127.0.0,4,2,0,2,0.0,0,0,0,358154113,34532683514,545417975267
2026-10-10T11:32:55.155313+00:00,app,65356,65349,68.4,1.1,288400,S,/opt/homebrew/Cellar/python@3.12/3.12.12_2/Frameworks/Python.framework/Versions/3.12/Resources/Python.app/Contents/MacOS/Python venv/bin/gunicorn FA.wsgi:application --bind 127.0.0,4,2,0,2,0.0,0,0,0,358154113,34532683514,545417975267
2026-10-10T11:32:55.155313+00:00,app,65357,65349,19.6,1.2,293824,S,/opt/homebrew/Cellar/python@3.12/3.12.12_2/Frameworks/Python.framework/Versions/3.12/Resources/Python.app/Contents/MacOS/Python venv/bin/gunicorn FA.wsgi:application --bind 127.0.0,4,2,0,2,0.0,0,0,0,358154113,34532683514,545417975267
2026-10-10T11:32:55.155313+00:00,app,65358,65349,6.7,1.1,285936,S,/opt/homebrew/Cellar/python@3.12/3.12.12_2/Frameworks/Python.framework/Versions/3.12/Resources/Python.app/Contents/MacOS/Python venv/bin/gunicorn FA.wsgi:application --bind 127.0.0,4,2,0,2,0.0,0,0,0,358154113,34532683514,545417975267
2026-10-10T11:32:55.155313+00:00,loadgen,66574,66565,0.7,0.4,102640,S,/opt/homebrew/Cellar/python@3.12/3.12.12_2/Frameworks/Python.framework/Versions/3.12/Resources/Python.app/Contents/MacOS/Python venv/bin/locust -f perf/locust/locustfile.py --headl,4,2,0,2,0.0,0,0,0,358154113,34532683514,545417975267
2026-10-10T11:32:57.228919+00:00,app,65349,2547,0.0,0.1,12688,Ss,/opt/homebrew/Cellar/python@3.12/3.12.12_2/Frameworks/Python.framework/Versions/3.12/Resources/Python.app/Contents/MacOS/Python venv/bin/gunicorn FA.wsgi:application --bind 127.0.0,2,2,0,0,0.0,0,0,0,358188520,34532878888,545417975267
2026-10-10T11:32:57.228919+00:00,app,65356,65349,3.5,1.1,288672,S,/opt/homebrew/Cellar/python@3.12/3.12.12_2/Frameworks/Python.framework/Versions/3.12/Resources/Python.app/Contents/MacOS/Python venv/bin/gunicorn FA.wsgi:application --bind 127.0.0,2,2,0,0,0.0,0,0,0,358188520,34532878888,545417975267
2026-10-10T11:32:57.228919+00:00,app,65357,65349,37.2,1.2,293824,R,/opt/homebrew/Cellar/python@3.12/3.12.12_2/Frameworks/Python.framework/Versions/3.12/Resources/Python.app/Contents/MacOS/Python venv/bin/gunicorn FA.wsgi:application --bind 127.0.0,2,2,0,0,0.0,0,0,0,358188520,34532878888,545417975267
2026-10-10T11:32:57.228919+00:00,app,65358,65349,0.7,1.1,285936,S,/opt/homebrew/Cellar/python@3.12/3.12.12_2/Frameworks/Python.framework/Versions/3.12/Resources/Python.app/Contents/MacOS/Python venv/bin/gunicorn FA.wsgi:application --bind 127.0.0,2,2,0,0,0.0,0,0,0,358188520,34532878888,545417975267
2026-10-10T11:32:57.228919+00:00,loadgen,66574,66565,0.6,0.4,102640,S,/opt/homebrew/Cellar/python@3.12/3.12.12_2/Frameworks/Python.framework/Versions/3.12/Resources/Python.app/Contents/MacOS/Python venv/bin/locust -f perf/locust/locustfile.py --headl,2,2,0,0,0.0,0,0,0,358188520,34532878888,545417975267
2026-10-10T11:32:59.302760+00:00,app,65349,2547,0.0,0.1,12688,Ss,/opt/homebrew/Cellar/python@3.12/3.12.12_2/Frameworks/Python.framework/Versions/3.12/Resources/Python.app/Contents/MacOS/Python venv/bin/gunicorn FA.wsgi:application --bind 127.0.0,4,2,0,2,0.001,0,0,0,358196208,34533012496,545417975267
2026-10-10T11:32:59.302760+00:00,app,65356,65349,80.2,1.1,288672,R,/opt/homebrew/Cellar/python@3.12/3.12.12_2/Frameworks/Python.framework/Versions/3.12/Resources/Python.app/Contents/MacOS/Python venv/bin/gunicorn FA.wsgi:application --bind 127.0.0,4,2,0,2,0.001,0,0,0,358196208,34533012496,545417975267
2026-10-10T11:32:59.302760+00:00,app,65357,65349,15.9,1.1,288944,R,/opt/homebrew/Cellar/python@3.12/3.12.12_2/Frameworks/Python.framework/Versions/3.12/Resources/Python.app/Contents/MacOS/Python venv/bin/gunicorn FA.wsgi:application --bind 127.0.0,4,2,0,2,0.001,0,0,0,358196208,34533012496,545417975267
2026-10-10T11:32:59.302760+00:00,app,65358,65349,96.2,1.1,287952,R,/opt/homebrew/Cellar/python@3.12/3.12.12_2/Frameworks/Python.framework/Versions/3.12/Resources/Python.app/Contents/MacOS/Python venv/bin/gunicorn FA.wsgi:application --bind 127.0.0,4,2,0,2,0.001,0,0,0,358196208,34533012496,545417975267
2026-10-10T11:33:01.408292+00:00,app,65349,2547,0.0,0.1,12688,Ss,/opt/homebrew/Cellar/python@3.12/3.12.12_2/Frameworks/Python.framework/Versions/3.12/Resources/Python.app/Contents/MacOS/Python venv/bin/gunicorn FA.wsgi:application --bind 127.0.0,1,1,0,0,0.0,0,0,0,358212883,34533113556,545417975267
2026-10-10T11:33:01.408292+00:00,app,65356,65349,0.1,1.1,289344,S,/opt/homebrew/Cellar/python@3.12/3.12.12_2/Frameworks/Python.framework/Versions/3.12/Resources/Python.app/Contents/MacOS/Python venv/bin/gunicorn FA.wsgi:application --bind 127.0.0,1,1,0,0,0.0,0,0,0,358212883,34533113556,545417975267
2026-10-10T11:33:01.408292+00:00,app,65357,65349,0.0,1.1,288944,S,/opt/homebrew/Cellar/python@3.12/3.12.12_2/Frameworks/Python.framework/Versions/3.12/Resources/Python.app/Contents/MacOS/Python venv/bin/gunicorn FA.wsgi:application --bind 127.0.0,1,1,0,0,0.0,0,0,0,358212883,34533113556,545417975267
2026-10-10T11:33:01.408292+00:00,app,65358,65349,0.4,1.2,296336,S,/opt/homebrew/Cellar/python@3.12/3.12.12_2/Frameworks/Python.framework/Versions/3.12/Resources/Python.app/Contents/MacOS/Python venv/bin/gunicorn FA.wsgi:application --bind 127.0.0,1,1,0,0,0.0,0,0,0,358212883,34533113556,545417975267
2026-10-10T11:33:03.489698+00:00,app,65349,2547,0.0,0.1,12688,Ss,/opt/homebrew/Cellar/python@3.12/3.12.12_2/Frameworks/Python.framework/Versions/3.12/Resources/Python.app/Contents/MacOS/Python venv/bin/gunicorn FA.wsgi:application --bind 127.0.0,1,1,0,0,0.0,0,0,0,358212883,34533113556,545417975267
2026-10-10T11:33:03.489698+00:00,app,65356,65349,0.0,1.1,289344,S,/opt/homebrew/Cellar/python@3.12/3.12.12_2/Frameworks/Python.framework/Versions/3.12/Resources/Python.app/Contents/MacOS/Python venv/bin/gunicorn FA.wsgi:application --bind 127.0.0,1,1,0,0,0.0,0,0,0,358212883,34533113556,545417975267
2026-10-10T11:33:03.489698+00:00,app,65357,65349,0.0,1.1,288944,S,/opt/homebrew/Cellar/python@3.12/3.12.12_2/Frameworks/Python.framework/Versions/3.12/Resources/Python.app/Contents/MacOS/Python venv/bin/gunicorn FA.wsgi:application --bind 127.0.0,1,1,0,0,0.0,0,0,0,358212883,34533113556,545417975267
2026-10-10T11:33:03.489698+00:00,app,65358,65349,0.0,1.2,296336,S,/opt/homebrew/Cellar/python@3.12/3.12.12_2/Frameworks/Python.framework/Versions/3.12/Resources/Python.app/Contents/MacOS/Python venv/bin/gunicorn FA.wsgi:application --bind 127.0.0,1,1,0,0,0.0,0,0,0,358212883,34533113556,545417975267
2026-10-10T11:33:05.581777+00:00,app,65349,2547,0.0,0.1,12688,Ss,/opt/homebrew/Cellar/python@3.12/3.12.12_2/Frameworks/Python.framework/Versions/3.12/Resources/Python.app/Contents/MacOS/Python venv/bin/gunicorn FA.wsgi:application --bind 127.0.0,1,1,0,0,0.0,0,0,0,358212883,34533113556,545417975267
2026-10-10T11:33:05.581777+00:00,app,65356,65349,0.0,1.1,289344,S,/opt/homebrew/Cellar/python@3.12/3.12.12_2/Frameworks/Python.framework/Versions/3.12/Resources/Python.app/Contents/MacOS/Python venv/bin/gunicorn FA.wsgi:application --bind 127.0.0,1,1,0,0,0.0,0,0,0,358212883,34533113556,545417975267
2026-10-10T11:33:05.581777+00:00,app,65357,65349,0.0,1.1,288944,S,/opt/homebrew/Cellar/python@3.12/3.12.12_2/Frameworks/Python.framework/Versions/3.12/Resources/Python.app/Contents/MacOS/Python venv/bin/gunicorn FA.wsgi:application --bind 127.0.0,1,1,0,0,0.0,0,0,0,358212883,34533113556,545417975267
2026-10-10T11:33:05.581777+00:00,app,65358,65349,0.0,1.2,296336,S,/opt/homebrew/Cellar/python@3.12/3.12.12_2/Frameworks/Python.framework/Versions/3.12/Resources/Python.app/Contents/MacOS/Python venv/bin/gunicorn FA.wsgi:application --bind 127.0.0,1,1,0,0,0.0,0,0,0,358212883,34533113556,545417975267
2026-10-10T11:33:07.689925+00:00,app,65349,2547,0.0,0.1,12688,Ss,/opt/homebrew/Cellar/python@3.12/3.12.12_2/Frameworks/Python.framework/Versions/3.12/Resources/Python.app/Contents/MacOS/Python venv/bin/gunicorn FA.wsgi:application --bind 127.0.0,1,1,0,0,0.0,0,0,0,358212883,34533113556,545417975267
2026-10-10T11:33:07.689925+00:00,app,65356,65349,0.0,1.1,289344,S,/opt/homebrew/Cellar/python@3.12/3.12.12_2/Frameworks/Python.framework/Versions/3.12/Resources/Python.app/Contents/MacOS/Python venv/bin/gunicorn FA.wsgi:application --bind 127.0.0,1,1,0,0,0.0,0,0,0,358212883,34533113556,545417975267
2026-10-10T11:33:07.689925+00:00,app,65357,65349,0.0,1.1,288944,S,/opt/homebrew/Cellar/python@3.12/3.12.12_2/Frameworks/Python.framework/Versions/3.12/Resources/Python.app/Contents/MacOS/Python venv/bin/gunicorn FA.wsgi:application --bind 127.0.0,1,1,0,0,0.0,0,0,0,358212883,34533113556,545417975267
2026-10-10T11:33:07.689925+00:00,app,65358,65349,0.0,1.2,296336,S,/opt/homebrew/Cellar/python@3.12/3.12.12_2/Frameworks/Python.framework/Versions/3.12/Resources/Python.app/Contents/MacOS/Python venv/bin/gunicorn FA.wsgi:application --bind 127.0.0,1,1,0,0,0.0,0,0,0,358212883,34533113556,545417975267
2026-10-10T11:33:09.766871+00:00,app,65349,2547,0.0,0.1,12688,Ss,/opt/homebrew/Cellar/python@3.12/3.12.12_2/Frameworks/Python.framework/Versions/3.12/Resources/Python.app/Contents/MacOS/Python venv/bin/gunicorn FA.wsgi:application --bind 127.0.0,1,1,0,0,0.0,0,0,0,358212883,34533113556,545417975267
2026-10-10T11:33:09.766871+00:00,app,65356,65349,0.0,1.1,289344,S,/opt/homebrew/Cellar/python@3.12/3.12.12_2/Frameworks/Python.framework/Versions/3.12/Resources/Python.app/Contents/MacOS/Python venv/bin/gunicorn FA.wsgi:application --bind 127.0.0,1,1,0,0,0.0,0,0,0,358212883,34533113556,545417975267
2026-10-10T11:33:09.766871+00:00,app,65357,65349,0.0,1.1,288944,S,/opt/homebrew/Cellar/python@3.12/3.12.12_2/Frameworks/Python.framework/Versions/3.12/Resources/Python.app/Contents/MacOS/Python venv/bin/gunicorn FA.wsgi:application --bind 127.0.0,1,1,0,0,0.0,0,0,0,358212883,34533113556,545417975267
2026-10-10T11:33:09.766871+00:00,app,65358,65349,0.0,1.2,296336,S,/opt/homebrew/Cellar/python@3.12/3.12.12_2/Frameworks/Python.framework/Versions/3.12/Resources/Python.app/Contents/MacOS/Python venv/bin/gunicorn FA.wsgi:application --bind 127.0.0,1,1,0,0,0.0,0,0,0,358212883,34533113556,545417975267
2026-10-10T11:33:11.850019+00:00,app,65349,2547,0.0,0.1,12688,Ss,/opt/homebrew/Cellar/python@3.12/3.12.12_2/Frameworks/Python.framework/Versions/3.12/Resources/Python.app/Contents/MacOS/Python venv/bin/gunicorn FA.wsgi:application --bind 127.0.0,1,1,0,0,0.0,0,0,0,358212883,34533113556,545417975267
2026-10-10T11:33:11.850019+00:00,app,65356,65349,0.0,1.1,289344,S,/opt/homebrew/Cellar/python@3.12/3.12.12_2/Frameworks/Python.framework/Versions/3.12/Resources/Python.app/Contents/MacOS/Python venv/bin/gunicorn FA.wsgi:application --bind 127.0.0,1,1,0,0,0.0,0,0,0,358212883,34533113556,545417975267
2026-10-10T11:33:11.850019+00:00,app,65357,65349,0.0,1.1,288944,S,/opt/homebrew/Cellar/python@3.12/3.12.12_2/Frameworks/Python.framework/Versions/3.12/Resources/Python.app/Contents/MacOS/Python venv/bin/gunicorn FA.wsgi:application --bind 127.0.0,1,1,0,0,0.0,0,0,0,358212883,34533113556,545417975267
2026-10-10T11:33:11.850019+00:00,app,65358,65349,0.0,1.2,296336,S,/opt/homebrew/Cellar/python@3.12/3.12.12_2/Frameworks/Python.framework/Versions/3.12/Resources/Python.app/Contents/MacOS/Python venv/bin/gunicorn FA.wsgi:application --bind 127.0.0,1,1,0,0,0.0,0,0,0,358212883,34533113556,545417975267
2026-10-10T11:33:13.929761+00:00,app,65349,2547,0.0,0.1,12688,Ss,/opt/homebrew/Cellar/python@3.12/3.12.12_2/Frameworks/Python.framework/Versions/3.12/Resources/Python.app/Contents/MacOS/Python venv/bin/gunicorn FA.wsgi:application --bind 127.0.0,1,1,0,0,0.0,0,0,0,358212883,34533113556,545417975267
2026-10-10T11:33:13.929761+00:00,app,65356,65349,0.0,1.1,289344,S,/opt/homebrew/Cellar/python@3.12/3.12.12_2/Frameworks/Python.framework/Versions/3.12/Resources/Python.app/Contents/MacOS/Python venv/bin/gunicorn FA.wsgi:application --bind 127.0.0,1,1,0,0,0.0,0,0,0,358212883,34533113556,545417975267
2026-10-10T11:33:13.929761+00:00,app,65357,65349,0.0,1.1,288944,S,/opt/homebrew/Cellar/python@3.12/3.12.12_2/Frameworks/Python.framework/Versions/3.12/Resources/Python.app/Contents/MacOS/Python venv/bin/gunicorn FA.wsgi:application --bind 127.0.0,1,1,0,0,0.0,0,0,0,358212883,34533113556,545417975267
2026-10-10T11:33:13.929761+00:00,app,65358,65349,0.0,1.2,296336,S,/opt/homebrew/Cellar/python@3.12/3.12.12_2/Frameworks/Python.framework/Versions/3.12/Resources/Python.app/Contents/MacOS/Python venv/bin/gunicorn FA.wsgi:application --bind 127.0.0,1,1,0,0,0.0,0,0,0,358212883,34533113556,545417975267
2026-10-10T11:33:16.010745+00:00,app,65349,2547,0.0,0.1,12688,Ss,/opt/homebrew/Cellar/python@3.12/3.12.12_2/Frameworks/Python.framework/Versions/3.12/Resources/Python.app/Contents/MacOS/Python venv/bin/gunicorn FA.wsgi:application --bind 127.0.0,1,1,0,0,0.0,0,0,0,358212883,34533113556,545417975267
2026-10-10T11:33:16.010745+00:00,app,65356,65349,0.0,1.1,289344,S,/opt/homebrew/Cellar/python@3.12/3.12.12_2/Frameworks/Python.framework/Versions/3.12/Resources/Python.app/Contents/MacOS/Python venv/bin/gunicorn FA.wsgi:application --bind 127.0.0,1,1,0,0,0.0,0,0,0,358212883,34533113556,545417975267
2026-10-10T11:33:16.010745+00:00,app,65357,65349,0.0,1.1,288944,S,/opt/homebrew/Cellar/python@3.12/3.12.12_2/Frameworks/Python.framework/Versions/3.12/Resources/Python.app/Contents/MacOS/Python venv/bin/gunicorn FA.wsgi:application --bind 127.0.0,1,1,0,0,0.0,0,0,0,358212883,34533113556,545417975267
2026-10-10T11:33:16.010745+00:00,app,65358,65349,0.0,1.2,296336,S,/opt/homebrew/Cellar/python@3.12/3.12.12_2/Frameworks/Python.framework/Versions/3.12/Resources/Python.app/Contents/MacOS/Python venv/bin/gunicorn FA.wsgi:application --bind 127.0.0,1,1,0,0,0.0,0,0,0,358212883,34533113556,545417975267
2026-10-10T11:33:18.089983+00:00,app,65349,2547,0.0,0.1,12688,Ss,/opt/homebrew/Cellar/python@3.12/3.12.12_2/Frameworks/Python.framework/Versions/3.12/Resources/Python.app/Contents/MacOS/Python venv/bin/gunicorn FA.wsgi:application --bind 127.0.0,1,1,0,0,0.0,0,0,0,358212883,34533113556,545417975267
2026-10-10T11:33:18.089983+00:00,app,65356,65349,0.0,1.1,289344,S,/opt/homebrew/Cellar/python@3.12/3.12.12_2/Frameworks/Python.framework/Versions/3.12/Resources/Python.app/Contents/MacOS/Python venv/bin/gunicorn FA.wsgi:application --bind 127.0.0,1,1,0,0,0.0,0,0,0,358212883,34533113556,545417975267
2026-10-10T11:33:18.089983+00:00,app,65357,65349,0.0,1.1,288944,S,/opt/homebrew/Cellar/python@3.12/3.12.12_2/Frameworks/Python.framework/Versions/3.12/Resources/Python.app/Contents/MacOS/Python venv/bin/gunicorn FA.wsgi:application --bind 127.0.0,1,1,0,0,0.0,0,0,0,358212883,34533113556,545417975267
2026-10-10T11:33:18.089983+00:00,app,65358,65349,0.0,1.2,296336,S,/opt/homebrew/Cellar/python@3.12/3.12.12_2/Frameworks/Python.framework/Versions/3.12/Resources/Python.app/Contents/MacOS/Python venv/bin/gunicorn FA.wsgi:application --bind 127.0.0,1,1,0,0,0.0,0,0,0,358212883,34533113556,545417975267
