Timestamp,User Count,Type,Name,Requests/s,Failures/s,50%,66%,75%,80%,90%,95%,98%,99%,99.9%,99.99%,100%,Total Request Count,Total Failure Count,Total Median Response Time,Total Average Response Time,Total Min Response Time,Total Max Response Time,Total Average Content Size
1791647066,0,,Aggregated,0.000000,0.000000,N/A,N/A,N/A,N/A,N/A,N/A,N/A,N/A,N/A,N/A,N/A,0,0,0,0.0,0,0,0
1791647067,25,,Aggregated,0.000000,0.000000,630,630,900,900,910,910,910,910,910,910,910,9,0,630.0,622.6989767779337,337.21304099890403,906.2595829964266,4322.0
1791647068,25,,Aggregated,0.000000,0.000000,1200,1200,1500,1500,1700,1700,1700,1700,1700,1700,1700,18,0,910.0,1037.6139235551009,337.21304099890403,1739.2057919932995,4321.333333333333
1791647069,25,,Aggregated,6.000000,0.000000,1200,1500,1700,1900,2100,2300,2400,2600,2600,2600,2600,60,0,1200.0,1182.3765534501338,337.21304099890403,2599.0128749981523,2116.016666666667
1791647070,25,,Aggregated,9.000000,0.000000,630,1200,1500,1600,2100,2100,2400,2600,2600,2600,2600,91,0,630.0,926.582412076791,261.130916995171,2599.0128749981523,7215.428571428572
1791647071,25,,Aggregated,15.000000,0.000000,750,1000,1300,1500,1900,2100,2300,2400,2600,2600,2600,104,0,720.0,901.1611406345205,48.21675000130199,2599.0128749981523,9989.163461538461
1791647072,25,,Aggregated,22.250000,0.000000,540,1000,1200,1500,1900,2100,2300,2400,2600,2600,2600,115,0,540.0,825.6416471215704,48.21675000130199,2599.0128749981523,15835.382608695652
1791647073,25,,Aggregated,20.600000,0.000000,500,900,1100,1300,1800,2100,2300,2400,2600,2600,2600,128,0,490.0,758.07636916403,48.21675000130199,2599.0128749981523,24290.1796875
1791647074,25,,Aggregated,18.666667,0.000000,450,840,1000,1200,1700,2100,2300,2400,2600,2600,2600,141,0,450.0,698.5408697020946,39.54170899669407,2599.0128749981523,23563.45390070922
1791647075,25,,Aggregated,18.000000,0.000000,390,750,1000,1200,1700,2100,2300,2400,2600,2600,2600,151,0,390.0,661.1610767483115,39.54170899669407,2599.0128749981523,25383.754966887416
1791647076,25,,Aggregated,17.250000,0.000000,360,630,990,1100,1700,2100,2300,2400,2600,2600,2600,164,0,340.0,622.8819863230367,39.54170899669407,2599.0128749981523,28809.573170731706
1791647077,25,,Aggregated,16.333333,0.000000,340,540,910,1000,1700,2100,2300,2400,2600,2600,2600,172,0,340.0,601.4135167614197,39.54170899669407,2599.0128749981523,34169.65697674418
1791647078,25,,Aggregated,16.100000,0.000000,310,510,890,1000,1600,2100,2300,2400,2600,2600,2600,184,0,310.0,573.6856655649599,39.54170899669407,2599.0128749981523,36604.266304347824
1791647079,25,,Aggregated,16.500000,0.000000,290,480,750,1000,1500,2100,2300,2400,2600,2600,2600,197,0,290.0,543.9068589489972,39.54170899669407,2599.0128749981523,37217.84263959391
1791647080,25,,Aggregated,16.500000,0.000000,290,460,750,980,1500,1900,2100,2300,2600,2600,2600,206,0,290.0,525.0224937521372,39.54170899669407,2599.0128749981523,37747.8786407767
1791647081,25,,Aggregated,16.500000,0.000000,260,410,630,900,1500,1900,2100,2300,2600,2600,2600,219,0,260.0,501.22292068013206,39.54170899669407,2599.0128749981523,37931.46575342466
1791647082,25,,Aggregated,11.600000,0.000000,260,390,620,890,1500,1900,2100,2300,2600,2600,2600,228,0,250.0,487.6726949997854,39.54170899669407,2599.0128749981523,42060.12280701754
1791647083,25,,Aggregated,11.600000,0.000000,210,360,530,840,1500,1900,2100,2300,2600,2600,2600,240,0,200.0,469.989760941462,39.54170899669407,2599.0128749981523,44598.958333333336
1791647084,25,,Aggregated,11.500000,0.000000,210,340,500,750,1300,1800,2100,2300,2600,2600,2600,256,0,200.0,453.17331332796584,39.54170899669407,2599.0128749981523,43545.5
1791647085,25,,Aggregated,11.300000,0.000000,190,340,490,720,1200,1700,2100,2300,2600,2600,2600,264,0,190.0,443.6992960944818,39.54170899669407,2599.0128749981523,43967.59090909091
1791647086,25,,Aggregated,11.100000,0.000000,190,320,460,630,1200,1700,2100,2300,2600,2600,2600,278,0,190.0,429.2994608883072,39.54170899669407,2599.0128749981523,43743.43525179856
1791647087,25,,Aggregated,11.600000,0.000000,180,310,420,540,1200,1700,2100,2300,2600,2600,2600,289,0,180.0,416.1011734462005,39.54170899669407,2599.0128749981523,43131.384083044984
1791647088,25,,Aggregated,11.300000,0.000000,180,290,410,530,1200,1700,2100,2300,2600,2600,2600,299,0,180.0,407.5943276286709,39.54170899669407,2599.0128749981523,44055.464882943146
1791647089,25,,Aggregated,11.700000,0.000000,180,290,390,510,1100,1700,2100,2300,2600,2600,2600,312,0,180.0,396.8497840544212,39.54170899669407,2599.0128749981523,44166.16025641026
1791647090,25,,Aggregated,11.300000,0.000000,180,280,360,500,1100,1700,2100,2300,2600,2600,2600,325,0,180.0,386.19374859372886,39.54170899669407,2599.0128749981523,45281.264615384614
1791647091,25,,Aggregated,11.500000,0.000000,170,280,360,480,1000,1700,2100,2300,2600,2600,2600,336,0,170.0,379.03345846416414,37.152458004129585,2599.0128749981523,46137.95238095238
1791647092,25,,Aggregated,11.600000,0.000000,170,270,360,460,1000,1700,2100,2300,2600,2600,2600,347,0,170.0,373.01117123620617,37.152458004129585,2599.0128749981523,45891.023054755045
1791647093,25,,Aggregated,11.400000,0.000000,170,260,340,450,1000,1700,2100,2300,2600,2600,2600,360,0,160.0,363.780203474865,37.152458004129585,2599.0128749981523,45894.48055555556
1791647094,25,,Aggregated,11.800000,0.000000,160,260,340,420,1000,1600,2100,2300,2600,2600,2600,370,0,160.0,357.04616521071404,37.152458004129585,2599.0128749981523,46306.76756756757
1791647095,25,,Aggregated,11.600000,0.000000,160,260,320,400,1000,1500,2100,2300,2600,2600,2600,384,0,160.0,348.9592210337757,35.902875002648216,2599.0128749981523,49251.877604166664
1791647096,25,,Aggregated,11.800000,0.000000,160,250,310,390,1000,1500,2100,2300,2600,2600,2600,396,0,160.0,341.8547473686362,35.902875002648216,2599.0128749981523,48215.38383838384
1791647097,25,,Aggregated,11.700000,0.000000,160,230,310,370,990,1500,2100,2100,2600,2600,2600,406,0,160.0,337.1191631772557,35.902875002648216,2599.0128749981523,48493.47783251232
1791647098,25,,Aggregated,11.900000,0.000000,160,220,300,360,980,1500,2100,2100,2600,2600,2600,418,0,150.0,330.37922169366567,35.902875002648216,2599.0128749981523,48276.16028708134
1791647099,25,,Aggregated,11.500000,0.000000,150,210,290,360,900,1500,2100,2100,2600,2600,2600,431,0,150.0,323.6578497655328,35.902875002648216,2599.0128749981523,48494.294663573084
1791647100,25,,Aggregated,11.900000,0.000000,150,210,290,360,900,1500,2100,2100,2600,2600,2600,440,0,150.0,320.8873304930669,35.902875002648216,2599.0128749981523,48241.83409090909
1791647101,25,,Aggregated,11.700000,0.000000,150,210,290,340,890,1500,2100,2100,2600,2600,2600,453,0,150.0,316.9724043375918,35.902875002648216,2599.0128749981523,48013.183222958054
1791647102,25,,Aggregated,11.500000,0.000000,150,210,290,340,890,1500,2100,2100,2600,2600,2600,468,0,150.0,310.7519418545597,35.902875002648216,2599.0128749981523,49432.05128205128
1791647103,25,,Aggregated,11.900000,0.000000,150,200,280,340,840,1500,2100,2100,2600,2600,2600,477,0,150.0,307.3568633730441,35.902875002648216,2599.0128749981523,49774.28301886792
1791647104,25,,Aggregated,11.800000,0.000000,150,200,280,330,750,1400,2100,2100,2600,2600,2600,490,0,150.0,303.147730432547,35.902875002648216,2599.0128749981523,50215.171428571426
1791647105,25,,Aggregated,11.700000,0.000000,150,200,280,320,750,1300,1900,2100,2600,2600,2600,504,0,150.0,299.9299507200992,35.902875002648216,2599.0128749981523,49871.857142857145
1791647106,25,,Aggregated,12.200000,0.000000,150,200,270,320,750,1300,1900,2100,2600,2600,2600,513,0,150.0,297.3265475905111,35.902875002648216,2599.0128749981523,50603.228070175435
1791647107,25,,Aggregated,11.700000,0.000000,150,200,270,310,720,1200,1900,2100,2600,2600,2600,525,0,150.0,294.2462303884427,35.902875002648216,2599.0128749981523,51238.49333333333
1791647108,25,,Aggregated,11.700000,0.000000,150,190,270,310,630,1200,1900,2100,2600,2600,2600,538,0,150.0,290.80111383818905,35.902875002648216,2599.0128749981523,50790.81598513011
1791647109,25,,Aggregated,11.900000,0.000000,150,190,260,310,630,1200,1900,2100,2600,2600,2600,550,0,150.0,287.43719976718154,35.902875002648216,2599.0128749981523,50484.75090909091
1791647110,25,,Aggregated,11.600000,0.000000,150,190,260,300,630,1200,1900,2100,2600,2600,2600,558,0,150.0,284.98834781530473,35.902875002648216,2599.0128749981523,50468.51792114695
1791647111,25,,Aggregated,11.500000,0.000000,150,190,260,290,540,1200,1900,2100,2600,2600,2600,572,0,140.0,281.8172898425689,35.902875002648216,2599.0128749981523,51411.67482517483
1791647112,25,,Aggregated,12.000000,0.000000,140,190,260,290,540,1200,1900,2100,2600,2600,2600,581,0,140.0,279.0935314784142,35.042000003159046,2599.0128749981523,51347.85542168675
1791647113,25,,Aggregated,11.600000,0.000000,140,190,260,290,540,1200,1900,2100,2600,2600,2600,589,0,140.0,276.85413122233604,34.09912499773782,2599.0128749981523,50839.36842105263
1791647114,25,,Aggregated,11.600000,0.000000,140,190,260,290,530,1200,1800,2100,2600,2600,2600,602,0,140.0,274.19198594678323,34.09912499773782,2599.0128749981523,50758.62790697674
1791647115,25,,Aggregated,11.500000,0.000000,140,190,260,290,520,1200,1800,2100,2600,2600,2600,614,0,140.0,271.66901832078014,34.09912499773782,2599.0128749981523,51628.739413680785
1791647116,25,,Aggregated,10.900000,0.000000,140,190,260,280,510,1100,1800,2100,2600,2600,2600,627,0,140.0,268.68158685323306,34.09912499773782,2599.0128749981523,51993.69696969697
1791647117,25,,Aggregated,11.400000,0.000000,140,180,250,280,500,1100,1800,2100,2600,2600,2600,642,0,140.0,265.3003472195879,34.09912499773782,2599.0128749981523,52189.54517133957
1791647118,25,,Aggregated,11.300000,0.000000,140,180,250,280,500,1100,1800,2100,2600,2600,2600,650,0,140.0,263.4471244830302,34.09912499773782,2599.0128749981523,51944.56307692308
1791647119,25,,Aggregated,11.500000,0.000000,140,180,240,270,490,1000,1700,2100,2600,2600,2600,665,0,140.0,259.76199899241897,34.09912499773782,2599.0128749981523,51930.142857142855
1791647120,25,,Aggregated,11.500000,0.000000,140,180,240,270,480,1000,1700,2100,2600,2600,2600,673,0,140.0,258.1918139508979,34.09912499773782,2599.0128749981523,51975.426448737
1791647121,25,,Aggregated,11.700000,0.000000,140,180,240,270,480,1000,1700,2100,2600,2600,2600,687,0,140.0,255.392087333233,34.09912499773782,2599.0128749981523,51724.93595342067
1791647122,25,,Aggregated,11.600000,0.000000,140,180,230,270,470,1000,1700,2100,2600,2600,2600,696,0,140.0,253.4061499021971,34.09912499773782,2599.0128749981523,51487.80316091954
1791647123,25,,Aggregated,11.300000,0.000000,140,180,230,270,460,1000,1700,2100,2600,2600,2600,713,0,140.0,251.6185854949957,34.09912499773782,2599.0128749981523,51925.244039270685
1791647124,25,,Aggregated,11.600000,0.000000,140,180,230,270,460,1000,1700,2100,2600,2600,2600,719,0,140.0,250.66687343246645,34.09912499773782,2599.0128749981523,52370.98191933241
1791647125,25,,Aggregated,11.800000,0.000000,140,180,230,270,440,1000,1700,2100,2600,2600,2600,733,0,140.0,248.92685788531404,34.09912499773782,2599.0128749981523,54130.233287858115
1791647126,25,,Aggregated,11.800000,0.000000,140,180,230,270,420,1000,1700,2100,2600,2600,2600,744,0,140.0,247.42888496499896,34.09912499773782,2599.0128749981523,54203.86155913978
1791647127,25,,Aggregated,11.700000,0.000000,140,180,230,260,420,1000,1700,2100,2600,2600,2600,758,0,140.0,245.00216952370192,34.09912499773782,2599.0128749981523,54144.92612137203
1791647128,25,,Aggregated,11.700000,0.000000,140,180,230,260,410,1000,1700,2100,2600,2600,2600,764,0,140.0,244.43465706671594,34.09912499773782,2599.0128749981523,54198.86780104712
1791647129,25,,Aggregated,11.500000,0.000000,140,180,230,260,410,1000,1700,2100,2600,2600,2600,778,0,140.0,242.72635336371837,34.09912499773782,2599.0128749981523,55391.64010282776
1791647130,25,,Aggregated,11.600000,0.000000,140,180,220,260,410,1000,1700,2100,2600,2600,2600,788,0,140.0,241.26467052408003,34.09912499773782,2599.0128749981523,56115.4847715736
1791647131,25,,Aggregated,11.400000,0.000000,140,180,220,260,400,990,1700,2100,2600,2600,2600,801,0,140.0,239.18936500872013,34.09912499773782,2599.0128749981523,56217.79900124844
1791647132,25,,Aggregated,11.300000,0.000000,140,180,220,260,400,990,1700,2100,2600,2600,2600,814,0,140.0,237.7633034889376,34.09912499773782,2599.0128749981523,56761.109336609334
1791647133,25,,Aggregated,11.300000,0.000000,140,180,220,260,390,980,1700,2100,2600,2600,2600,822,0,140.0,236.48490738806285,34.09912499773782,2599.0128749981523,56591.2299270073
1791647134,25,,Aggregated,11.400000,0.000000,140,180,220,250,390,980,1700,2100,2600,2600,2600,836,0,140.0,234.82303199519714,34.09912499773782,2599.0128749981523,56110.52153110048
1791647135,25,,Aggregated,11.700000,0.000000,140,180,220,250,390,910,1700,2100,2600,2600,2600,849,0,140.0,233.54344635333064,34.09912499773782,2599.0128749981523,56263.727915194344
1791647136,25,,Aggregated,11.600000,0.000000,140,180,220,250,380,910,1700,2100,2600,2600,2600,859,0,140.0,232.70140298370086,34.09912499773782,2599.0128749981523,56339.04656577416
1791647137,25,,Aggregated,11.300000,0.000000,140,180,220,250,370,900,1700,2100,2600,2600,2600,869,0,140.0,231.2660545615632,34.09912499773782,2599.0128749981523,56280.2830840046
1791647138,25,,Aggregated,11.700000,0.000000,130,180,220,250,370,900,1700,2100,2600,2600,2600,884,0,130.0,230.0345753642535,34.09912499773782,2599.0128749981523,56040.60067873303
1791647139,25,,Aggregated,11.400000,0.000000,130,180,220,250,370,900,1700,2100,2600,2600,2600,893,0,130.0,229.0605656909439,34.09912499773782,2599.0128749981523,56082.83314669653
1791647140,25,,Aggregated,11.500000,0.000000,130,180,220,250,360,890,1600,2100,2600,2600,2600,905,0,130.0,227.88713802323028,34.09912499773782,2599.0128749981523,56903.037569060776
1791647141,25,,Aggregated,11.500000,0.000000,130,180,220,250,360,890,1600,2100,2600,2600,2600,918,0,130.0,226.55216352943413,34.09912499773782,2599.0128749981523,56397.6568627451
1791647142,25,,Aggregated,11.700000,0.000000,130,180,220,250,360,890,1600,2100,2600,2600,2600,931,0,130.0,225.14595094415864,34.09912499773782,2599.0128749981523,56067.17078410312
1791647143,25,,Aggregated,12.000000,0.000000,130,170,220,250,360,840,1600,2100,2600,2600,2600,943,0,130.0,224.11953874338766,34.09912499773782,2599.0128749981523,56027.996818663836
1791647144,25,,Aggregated,11.700000,0.000000,130,170,210,250,360,840,1500,2100,2600,2600,2600,959,0,130.0,222.52197362045777,34.09912499773782,2599.0128749981523,56327.743482794576
1791647145,25,,Aggregated,11.600000,0.000000,130,170,210,250,360,750,1500,2100,2600,2600,2600,966,0,130.0,221.93652996896577,34.09912499773782,2599.0128749981523,57371.06728778468
1791647146,25,,Aggregated,11.700000,0.000000,130,180,220,250,360,750,1500,2100,2600,2600,2600,975,0,130.0,222.6248749507776,34.09912499773782,2599.0128749981523,57271.264615384614
1791647147,25,,Aggregated,11.900000,0.000000,130,180,220,250,360,750,1500,2100,2600,2600,2600,989,0,130.0,222.17527114158017,34.09912499773782,2599.0128749981523,57099.11627906977
1791647148,25,,Aggregated,11.200000,0.000000,130,180,220,250,360,750,1500,1900,2400,2600,2600,1003,0,130.0,220.8572612921195,34.09912499773782,2599.0128749981523,56808.296111665004
1791647149,25,,Aggregated,11.900000,0.000000,130,170,210,250,360,750,1500,1900,2400,2600,2600,1016,0,130.0,219.73799913189217,34.09912499773782,2599.0128749981523,56301.6781496063
1791647150,25,,Aggregated,11.700000,0.000000,130,170,210,250,340,750,1500,1900,2400,2600,2600,1025,0,130.0,218.95550023706875,34.09912499773782,2599.0128749981523,56158.29853658537
1791647151,25,,Aggregated,11.800000,0.000000,130,170,210,250,340,750,1500,1900,2400,2600,2600,1038,0,130.0,217.85322221580958,34.09912499773782,2599.0128749981523,56318.23410404624
1791647152,25,,Aggregated,11.800000,0.000000,130,170,210,250,340,720,1500,1900,2400,2600,2600,1052,0,130.0,217.03098363690611,34.09912499773782,2599.0128749981523,56802.40494296578
1791647153,25,,Aggregated,11.300000,0.000000,130,170,210,250,340,720,1500,1900,2400,2600,2600,1059,0,130.0,216.44519986970636,34.09912499773782,2599.0128749981523,56714.50519357885
1791647154,25,,Aggregated,11.700000,0.000000,130,170,210,250,340,630,1500,1900,2400,2600,2600,1075,0,130.0,215.40715480001296,34.09912499773782,2599.0128749981523,56306.04465116279
1791647155,25,,Aggregated,11.700000,0.000000,130,170,210,250,340,630,1500,1900,2400,2600,2600,1083,0,130.0,214.79434498524972,34.09912499773782,2599.0128749981523,56456.22068328717
1791647156,25,,Aggregated,11.300000,0.000000,130,170,210,250,340,630,1500,1900,2400,2600,2600,1090,0,130.0,214.35774158443556,34.09912499773782,2599.0128749981523,56683.02201834862
1791647157,25,,Aggregated,11.800000,0.000000,130,170,210,250,340,630,1500,1900,2400,2600,2600,1104,0,130.0,213.38376599640574,34.09912499773782,2599.0128749981523,56461.860507246376
1791647158,25,,Aggregated,11.700000,0.000000,130,170,210,250,330,630,1500,1900,2400,2600,2600,1118,0,130.0,212.2642553256091,34.09912499773782,2599.0128749981523,56451.3282647585
1791647159,25,,Aggregated,11.200000,0.000000,130,170,210,250,320,620,1500,1900,2400,2600,2600,1132,0,130.0,211.2871048604459,34.09912499773782,2599.0128749981523,56360.79328621908
1791647160,25,,Aggregated,11.800000,0.000000,130,170,210,250,320,540,1500,1900,2400,2600,2600,1142,0,130.0,210.73113944223442,34.09912499773782,2599.0128749981523,56506.88791593695
1791647161,25,,Aggregated,11.900000,0.000000,130,170,200,240,320,540,1500,1900,2400,2600,2600,1152,0,130.0,209.92946216062415,34.09912499773782,2599.0128749981523,56839.51128472222
1791647162,25,,Aggregated,11.500000,0.000000,130,170,200,240,320,540,1500,1900,2400,2600,2600,1164,0,130.0,208.60435741755927,34.09912499773782,2599.0128749981523,56427.485395189
1791647163,25,,Aggregated,11.900000,0.000000,130,170,200,240,320,540,1500,1900,2400,2600,2600,1181,0,130.0,207.2736367443214,34.09912499773782,2599.0128749981523,56020.915325994916
1791647164,25,,Aggregated,11.600000,0.000000,130,170,200,240,320,540,1500,1900,2400,2600,2600,1187,0,130.0,206.85840416600837,34.09912499773782,2599.0128749981523,56197.31676495366
1791647165,25,,Aggregated,11.600000,0.000000,130,170,200,240,310,530,1400,1800,2400,2600,2600,1201,0,130.0,205.48682101337445,34.09912499773782,2599.0128749981523,55944.787676935885
1791647166,25,,Aggregated,12.300000,0.000000,130,170,200,240,310,530,1400,1800,2400,2600,2600,1215,0,130.0,204.4498453325692,34.09912499773782,2599.0128749981523,55540.60329218107
1791647167,25,,Aggregated,11.500000,0.000000,130,170,190,240,310,520,1400,1800,2400,2600,2600,1228,0,130.0,203.47263565151925,33.9109170017764,2599.0128749981523,55355.70358306189
1791647168,25,,Aggregated,12.000000,0.000000,130,170,190,240,310,520,1400,1800,2400,2600,2600,1240,0,130.0,202.7988325920007,33.9109170017764,2599.0128749981523,55691.91935483871
1791647169,25,,Aggregated,12.300000,0.000000,130,170,190,240,310,510,1300,1800,2400,2600,2600,1251,0,130.0,202.2725701087804,33.9109170017764,2599.0128749981523,55658.81454836131
1791647170,25,,Aggregated,12.000000,0.000000,130,170,190,240,310,510,1300,1800,2400,2600,2600,1262,0,130.0,201.9715354572889,33.9109170017764,2599.0128749981523,56283.33993660856
1791647171,25,,Aggregated,11.600000,0.000000,130,170,190,240,310,510,1300,1800,2400,2600,2600,1275,0,130.0,201.31236310203116,33.9109170017764,2599.0128749981523,56555.86980392157
1791647172,25,,Aggregated,11.800000,0.000000,130,170,200,240,310,500,1300,1800,2400,2600,2600,1282,0,130.0,201.3954074017946,33.9109170017764,2599.0128749981523,56844.86271450858
1791647173,25,,Aggregated,11.900000,0.000000,130,170,190,240,310,500,1300,1800,2400,2600,2600,1296,0,130.0,200.37932313975327,33.9109170017764,2599.0128749981523,56639.236882716046
1791647174,25,,Aggregated,11.700000,0.000000,130,170,190,240,310,500,1200,1700,2400,2600,2600,1308,0,130.0,199.73193151002414,33.9109170017764,2599.0128749981523,56626.44113149847
1791647175,25,,Aggregated,11.900000,0.000000,130,170,190,240,310,500,1200,1700,2400,2600,2600,1318,0,130.0,199.59187977323373,33.9109170017764,2599.0128749981523,57049.99317147193
1791647176,25,,Aggregated,11.400000,0.000000,130,170,190,240,310,490,1200,1700,2400,2600,2600,1330,0,130.0,199.11457568655317,33.9109170017764,2599.0128749981523,56887.523308270676
1791647177,25,,Aggregated,11.600000,0.000000,130,170,190,240,300,480,1200,1700,2400,2600,2600,1343,0,130.0,198.67290946620975,33.9109170017764,2599.0128749981523,56892.86150409531
1791647178,25,,Aggregated,11.800000,0.000000,130,170,190,240,300,480,1200,1700,2400,2600,2600,1354,0,130.0,197.77691897276407,33.9109170017764,2599.0128749981523,56810.060561299855
1791647179,25,,Aggregated,11.500000,0.000000,130,170,190,240,300,480,1200,1700,2400,2600,2600,1369,0,130.0,196.86845516517857,33.9109170017764,2599.0128749981523,56322.799123447774
1791647180,25,,Aggregated,11.600000,0.000000,130,170,190,240,290,480,1200,1700,2400,2600,2600,1380,0,130.0,196.47458867473398,33.9109170017764,2599.0128749981523,56503.93043478261
1791647181,25,,Aggregated,11.900000,0.000000,130,170,190,240,290,470,1200,1700,2400,2600,2600,1390,0,130.0,195.89360934974172,33.9109170017764,2599.0128749981523,56352.76834532374
1791647182,25,,Aggregated,12.100000,0.000000,130,170,190,240,290,460,1200,1700,2400,2600,2600,1401,0,130.0,195.5898624462012,33.9109170017764,2599.0128749981523,56590.93790149893
1791647183,25,,Aggregated,11.700000,0.000000,130,170,190,240,310,490,1200,1700,2400,2600,2600,1407,0,130.0,197.47160331920682,33.9109170017764,2599.0128749981523,56540.31698649609
1791647184,25,,Aggregated,12.100000,0.000000,130,170,200,240,310,530,1200,1700,2400,2600,2600,1414,0,130.0,199.95608586359955,33.9109170017764,2599.0128749981523,56586.09052333805
1791647185,25,,Aggregated,11.300000,0.000000,130,170,200,240,320,540,1400,1800,2400,2600,2600,1418,0,130.0,204.4213209888082,33.9109170017764,2599.0128749981523,56614.08674188999
1791647186,25,,Aggregated,11.200000,0.000000,130,170,200,240,320,630,1600,2100,2500,2600,2600,1424,0,130.0,212.7919952564104,33.9109170017764,2599.0128749981523,56704.54213483146
1791647187,25,,Aggregated,10.500000,0.000000,130,170,210,250,340,750,1800,2100,2600,2700,2700,1433,0,130.0,225.69270501403864,33.9109170017764,2670.6229170013103,56567.406140963016
1791647188,25,,Aggregated,9.600000,0.000000,130,170,220,250,360,890,1900,2100,2600,2700,2700,1449,0,130.0,233.29332783582282,33.9109170017764,2670.6229170013103,57133.91097308489
1791647189,25,,Aggregated,9.000000,0.000000,130,170,220,250,360,890,1800,2100,2600,2700,2700,1458,0,130.0,232.6463980000685,33.9109170017764,2670.6229170013103,56911.9231824417
1791647190,25,,Aggregated,8.900000,0.000000,130,170,220,250,360,890,1800,2100,2600,2700,2700,1469,0,130.0,232.11513001640378,33.9109170017764,2670.6229170013103,56740.808713410486
1791647191,25,,Aggregated,8.900000,0.000000,130,170,220,250,360,890,1800,2100,2600,2700,2700,1477,0,130.0,231.9083464191657,33.9109170017764,2670.6229170013103,57068.194989844276
1791647192,25,,Aggregated,8.700000,0.000000,130,170,220,250,360,840,1800,2100,2600,2700,2700,1486,0,130.0,232.101639296161,33.9109170017764,2670.6229170013103,56901.15141318977
1791647193,25,,Aggregated,8.800000,0.000000,130,170,220,250,380,840,1800,2100,2600,2700,2700,1499,0,130.0,234.6599948239423,33.9109170017764,2670.6229170013103,57064.73382254837
1791647194,25,,Aggregated,8.300000,0.000000,130,170,220,250,370,830,1800,2100,2600,2700,2700,1512,0,130.0,233.67818292003253,33.9109170017764,2670.6229170013103,56746.62103174603
1791647195,25,,Aggregated,8.700000,0.000000,130,170,220,250,370,810,1800,2100,2600,2700,2700,1522,0,130.0,233.0119361800914,33.9109170017764,2670.6229170013103,56597.15768725362
1791647196,25,,Aggregated,9.000000,0.000000,130,170,220,250,370,810,1800,2100,2600,2700,2700,1536,0,130.0,231.85978306191166,33.9109170017764,2670.6229170013103,56549.107421875
1791647197,25,,Aggregated,10.100000,0.000000,130,170,220,250,370,810,1800,2100,2600,2700,2700,1546,0,130.0,231.38618045932387,33.9109170017764,2670.6229170013103,56855.05045278137
1791647198,25,,Aggregated,10.400000,0.000000,130,170,220,250,370,810,1700,2100,2600,2700,2700,1560,0,130.0,230.47366746289836,33.9109170017764,2670.6229170013103,56767.84358974359
1791647199,25,,Aggregated,11.500000,0.000000,130,170,220,250,360,750,1700,2100,2600,2700,2700,1573,0,130.0,229.55723185004805,33.9109170017764,2670.6229170013103,56588.114431023525
1791647200,25,,Aggregated,11.200000,0.000000,130,170,220,250,360,750,1700,2100,2600,2700,2700,1585,0,130.0,228.67643259250767,33.9109170017764,2670.6229170013103,56443.047318611985
1791647201,25,,Aggregated,11.200000,0.000000,130,170,220,250,360,750,1700,2100,2600,2700,2700,1595,0,130.0,228.25370929600342,33.9109170017764,2670.6229170013103,57240.07398119122
1791647202,25,,Aggregated,11.500000,0.000000,130,170,220,250,360,750,1700,2100,2600,2700,2700,1608,0,130.0,227.2866205137607,33.9109170017764,2670.6229170013103,57095.32960199005
1791647203,25,,Aggregated,11.500000,0.000000,130,170,220,250,360,750,1700,2100,2600,2700,2700,1617,0,130.0,226.70861419921192,33.9109170017764,2670.6229170013103,56988.2622139765
1791647204,25,,Aggregated,11.700000,0.000000,130,170,220,250,360,750,1700,2100,2600,2700,2700,1630,0,130.0,226.3264880834929,33.9109170017764,2670.6229170013103,57221.321472392636
1791647205,25,,Aggregated,12.100000,0.000000,130,170,220,250,360,740,1700,2100,2600,2700,2700,1643,0,130.0,225.49236360869514,33.9109170017764,2670.6229170013103,57279.134510042604
1791647206,25,,Aggregated,11.900000,0.000000,130,170,220,250,360,740,1700,2100,2600,2700,2700,1650,0,130.0,225.10052110671742,33.9109170017764,2670.6229170013103,57546.3696969697
1791647207,25,,Aggregated,11.900000,0.000000,130,170,220,250,360,740,1700,2100,2600,2700,2700,1668,0,130.0,224.43958697545258,33.9109170017764,2670.6229170013103,57704.94964028777
1791647208,25,,Aggregated,12.200000,0.000000,130,170,210,250,350,740,1700,2100,2600,2700,2700,1678,0,130.0,223.80108737547772,33.9109170017764,2670.6229170013103,57666.563170441004
1791647209,25,,Aggregated,11.400000,0.000000,130,170,210,250,340,720,1700,2100,2600,2700,2700,1689,0,130.0,223.3930977110914,33.9109170017764,2670.6229170013103,58091.48549437537
1791647210,25,,Aggregated,12.100000,0.000000,130,170,220,250,340,720,1700,2100,2600,2700,2700,1708,0,130.0,223.0366745410064,33.9109170017764,2670.6229170013103,58741.45725995316
1791647211,25,,Aggregated,12.000000,0.000000,130,170,220,250,340,720,1700,2100,2600,2700,2700,1714,0,130.0,222.8694427456465,33.9109170017764,2670.6229170013103,58678.086347724624
1791647212,25,,Aggregated,11.700000,0.000000,130,170,220,250,360,720,1700,2100,2600,2700,2700,1722,0,130.0,223.33751523927808,33.9109170017764,2670.6229170013103,58802.22822299651
1791647213,25,,Aggregated,12.200000,0.000000,130,170,220,250,370,730,1700,2100,2600,2700,2700,1732,0,130.0,225.97666146538512,33.9109170017764,2670.6229170013103,58991.32563510392
1791647214,25,,Aggregated,11.900000,0.000000,130,170,220,250,380,750,1700,2100,2600,2700,2700,1738,0,130.0,228.40063269047138,33.9109170017764,2670.6229170013103,59262.858457997696
1791647215,25,,Aggregated,11.300000,0.000000,130,170,230,260,390,810,1700,2100,2600,2700,2700,1749,0,130.0,232.58980255005523,33.9109170017764,2670.6229170013103,59114.22069754145
1791647216,25,,Aggregated,11.300000,0.000000,130,180,230,260,410,830,1700,2100,2600,2700,2700,1762,0,130.0,235.1181454994629,33.9109170017764,2670.6229170013103,58974.63280363224
1791647217,25,,Aggregated,10.500000,0.000000,130,180,230,260,410,830,1700,2100,2600,2700,2700,1774,0,130.0,234.47493418548564,33.9109170017764,2670.6229170013103,58969.85907553551
1791647218,25,,Aggregated,10.500000,0.000000,130,180,230,260,400,810,1700,2100,2600,2700,2700,1785,0,130.0,233.94217105269388,33.9109170017764,2670.6229170013103,58747.74285714285
1791647219,25,,Aggregated,11.100000,0.000000,130,180,230,260,400,810,1700,2100,2600,2700,2700,1799,0,130.0,233.0769909416648,33.9109170017764,2670.6229170013103,58825.94274596998
1791647220,25,,Aggregated,10.500000,0.000000,130,180,230,260,400,810,1700,2100,2600,2700,2700,1806,0,130.0,232.69961611519648,33.9109170017764,2670.6229170013103,59076.54318936877
1791647221,25,,Aggregated,10.700000,0.000000,130,170,230,260,400,810,1700,2100,2600,2700,2700,1820,0,130.0,231.66512193079194,33.9109170017764,2670.6229170013103,58833.577472527475
1791647222,25,,Aggregated,10.700000,0.000000,130,170,230,260,400,780,1700,2100,2600,2700,2700,1828,0,130.0,231.12930388241708,33.9109170017764,2670.6229170013103,58755.50984682713
1791647223,25,,Aggregated,9.800000,0.000000,130,170,230,260,400,780,1700,2100,2600,2700,2700,1844,0,130.0,230.3032352879959,33.9109170017764,2670.6229170013103,58616.91268980477
1791647224,25,,Aggregated,10.400000,0.000000,130,170,230,260,390,780,1700,2100,2600,2700,2700,1856,0,130.0,230.06405080285072,33.9109170017764,2670.6229170013103,58624.34698275862
1791647225,25,,Aggregated,10.700000,0.000000,130,170,230,260,390,750,1700,2100,2600,2700,2700,1864,0,130.0,229.6632716583065,33.9109170017764,2670.6229170013103,58443.321888412014
1791647226,25,,Aggregated,11.100000,0.000000,130,170,230,260,390,750,1700,2100,2600,2700,2700,1875,0,130.0,229.10972588697138,33.9109170017764,2670.6229170013103,58284.055466666665
1791647227,25,,Aggregated,11.700000,0.000000,130,170,230,260,390,750,1700,2100,2600,2700,2700,1887,0,130.0,229.051272168032,33.9109170017764,2670.6229170013103,58482.04451510334
1791647228,25,,Aggregated,11.600000,0.000000,130,170,230,260,390,750,1700,2100,2600,2700,2700,1897,0,130.0,228.55627954194642,33.9109170017764,2670.6229170013103,58518.215603584606
1791647229,25,,Aggregated,11.100000,0.000000,130,180,230,260,390,750,1700,2100,2600,2700,2700,1910,0,130.0,228.7159880890527,33.9109170017764,2670.6229170013103,58422.66492146597
1791647230,25,,Aggregated,11.500000,0.000000,130,180,230,260,390,750,1700,2100,2600,2700,2700,1921,0,130.0,229.60181435559244,33.9109170017764,2670.6229170013103,58299.6522644456
1791647231,25,,Aggregated,10.900000,0.000000,130,180,230,260,390,750,1700,2100,2600,2700,2700,1931,0,130.0,229.40633206271346,33.9109170017764,2670.6229170013103,58401.03055411704
1791647232,25,,Aggregated,11.000000,0.000000,130,180,230,260,390,740,1700,2100,2600,2700,2700,1943,0,130.0,229.0638668327795,33.9109170017764,2670.6229170013103,58349.89758106021
1791647233,25,,Aggregated,11.500000,0.000000,130,180,230,260,390,740,1600,2100,2600,2700,2700,1952,0,130.0,228.91559065835253,33.9109170017764,2670.6229170013103,58203.251024590165
1791647234,25,,Aggregated,11.100000,0.000000,130,180,240,260,390,740,1600,2100,2600,2700,2700,1964,0,130.0,229.24104196696402,33.9109170017764,2670.6229170013103,58346.89307535641
1791647235,25,,Aggregated,11.400000,0.000000,130,180,240,260,390,740,1600,2100,2600,2700,2700,1980,0,130.0,229.58543756571402,33.9109170017764,2670.6229170013103,58516.128787878784
1791647236,25,,Aggregated,11.000000,0.000000,130,180,240,260,390,740,1600,2100,2600,2700,2700,1992,0,130.0,229.41083770738297,33.9109170017764,2670.6229170013103,58397.26706827309
1791647237,25,,Aggregated,10.900000,0.000000,130,180,240,260,390,730,1500,2100,2500,2700,2700,2002,0,130.0,228.79736234920762,33.9109170017764,2670.6229170013103,58229.68731268731
1791647238,25,,Aggregated,11.500000,0.000000,130,180,240,260,390,730,1500,2100,2500,2700,2700,2013,0,130.0,229.5609533706489,33.9109170017764,2670.6229170013103,58305.55389965226
1791647239,25,,Aggregated,11.600000,0.000000,130,180,240,260,390,720,1500,2100,2500,2700,2700,2026,0,130.0,229.12476448378075,33.9109170017764,2670.6229170013103,58423.176209279365
1791647240,25,,Aggregated,11.200000,0.000000,130,180,240,260,390,720,1500,2100,2500,2700,2700,2036,0,130.0,228.52682779231023,33.9109170017764,2670.6229170013103,58449.88998035363
1791647241,25,,Aggregated,11.800000,0.000000,130,180,240,260,390,720,1500,2100,2500,2700,2700,2049,0,130.0,227.80365347298064,33.9109170017764,2670.6229170013103,58605.83308931186
1791647242,25,,Aggregated,11.700000,0.000000,130,180,240,260,390,720,1500,2100,2500,2700,2700,2061,0,130.0,227.34314637318565,33.9109170017764,2670.6229170013103,58944.23726346434
1791647243,25,,Aggregated,11.400000,0.000000,130,180,240,260,390,720,1500,2100,2500,2700,2700,2073,0,130.0,226.61620632713343,33.9109170017764,2670.6229170013103,58822.577424023155
1791647244,25,,Aggregated,11.800000,0.000000,130,180,240,260,380,720,1500,2100,2500,2700,2700,2086,0,130.0,226.24832456814065,33.9109170017764,2670.6229170013103,58723.379674017255
1791647245,25,,Aggregated,11.700000,0.000000,130,180,240,260,380,720,1500,2100,2500,2700,2700,2099,0,130.0,225.82913538549116,33.9109170017764,2670.6229170013103,58585.99333015722
1791647246,25,,Aggregated,12.000000,0.000000,130,180,240,260,380,710,1500,2100,2500,2700,2700,2107,0,130.0,225.80911426489996,33.9109170017764,2670.6229170013103,59058.07783578548
1791647247,25,,Aggregated,12.200000,0.000000,130,180,240,260,390,710,1500,2100,2500,2700,2700,2120,0,130.0,226.42642250619522,33.9109170017764,2670.6229170013103,59037.79386792453
1791647248,25,,Aggregated,11.700000,0.000000,130,180,240,260,390,710,1500,2100,2500,2700,2700,2132,0,130.0,226.53202099162053,33.9109170017764,2670.6229170013103,58920.01782363978
1791647249,25,,Aggregated,11.500000,0.000000,140,180,240,260,390,700,1500,2100,2500,2700,2700,2144,0,140.0,226.74493534474271,33.9109170017764,2670.6229170013103,58664.97154850746
1791647251,25,,Aggregated,11.900000,0.000000,140,180,240,260,390,700,1500,2100,2500,2700,2700,2158,0,140.0,226.15798009599487,33.9109170017764,2670.6229170013103,58635.75810936052
1791647252,25,,Aggregated,11.600000,0.000000,140,180,240,260,390,700,1500,2100,2500,2700,2700,2168,0,130.0,225.71199293042307,33.9109170017764,2670.6229170013103,58440.27398523985
1791647253,25,,Aggregated,11.700000,0.000000,130,180,240,260,390,700,1500,2100,2500,2700,2700,2178,0,130.0,225.2396930496589,33.9109170017764,2670.6229170013103,58542.42148760331
1791647254,25,,Aggregated,12.200000,0.000000,130,180,240,260,380,700,1500,2100,2500,2700,2700,2192,0,130.0,224.57510722862577,33.9109170017764,2670.6229170013103,58343.36633211679
1791647255,25,,Aggregated,11.900000,0.000000,130,180,240,260,380,690,1500,2100,2500,2700,2700,2204,0,130.0,223.9190793467083,33.9109170017764,2670.6229170013103,58381.07395644283
1791647256,25,,Aggregated,11.600000,0.000000,130,180,240,260,380,690,1500,2100,2500,2700,2700,2215,0,130.0,223.24515906824195,33.9109170017764,2670.6229170013103,58363.64875846501
1791647257,25,,Aggregated,11.700000,0.000000,130,180,240,260,380,680,1500,2100,2500,2700,2700,2226,0,130.0,222.81093948569108,33.9109170017764,2670.6229170013103,58519.54986522911
1791647258,25,,Aggregated,11.700000,0.000000,130,180,240,260,380,680,1500,2100,2500,2700,2700,2238,0,130.0,222.2808781662935,33.9109170017764,2670.6229170013103,58428.72743521001
1791647259,25,,Aggregated,11.600000,0.000000,130,180,240,260,380,680,1500,2100,2500,2700,2700,2252,0,130.0,221.71209976428472,33.9109170017764,2670.6229170013103,58271.52797513321
1791647260,25,,Aggregated,11.700000,0.000000,130,180,240,260,380,680,1500,2100,2500,2700,2700,2264,0,130.0,221.36940196297752,33.9109170017764,2670.6229170013103,58847.106448763254
1791647261,25,,Aggregated,11.700000,0.000000,130,180,240,260,380,680,1500,2100,2500,2700,2700,2272,0,130.0,221.04546669638566,33.9109170017764,2670.6229170013103,58765.143926056335
1791647262,25,,Aggregated,12.000000,0.000000,130,180,230,260,380,680,1500,2100,2500,2700,2700,2287,0,130.0,220.36574664853057,33.9109170017764,2670.6229170013103,58702.382160034984
1791647263,25,,Aggregated,11.900000,0.000000,130,180,230,260,370,680,1500,2100,2500,2700,2700,2294,0,130.0,220.04217089937956,33.9109170017764,2670.6229170013103,58700.25414123801
1791647264,25,,Aggregated,11.900000,0.000000,130,180,230,260,370,680,1400,2100,2500,2700,2700,2312,0,130.0,219.90991982100644,33.9109170017764,2670.6229170013103,58621.56141868512
1791647265,25,,Aggregated,11.600000,0.000000,130,180,230,260,370,670,1400,2100,2500,2700,2700,2322,0,130.0,219.57237595140984,33.9109170017764,2670.6229170013103,58734.67786391042
1791647266,25,,Aggregated,11.600000,0.000000,130,180,230,260,370,670,1400,2100,2500,2700,2700,2330,0,130.0,219.3637318142351,33.9109170017764,2670.6229170013103,58819.8669527897
1791647267,25,,Aggregated,11.600000,0.000000,130,180,240,260,380,670,1400,2100,2500,2700,2700,2341,0,130.0,220.09278636317188,33.9109170017764,2670.6229170013103,59037.563861597606
1791647268,25,,Aggregated,11.500000,0.000000,130,180,240,260,380,680,1400,2100,2500,2700,2700,2354,0,130.0,220.4363240225954,33.9109170017764,2670.6229170013103,58992.14316057774
1791647269,25,,Aggregated,11.300000,0.000000,130,180,240,260,380,670,1400,2100,2500,2700,2700,2363,0,130.0,220.46689568311064,33.9109170017764,2670.6229170013103,58989.79348286077
1791647270,25,,Aggregated,11.400000,0.000000,130,180,240,260,380,670,1400,2100,2500,2700,2700,2373,0,130.0,220.49678841727717,33.9109170017764,2670.6229170013103,59128.866413822165
1791647271,25,,Aggregated,10.900000,0.000000,130,180,240,260,380,660,1400,2100,2500,2700,2700,2383,0,130.0,220.5748506240867,33.9109170017764,2670.6229170013103,59061.116240033574
1791647272,25,,Aggregated,10.900000,0.000000,140,180,240,260,380,660,1400,2100,2500,2700,2700,2396,0,130.0,220.1711316415677,33.9109170017764,2670.6229170013103,59212.9123539232
1791647273,25,,Aggregated,11.000000,0.000000,130,180,240,260,380,660,1400,2100,2500,2700,2700,2411,0,130.0,219.4227995284896,33.9109170017764,2670.6229170013103,59058.16341766902
1791647274,25,,Aggregated,10.900000,0.000000,130,180,240,260,380,660,1400,2100,2500,2700,2700,2417,0,130.0,219.273434197017,33.9109170017764,2670.6229170013103,58934.1874224245
1791647275,25,,Aggregated,11.400000,0.000000,130,180,240,260,370,660,1400,2100,2500,2700,2700,2429,0,130.0,218.89197848710612,33.9109170017764,2670.6229170013103,58855.79044874434
1791647276,25,,Aggregated,11.400000,0.000000,130,180,240,260,370,660,1400,2100,2500,2700,2700,2439,0,130.0,218.7614739967911,33.9109170017764,2670.6229170013103,58733.96022960229
1791647277,25,,Aggregated,10.500000,0.000000,130,180,240,260,380,650,1400,2100,2500,2700,2700,2446,0,130.0,219.0662591795519,33.9109170017764,2670.6229170013103,58833.188470973015
1791647278,25,,Aggregated,10.900000,0.000000,140,180,240,260,380,640,1300,2100,2500,2700,2700,2461,0,140.0,219.47418527192144,33.9109170017764,2670.6229170013103,58857.14384396587
1791647279,25,,Aggregated,10.800000,0.000000,140,180,240,260,380,640,1300,2100,2500,2700,2700,2469,0,140.0,219.26313635568692,33.9109170017764,2670.6229170013103,59017.448764682056
1791647280,25,,Aggregated,10.700000,0.000000,140,180,240,260,380,640,1300,2100,2500,2700,2700,2485,0,140.0,219.51794993046323,33.9109170017764,2670.6229170013103,58841.08651911469
1791647281,25,,Aggregated,10.700000,0.000000,140,180,240,260,380,640,1300,2100,2500,2700,2700,2494,0,140.0,219.23944616808356,33.9109170017764,2670.6229170013103,58773.460705693666
1791647282,25,,Aggregated,11.000000,0.000000,140,180,240,260,380,630,1300,2000,2500,2700,2700,2505,0,140.0,218.95715044638536,33.9109170017764,2670.6229170013103,58695.525748502994
1791647283,25,,Aggregated,11.000000,0.000000,140,180,240,260,380,630,1300,2000,2500,2700,2700,2517,0,140.0,218.85950051060948,33.9109170017764,2670.6229170013103,58565.39531187922
1791647284,25,,Aggregated,10.700000,0.000000,140,180,240,260,370,630,1300,2000,2500,2700,2700,2527,0,140.0,218.58266072861443,33.9109170017764,2670.6229170013103,58683.23347843292
1791647285,25,,Aggregated,10.800000,0.000000,140,180,240,260,370,630,1300,2000,2500,2700,2700,2541,0,140.0,218.12027839873934,33.9109170017764,2670.6229170013103,58709.756001574184
1791647286,25,,Aggregated,11.000000,0.000000,140,180,240,260,370,630,1200,2000,2500,2700,2700,2552,0,140.0,218.5062477120655,33.9109170017764,2670.6229170013103,58567.45963949843
1791647287,25,,Aggregated,10.800000,0.000000,140,180,240,260,370,630,1200,2000,2500,2700,2700,2561,0,140.0,218.4124266865209,33.9109170017764,2670.6229170013103,58821.30534947286
1791647288,25,,Aggregated,11.100000,0.000000,140,180,240,260,370,630,1200,2000,2500,2700,2700,2579,0,140.0,217.69579281201888,33.9109170017764,2670.6229170013103,58854.18301667313
1791647289,25,,Aggregated,11.200000,0.000000,140,180,240,260,370,630,1200,2000,2500,2700,2700,2587,0,140.0,217.3535422281383,33.9109170017764,2670.6229170013103,58836.58678005412
1791647290,25,,Aggregated,11.500000,0.000000,140,180,240,260,370,630,1200,2000,2500,2700,2700,2600,0,140.0,216.8545806073794,33.9109170017764,2670.6229170013103,58860.91192307692
1791647291,25,,Aggregated,11.500000,0.000000,140,180,240,260,370,630,1200,1900,2500,2700,2700,2610,0,140.0,216.54734544796554,33.9109170017764,2670.6229170013103,58948.964367816094
1791647292,25,,Aggregated,11.800000,0.000000,140,180,240,260,370,630,1200,1900,2500,2700,2700,2616,0,140.0,216.54467998019192,33.9109170017764,2670.6229170013103,58880.98088685015
1791647293,25,,Aggregated,11.800000,0.000000,140,180,240,260,380,630,1200,1900,2500,2700,2700,2631,0,140.0,218.5648365778057,33.9109170017764,2670.6229170013103,58713.1797795515
1791647294,25,,Aggregated,11.300000,0.000000,140,180,240,260,380,630,1200,1900,2500,2700,2700,2642,0,140.0,219.32365247056597,33.9109170017764,2670.6229170013103,58907.15404996215
1791647295,25,,Aggregated,11.100000,0.000000,140,180,240,260,390,660,1200,1900,2500,2700,2700,2648,0,140.0,221.08143863076006,33.9109170017764,2670.6229170013103,58999.09516616314
1791647296,25,,Aggregated,11.500000,0.000000,140,180,240,270,400,700,1200,1900,2500,2700,2700,2663,0,140.0,225.19801907069328,33.9109170017764,2670.6229170013103,59027.535861809985
1791647297,25,,Aggregated,10.900000,0.000000,140,180,240,270,400,700,1200,1900,2500,2700,2700,2674,0,140.0,225.01205631160795,33.9109170017764,2670.6229170013103,58993.17240089753
1791647298,25,,Aggregated,11.000000,0.000000,140,180,240,270,400,700,1200,1900,2500,2700,2700,2685,0,140.0,224.61959115204414,33.9109170017764,2670.6229170013103,59070.609683426446
1791647299,25,,Aggregated,11.400000,0.000000,140,180,250,270,400,700,1200,1900,2500,2700,2700,2699,0,140.0,224.9505602672276,33.9109170017764,2670.6229170013103,58927.56168951464
1791647300,25,,Aggregated,10.800000,0.000000,140,180,250,270,400,690,1200,1900,2500,2700,2700,2705,0,140.0,224.84909516164564,33.9109170017764,2670.6229170013103,58907.80961182994
1791647301,25,,Aggregated,10.900000,0.000000,140,180,250,270,400,690,1200,1900,2500,2700,2700,2719,0,140.0,224.68984995853165,33.9109170017764,2670.6229170013103,58966.257079808754
1791647302,25,,Aggregated,10.700000,0.000000,140,180,250,270,400,680,1200,1900,2500,2700,2700,2736,0,140.0,224.08530150301658,33.9109170017764,2670.6229170013103,58861.73355263158
1791647303,25,,Aggregated,10.700000,0.000000,140,180,250,270,400,680,1200,1900,2500,2700,2700,2745,0,140.0,223.8928484809598,33.9109170017764,2670.6229170013103,59055.580692167576
1791647304,25,,Aggregated,11.400000,0.000000,140,180,250,270,400,680,1200,1900,2500,2700,2700,2753,0,140.0,223.7653186967814,33.9109170017764,2670.6229170013103,59239.271340355976
1791647305,25,,Aggregated,11.500000,0.000000,140,180,240,270,390,680,1200,1900,2500,2700,2700,2765,0,140.0,223.27439597585018,33.9109170017764,2670.6229170013103,59180.24195298373
1791647306,25,,Aggregated,11.000000,0.000000,140,180,240,270,390,680,1200,1900,2500,2700,2700,2780,0,140.0,222.9182985454044,33.9109170017764,2670.6229170013103,59283.83129496403
1791647307,25,,Aggregated,12.000000,0.000000,140,180,240,270,390,680,1200,1900,2500,2700,2700,2787,0,140.0,222.72991708404007,33.9109170017764,2670.6229170013103,59239.88625762468
1791647308,25,,Aggregated,11.300000,0.000000,140,180,240,270,390,680,1200,1900,2500,2700,2700,2802,0,140.0,222.43605967423963,33.9109170017764,2670.6229170013103,59511.50642398287
1791647309,25,,Aggregated,11.300000,0.000000,140,180,240,270,390,680,1200,1900,2500,2700,2700,2813,0,140.0,222.04258077042797,33.9109170017764,2670.6229170013103,59555.978314966225
1791647310,25,,Aggregated,11.600000,0.000000,140,180,240,270,390,670,1200,1900,2500,2700,2700,2824,0,140.0,221.69589803158917,33.9109170017764,2670.6229170013103,59477.00177053824
1791647311,25,,Aggregated,11.200000,0.000000,140,180,240,260,390,670,1200,1900,2500,2700,2700,2835,0,140.0,221.36408043781506,33.9109170017764,2670.6229170013103,59374.70440917108
1791647312,25,,Aggregated,11.700000,0.000000,140,180,240,260,390,670,1200,1900,2500,2700,2700,2846,0,140.0,221.04853887006624,33.9109170017764,2670.6229170013103,59658.77160927618
1791647313,25,,Aggregated,11.700000,0.000000,140,180,240,260,390,670,1200,1900,2500,2700,2700,2855,0,140.0,220.89293129044046,33.9109170017764,2670.6229170013103,59612.41716287215
1791647314,25,,Aggregated,11.100000,0.000000,140,180,240,260,390,660,1200,1900,2500,2700,2700,2870,0,140.0,220.95595011679814,33.9109170017764,2670.6229170013103,59531.27770034843
1791647315,25,,Aggregated,11.300000,0.000000,140,180,240,260,390,660,1200,1900,2500,2700,2700,2881,0,140.0,220.6190975516158,33.9109170017764,2670.6229170013103,59591.602221450885
1791647316,25,,Aggregated,11.400000,0.000000,140,180,240,260,390,660,1200,1900,2500,2700,2700,2893,0,140.0,220.3341906913988,33.9109170017764,2670.6229170013103,59967.60698237124
1791647317,25,,Aggregated,11.500000,0.000000,140,180,240,260,390,660,1200,1800,2500,2700,2700,2905,0,140.0,220.00691788682371,33.9109170017764,2670.6229170013103,60031.63889845095
1791647318,25,,Aggregated,11.600000,0.000000,140,180,240,260,380,660,1200,1800,2500,2700,2700,2919,0,140.0,219.4044050339936,33.9109170017764,2670.6229170013103,59928.633436108255
1791647319,25,,Aggregated,11.700000,0.000000,140,180,240,260,380,650,1200,1800,2500,2700,2700,2927,0,140.0,219.05429958224047,33.9109170017764,2670.6229170013103,59819.746156474204
1791647320,25,,Aggregated,11.500000,0.000000,140,180,240,260,380,650,1200,1800,2500,2700,2700,2939,0,140.0,218.6385335727105,33.9109170017764,2670.6229170013103,59888.51446070092
1791647321,25,,Aggregated,11.800000,0.000000,140,180,240,260,380,640,1200,1800,2500,2700,2700,2951,0,140.0,219.021268427041,33.9109170017764,2670.6229170013103,59907.86038630972
1791647322,25,,Aggregated,11.800000,0.000000,140,180,240,260,390,640,1200,1800,2500,2700,2700,2956,0,140.0,219.27312249228697,33.9109170017764,2670.6229170013103,59993.354194857915
1791647323,25,,Aggregated,11.800000,0.000000,140,180,240,260,390,650,1200,1800,2500,2700,2700,2960,0,140.0,219.74831732946018,33.9109170017764,2670.6229170013103,59950.71385135135
1791647324,25,,Aggregated,11.300000,0.000000,140,180,240,260,390,660,1200,1900,2500,2700,2700,2964,0,140.0,221.91235600917773,33.9109170017764,2670.6229170013103,59897.294871794875
1791647325,25,,Aggregated,10.500000,0.000000,140,180,240,270,390,680,1300,2100,2600,2700,2700,2969,0,140.0,225.4818337969707,33.9109170017764,2670.6229170013103,59861.902324014816
1791647326,25,,Aggregated,9.700000,0.000000,140,180,250,270,410,720,1600,2100,2900,3100,3100,2988,0,140.0,235.93953886419368,33.9109170017764,3094.0994170014164,59802.60809906292
1791647327,25,,Aggregated,8.900000,0.000000,140,180,250,270,400,720,1600,2100,2900,3100,3100,2996,0,140.0,235.71386195500952,33.9109170017764,3094.0994170014164,59743.19926568758
1791647328,25,,Aggregated,9.000000,0.000000,140,180,250,270,400,720,1600,2100,2800,3100,3100,3010,0,140.0,235.27452061136302,33.45341700332938,3094.0994170014164,59636.90664451827
1791647329,25,,Aggregated,9.000000,0.000000,140,180,250,270,400,710,1600,2100,2800,3100,3100,3024,0,140.0,234.7183873724154,33.45341700332938,3094.0994170014164,59683.917658730155
1791647330,25,,Aggregated,9.100000,0.000000,140,180,250,270,400,710,1600,2100,2800,3100,3100,3035,0,140.0,234.22482859676242,33.45341700332938,3094.0994170014164,59599.68204283361
1791647331,25,,Aggregated,9.600000,0.000000,140,180,250,270,400,710,1600,2100,2800,3100,3100,3046,0,140.0,233.78774311955763,33.45341700332938,3094.0994170014164,59629.25541694025
1791647332,25,,Aggregated,9.200000,0.000000,140,180,240,270,400,710,1500,2100,2800,3100,3100,3057,0,140.0,233.3020896300843,33.45341700332938,3094.0994170014164,59474.47726529277
1791647333,25,,Aggregated,8.900000,0.000000,140,180,240,270,400,710,1500,2100,2800,3100,3100,3071,0,140.0,232.8867368665509,33.45341700332938,3094.0994170014164,59492.43340931293
1791647334,25,,Aggregated,10.000000,0.000000,140,180,240,260,400,710,1500,2100,2800,3100,3100,3084,0,140.0,232.48553506068896,33.45341700332938,3094.0994170014164,59547.518482490275
1791647335,25,,Aggregated,10.600000,0.000000,140,180,240,260,400,710,1500,2100,2800,3100,3100,3094,0,140.0,232.12481658085366,33.45341700332938,3094.0994170014164,59559.79541047188
1791647336,25,,Aggregated,11.700000,0.000000,140,180,240,260,400,710,1500,2100,2800,3100,3100,3107,0,140.0,231.68543963893623,33.45341700332938,3094.0994170014164,59502.61280978436
1791647337,25,,Aggregated,12.400000,0.000000,140,180,240,260,400,710,1500,2100,2800,3100,3100,3113,0,140.0,231.53513388731008,33.45341700332938,3094.0994170014164,59657.259877931254
1791647338,25,,Aggregated,12.300000,0.000000,140,180,240,260,400,700,1500,2100,2800,3100,3100,3127,0,140.0,231.20843568122564,33.45341700332938,3094.0994170014164,59588.46018548129
1791647339,25,,Aggregated,11.900000,0.000000,140,180,240,260,390,700,1500,2100,2800,3100,3100,3141,0,140.0,230.81128498128498,33.45341700332938,3094.0994170014164,59696.49729385546
1791647340,25,,Aggregated,12.100000,0.000000,140,180,240,260,390,700,1500,2100,2800,3100,3100,3152,0,140.0,230.46403389442426,33.45341700332938,3094.0994170014164,59586.83248730964
1791647341,25,,Aggregated,11.200000,0.000000,140,180,240,260,390,700,1500,2100,2800,3100,3100,3165,0,140.0,230.21945445062497,33.45341700332938,3094.0994170014164,59667.652764612954
1791647342,25,,Aggregated,11.700000,0.000000,140,180,240,260,390,700,1500,2100,2800,3100,3100,3174,0,140.0,230.0877454978696,33.45341700332938,3094.0994170014164,59624.4306868305
1791647343,25,,Aggregated,12.100000,0.000000,140,180,240,260,390,700,1500,2100,2800,3100,3100,3186,0,140.0,229.95856256536132,33.45341700332938,3094.0994170014164,59822.70433145009
1791647344,25,,Aggregated,11.500000,0.000000,140,180,240,260,390,700,1500,2100,2800,3100,3100,3198,0,140.0,229.74328331558428,33.45341700332938,3094.0994170014164,59862.29080675422
1791647345,25,,Aggregated,11.600000,0.000000,140,180,240,260,390,700,1500,2100,2800,3100,3100,3209,0,140.0,229.63309321540805,33.45341700332938,3094.0994170014164,59778.210657525706
1791647346,25,,Aggregated,11.100000,0.000000,140,180,240,260,390,700,1500,2100,2800,3100,3100,3220,0,140.0,229.61919067119723,33.45341700332938,3094.0994170014164,59635.48260869565
1791647347,25,,Aggregated,11.100000,0.000000,140,180,240,260,390,690,1500,2100,2800,3100,3100,3233,0,140.0,229.24703129330751,33.45341700332938,3094.0994170014164,59560.25146922363
1791647348,25,,Aggregated,11.100000,0.000000,140,180,240,260,390,680,1500,2100,2800,3100,3100,3244,0,140.0,228.9583844929969,33.45341700332938,3094.0994170014164,59579.8967324291
1791647349,25,,Aggregated,11.600000,0.000000,140,180,240,260,390,680,1500,2100,2800,3100,3100,3255,0,140.0,228.55696898472485,33.45341700332938,3094.0994170014164,59464.26390168971
1791647350,25,,Aggregated,11.500000,0.000000,140,180,240,260,390,680,1500,2100,2800,3100,3100,3266,0,140.0,228.1016602508505,33.45341700332938,3094.0994170014164,59338.60257195346
1791647351,25,,Aggregated,11.300000,0.000000,140,180,240,260,390,680,1500,2100,2800,3100,3100,3281,0,140.0,227.6371378400743,33.45341700332938,3094.0994170014164,59250.16427918318
1791647352,25,,Aggregated,11.700000,0.000000,140,180,240,260,390,680,1500,2100,2800,3100,3100,3291,0,140.0,227.52030838021125,33.45341700332938,3094.0994170014164,59202.73776967487
1791647353,25,,Aggregated,11.300000,0.000000,140,180,240,260,390,680,1500,2100,2800,3100,3100,3305,0,140.0,227.1648724802636,33.45341700332938,3094.0994170014164,59102.8532526475
1791647354,25,,Aggregated,11.600000,0.000000,140,180,240,260,380,680,1500,2100,2800,3100,3100,3314,0,140.0,226.80723271341913,33.45341700332938,3094.0994170014164,59007.76101388051
1791647355,25,,Aggregated,11.500000,0.000000,140,180,240,260,380,680,1500,2100,2800,3100,3100,3327,0,140.0,226.58102985821264,33.45341700332938,3094.0994170014164,59188.67778779681
1791647356,25,,Aggregated,11.900000,0.000000,140,180,240,260,380,680,1500,2100,2800,3100,3100,3336,0,140.0,226.5262001787427,33.45341700332938,3094.0994170014164,59165.88878896883
1791647357,25,,Aggregated,11.700000,0.000000,140,180,240,260,390,670,1500,2100,2800,3100,3100,3348,0,140.0,226.57639304638283,33.45341700332938,3094.0994170014164,59348.02897252091
1791647358,25,,Aggregated,11.800000,0.000000,140,180,240,260,380,670,1400,2100,2800,3100,3100,3361,0,140.0,226.4209758635177,33.45341700332938,3094.0994170014164,59436.08122582565
1791647359,25,,Aggregated,11.500000,0.000000,140,180,240,260,380,670,1400,2100,2800,3100,3100,3370,0,140.0,226.48316413242824,33.45341700332938,3094.0994170014164,59749.917507418395
1791647360,25,,Aggregated,11.200000,0.000000,140,180,240,260,380,660,1400,2100,2800,3100,3100,3382,0,140.0,226.31692914792464,33.45341700332938,3094.0994170014164,59702.86428149024
1791647361,25,,Aggregated,11.600000,0.000000,140,180,240,260,380,660,1400,2100,2800,3100,3100,3396,0,140.0,225.86898719207505,33.45341700332938,3094.0994170014164,59620.19846878681
1791647362,25,,Aggregated,11.100000,0.000000,140,180,240,260,380,660,1400,2100,2800,3100,3100,3406,0,140.0,225.5636137337814,33.45341700332938,3094.0994170014164,59557.355842630655
1791647363,25,,Aggregated,11.300000,0.000000,140,180,240,260,380,660,1400,2100,2800,3100,3100,3415,0,140.0,225.22356849758253,33.45341700332938,3094.0994170014164,59534.24509516837
1791647364,25,,Aggregated,11.400000,0.000000,140,180,240,260,380,660,1400,2100,2800,3100,3100,3430,0,140.0,224.90705986421204,33.45341700332938,3094.0994170014164,59536.31603498542
1791647365,25,,Aggregated,11.000000,0.000000,140,180,240,260,380,660,1400,2100,2800,3100,3100,3440,0,140.0,224.60993361286,33.45341700332938,3094.0994170014164,59531.45319767442
1791647366,25,,Aggregated,11.300000,0.000000,140,180,240,260,380,650,1400,2100,2800,3100,3100,3450,0,140.0,224.33001438528856,33.45341700332938,3094.0994170014164,59457.41739130435
1791647367,25,,Aggregated,11.200000,0.000000,140,180,240,260,380,650,1400,2100,2800,3100,3100,3464,0,140.0,223.873337989106,33.45341700332938,3094.0994170014164,59643.7396073903
1791647368,25,,Aggregated,11.500000,0.000000,140,180,240,260,380,650,1400,2100,2800,3100,3100,3476,0,140.0,223.4519089600843,33.45341700332938,3094.0994170014164,59678.36478711162
1791647369,25,,Aggregated,11.500000,0.000000,140,180,240,260,380,640,1400,2100,2800,3100,3100,3485,0,140.0,223.21717327955594,33.45341700332938,3094.0994170014164,59755.69411764706
1791647370,25,,Aggregated,11.700000,0.000000,140,180,240,260,380,640,1400,2100,2800,3100,3100,3494,0,140.0,222.98622473132767,33.45341700332938,3094.0994170014164,59642.46307956497
1791647371,25,,Aggregated,11.700000,0.000000,140,180,240,260,380,640,1300,2100,2800,3100,3100,3510,0,140.0,222.63950121175608,33.45341700332938,3094.0994170014164,59492.8358974359
1791647372,25,,Aggregated,11.300000,0.000000,140,180,240,260,370,630,1300,2100,2800,3100,3100,3521,0,140.0,222.35462822017806,33.45341700332938,3094.0994170014164,59427.59982959386
1791647373,25,,Aggregated,11.500000,0.000000,140,180,240,260,370,630,1300,2100,2800,3100,3100,3532,0,140.0,221.97835196269858,33.45341700332938,3094.0994170014164,59347.1050396376
1791647374,25,,Aggregated,11.700000,0.000000,140,180,240,260,370,630,1300,2100,2800,3100,3100,3545,0,140.0,221.7302519645293,33.45341700332938,3094.0994170014164,59583.02031029619
1791647375,25,,Aggregated,11.800000,0.000000,140,180,240,260,370,630,1300,2100,2800,3100,3100,3555,0,140.0,221.5402449269341,33.45341700332938,3094.0994170014164,59509.895639943745
1791647376,25,,Aggregated,11.600000,0.000000,140,180,240,260,370,630,1300,2100,2800,3100,3100,3570,0,140.0,221.28318215581237,33.45341700332938,3094.0994170014164,59344.16274509804
1791647377,25,,Aggregated,11.600000,0.000000,140,180,240,260,370,630,1300,2100,2800,3100,3100,3576,0,140.0,221.1350791980567,33.45341700332938,3094.0994170014164,59415.19407158837
1791647378,25,,Aggregated,11.400000,0.000000,140,180,240,260,370,630,1300,2100,2800,3100,3100,3590,0,140.0,220.92247095104494,33.45341700332938,3094.0994170014164,59472.812813370474
1791647379,25,,Aggregated,11.500000,0.000000,140,180,240,260,370,630,1300,2100,2800,3100,3100,3603,0,140.0,220.77295152379742,33.45341700332938,3094.0994170014164,59500.128781570915
1791647380,25,,Aggregated,11.100000,0.000000,140,180,240,260,370,630,1300,2100,2800,3100,3100,3610,0,140.0,220.56753571280956,33.45341700332938,3094.0994170014164,59465.4188365651
1791647381,25,,Aggregated,11.400000,0.000000,140,180,240,260,370,630,1300,2100,2800,3100,3100,3627,0,140.0,220.2381565363237,33.45341700332938,3094.0994170014164,59408.71960297767
1791647382,25,,Aggregated,11.700000,0.000000,140,180,240,260,370,630,1300,2100,2800,3100,3100,3635,0,140.0,220.0602733175358,33.45341700332938,3094.0994170014164,59359.4742778542
1791647383,25,,Aggregated,11.200000,0.000000,140,180,240,260,370,630,1300,2100,2800,3100,3100,3649,0,140.0,219.74397203843947,33.45341700332938,3094.0994170014164,59462.994793093996
1791647384,25,,Aggregated,11.200000,0.000000,140,180,240,260,370,630,1300,2100,2800,3100,3100,3659,0,140.0,219.65767477706225,33.45341700332938,3094.0994170014164,59396.56846132823
1791647385,25,,Aggregated,11.300000,0.000000,140,180,240,260,370,630,1300,2100,2800,3100,3100,3666,0,140.0,220.27583953007775,33.45341700332938,3094.0994170014164,59408.10720130933
1791647386,25,,Aggregated,11.400000,0.000000,140,180,240,260,370,630,1300,2100,2800,3100,3100,3677,0,140.0,220.47363208410556,33.45341700332938,3094.0994170014164,59325.93173782975
1791647387,25,,Aggregated,11.200000,0.000000,140,180,240,260,370,630,1300,2100,2800,3100,3100,3692,0,140.0,220.51784917964397,33.45341700332938,3094.0994170014164,59184.14653304442
1791647388,25,,Aggregated,11.200000,0.000000,140,180,240,260,370,630,1200,2100,2800,3100,3100,3704,0,140.0,220.20685484321402,33.45341700332938,3094.0994170014164,59050.70140388769
1791647389,25,,Aggregated,11.100000,0.000000,140,180,240,260,370,630,1200,2100,2800,3100,3100,3714,0,140.0,219.93343009754392,33.45341700332938,3094.0994170014164,58993.16585891222
1791647390,25,,Aggregated,11.400000,0.000000,140,180,240,260,370,620,1200,2100,2800,3100,3100,3726,0,140.0,219.82673817022982,33.45341700332938,3094.0994170014164,59158.396403650026
1791647391,25,,Aggregated,11.300000,0.000000,140,180,240,260,370,620,1200,2100,2800,3100,3100,3739,0,140.0,219.4112516398159,33.45341700332938,3094.0994170014164,59049.57261299813
1791647392,25,,Aggregated,11.100000,0.000000,140,180,240,260,370,620,1200,2100,2800,3100,3100,3746,0,140.0,219.20687258843103,33.45341700332938,3094.0994170014164,59009.54511478911
1791647393,25,,Aggregated,11.700000,0.000000,140,180,240,260,370,610,1200,2100,2800,3100,3100,3761,0,140.0,218.75949322235022,33.45341700332938,3094.0994170014164,59054.35229992023
1791647394,25,,Aggregated,11.300000,0.000000,140,180,240,260,370,610,1200,2100,2800,3100,3100,3769,0,140.0,218.5643927241357,33.45341700332938,3094.0994170014164,59154.59724064739
1791647395,25,,Aggregated,11.100000,0.000000,140,180,240,260,370,610,1200,2100,2800,3100,3100,3783,0,140.0,218.2109593497961,33.45341700332938,3094.0994170014164,59118.31932328839
1791647396,25,,Aggregated,11.200000,0.000000,140,180,240,260,370,610,1200,2100,2800,3100,3100,3793,0,140.0,218.0703094221642,33.45341700332938,3094.0994170014164,59413.033219087796
1791647397,25,,Aggregated,11.500000,0.000000,140,180,240,260,370,610,1200,2100,2800,3100,3100,3805,0,140.0,217.60874185604698,33.45341700332938,3094.0994170014164,59288.98843626807
1791647398,25,,Aggregated,11.300000,0.000000,140,180,240,260,370,610,1200,2100,2800,3100,3100,3816,0,140.0,217.31148966332856,33.45341700332938,3094.0994170014164,59218.56498951782
1791647399,25,,Aggregated,11.200000,0.000000,140,180,240,260,370,600,1200,2100,2800,3100,3100,3829,0,140.0,217.05681866865035,33.45341700332938,3094.0994170014164,59282.15800470096
1791647400,25,,Aggregated,11.300000,0.000000,140,180,240,260,370,600,1200,2100,2800,3100,3100,3834,0,140.0,217.10630977654262,33.45341700332938,3094.0994170014164,59263.85811163276
1791647401,25,,Aggregated,11.300000,0.000000,140,180,240,260,370,600,1200,2100,2800,3100,3100,3837,0,140.0,217.1486765200078,33.45341700332938,3094.0994170014164,59277.09512640083
1791647402,25,,Aggregated,11.600000,0.000000,140,180,240,260,370,640,1200,2100,2800,3100,3100,3851,0,140.0,220.00531843865855,33.45341700332938,3094.0994170014164,59303.761620358346
1791647403,25,,Aggregated,10.400000,0.000000,140,180,240,260,380,660,1200,2100,2800,3100,3100,3860,0,140.0,221.64152977520376,33.45341700332938,3094.0994170014164,59325.91968911917
1791647404,25,,Aggregated,10.000000,0.000000,140,180,240,260,380,660,1200,2100,2800,3100,3100,3871,0,140.0,221.39787455160837,33.45341700332938,3094.0994170014164,59379.48075432705
1791647405,25,,Aggregated,10.700000,0.000000,140,180,240,260,380,660,1200,2100,2800,3100,3100,3888,0,140.0,221.16147185038253,33.45341700332938,3094.0994170014164,59426.1445473251
1791647406,25,,Aggregated,9.700000,0.000000,140,180,240,260,380,660,1200,2100,2800,3100,3100,3898,0,140.0,220.87636886718437,33.45341700332938,3094.0994170014164,59338.655464340685
1791647407,25,,Aggregated,9.600000,0.000000,140,180,240,260,380,650,1200,2100,2800,3100,3100,3910,0,140.0,220.46852344662366,33.45341700332938,3094.0994170014164,59270.34450127877
1791647408,25,,Aggregated,10.600000,0.000000,140,180,240,260,380,650,1200,2100,2800,3100,3100,3921,0,140.0,220.1181819817151,33.45341700332938,3094.0994170014164,59163.34429992349
1791647409,25,,Aggregated,10.500000,0.000000,140,180,240,260,380,650,1200,2100,2800,3100,3100,3933,0,140.0,220.13569288896608,33.45341700332938,3094.0994170014164,59176.16348843122
1791647410,25,,Aggregated,10.800000,0.000000,140,180,240,260,370,640,1200,2100,2800,3100,3100,3946,0,140.0,219.89976806925864,33.45341700332938,3094.0994170014164,59071.6847440446
1791647411,25,,Aggregated,10.300000,0.000000,140,180,240,260,370,640,1200,2100,2800,3100,3100,3955,0,140.0,219.66332294798522,33.45341700332938,3094.0994170014164,59172.146396965865
1791647412,25,,Aggregated,10.500000,0.000000,140,180,240,260,370,640,1200,2100,2800,3100,3100,3969,0,140.0,219.32122110084978,33.45341700332938,3094.0994170014164,59117.04610733182
1791647413,25,,Aggregated,11.400000,0.000000,140,180,240,260,370,630,1200,2100,2800,3100,3100,3981,0,140.0,218.93379523744437,33.45341700332938,3094.0994170014164,59052.029389600604
1791647414,25,,Aggregated,11.800000,0.000000,140,180,240,260,370,630,1200,2100,2800,3100,3100,3993,0,140.0,218.72551041578944,33.45341700332938,3094.0994170014164,58980.15552216379
1791647415,25,,Aggregated,11.500000,0.000000,140,180,240,260,370,630,1200,2000,2800,3100,3100,4005,0,140.0,218.50733855761385,33.45341700332938,3094.0994170014164,59082.34232209738
1791647416,25,,Aggregated,12.200000,0.000000,140,180,240,260,370,630,1200,2000,2800,3100,3100,4014,0,140.0,218.37257600628666,33.45341700332938,3094.0994170014164,59177.365221723965
1791647417,25,,Aggregated,12.400000,0.000000,140,180,240,260,370,630,1200,2000,2800,3100,3100,4028,0,140.0,218.22903471605088,33.45341700332938,3094.0994170014164,59320.56181727905
1791647418,25,,Aggregated,11.600000,0.000000,140,180,240,260,370,630,1200,2000,2800,3100,3100,4034,0,140.0,218.08223122267114,33.45341700332938,3094.0994170014164,59257.30218145761
1791647419,25,,Aggregated,11.400000,0.000000,140,180,240,260,370,630,1200,2000,2800,3100,3100,4040,0,140.0,218.57513500451665,33.45341700332938,3094.0994170014164,59461.40717821782
1791647420,25,,Aggregated,11.500000,0.000000,140,180,240,260,380,660,1200,2000,2800,3100,3100,4047,0,140.0,220.05562973616009,33.45341700332938,3094.0994170014164,59587.43587842846
1791647421,25,,Aggregated,11.300000,0.000000,140,180,240,260,380,700,1300,2000,2800,3100,3100,4059,0,140.0,222.99738595324644,33.45341700332938,3094.0994170014164,59782.0445922641
1791647422,25,,Aggregated,10.300000,0.000000,140,180,240,260,380,700,1300,2000,2800,3100,3100,4068,0,140.0,223.77545079479742,33.45341700332938,3094.0994170014164,59739.62881022615
1791647423,25,,Aggregated,10.000000,0.000000,140,180,240,260,390,700,1300,2000,2800,3100,3100,4078,0,140.0,224.42730821879437,33.45341700332938,3094.0994170014164,59710.262628739576
1791647424,25,,Aggregated,10.200000,0.000000,140,180,240,260,390,700,1300,2000,2800,3100,3100,4093,0,140.0,225.46606814469104,33.45341700332938,3094.0994170014164,60109.80552162228
1791647425,25,,Aggregated,9.900000,0.000000,140,180,240,260,390,700,1300,2000,2800,3100,3100,4103,0,140.0,225.21626925450093,33.45341700332938,3094.0994170014164,60031.4011698757
1791647426,25,,Aggregated,9.600000,0.000000,140,180,240,260,390,700,1300,2000,2800,3100,3100,4112,0,140.0,225.05293876634784,33.45341700332938,3094.0994170014164,60044.148346303504
1791647427,25,,Aggregated,9.800000,0.000000,140,180,240,260,390,700,1300,2000,2800,3100,3100,4127,0,140.0,224.64460997631096,33.45341700332938,3094.0994170014164,60051.287133511025
1791647428,25,,Aggregated,9.800000,0.000000,140,180,240,260,390,700,1300,2000,2800,3100,3100,4138,0,140.0,224.3544480720758,33.45341700332938,3094.0994170014164,60229.04905751571
1791647429,25,,Aggregated,9.800000,0.000000,140,180,240,260,390,700,1300,2000,2800,3100,3100,4147,0,140.0,224.1133788980595,33.45341700332938,3094.0994170014164,60232.14998794309
1791647430,25,,Aggregated,9.700000,0.000000,140,180,240,260,390,700,1200,2000,2800,3100,3100,4160,0,140.0,224.39034885751147,33.45341700332938,3094.0994170014164,60261.678846153845
1791647431,25,,Aggregated,10.300000,0.000000,140,180,240,260,390,700,1200,2000,2800,3100,3100,4169,0,140.0,224.17346795688263,33.45341700332938,3094.0994170014164,60226.8915807148
1791647432,25,,Aggregated,10.700000,0.000000,140,180,240,260,390,700,1200,2000,2800,3100,3100,4185,0,140.0,223.8138211059117,33.45341700332938,3094.0994170014164,60125.801433691755
1791647433,25,,Aggregated,11.200000,0.000000,140,180,240,260,390,700,1200,2000,2800,3100,3100,4196,0,140.0,223.6074351056375,33.45341700332938,3094.0994170014164,60125.53836987607
1791647434,25,,Aggregated,10.800000,0.000000,140,180,240,260,390,690,1200,1900,2800,3100,3100,4207,0,140.0,223.4201332786439,33.45341700332938,3094.0994170014164,60111.39790824816
1791647435,25,,Aggregated,11.500000,0.000000,140,180,240,260,390,690,1200,1900,2800,3100,3100,4220,0,140.0,223.2164343590664,33.45341700332938,3094.0994170014164,60259.8317535545
1791647437,25,,Aggregated,11.700000,0.000000,140,180,240,260,390,680,1200,1900,2800,3100,3100,4229,0,140.0,223.11250606816165,33.45341700332938,3094.0994170014164,60343.71529912509
1791647438,25,,Aggregated,11.400000,0.000000,140,180,240,260,390,680,1200,1900,2800,3100,3100,4245,0,140.0,222.7195638883999,33.45341700332938,3094.0994170014164,60399.9691401649
1791647439,25,,Aggregated,11.500000,0.000000,140,180,240,260,390,680,1200,1900,2800,3100,3100,4254,0,140.0,222.44955429154834,33.45341700332938,3094.0994170014164,60372.35872120357
1791647440,25,,Aggregated,11.700000,0.000000,140,180,240,260,390,680,1200,1900,2800,3100,3100,4267,0,140.0,222.07071703357332,33.45341700332938,3094.0994170014164,60328.93227091633
1791647441,25,,Aggregated,11.800000,0.000000,140,180,240,260,390,680,1200,1900,2800,3100,3100,4277,0,140.0,221.84308739566114,33.45341700332938,3094.0994170014164,60284.86859948562
1791647442,25,,Aggregated,12.000000,0.000000,140,180,240,260,380,680,1200,1900,2800,3100,3100,4291,0,140.0,221.68592158989185,33.45341700332938,3094.0994170014164,60205.182707993474
1791647443,25,,Aggregated,12.000000,0.000000,140,180,240,260,380,680,1200,1900,2800,3100,3100,4302,0,140.0,221.3903526165079,33.45341700332938,3094.0994170014164,60181.60041841004
1791647444,25,,Aggregated,12.000000,0.000000,140,180,240,260,380,680,1200,1900,2800,3100,3100,4313,0,140.0,221.34267894463756,33.45341700332938,3094.0994170014164,60098.1959193137
1791647445,25,,Aggregated,11.700000,0.000000,140,180,240,260,380,680,1200,1900,2800,3100,3100,4329,0,140.0,221.29257146505827,33.45341700332938,3094.0994170014164,60043.69161469161
1791647446,25,,Aggregated,11.600000,0.000000,140,180,240,260,380,680,1200,1900,2800,3100,3100,4338,0,140.0,221.07187548921982,33.45341700332938,3094.0994170014164,60089.81489165514
1791647447,25,,Aggregated,12.100000,0.000000,140,180,240,260,380,670,1200,1900,2800,3100,3100,4350,0,140.0,220.94216567890763,33.45341700332938,3094.0994170014164,60031.67310344827
1791647448,25,,Aggregated,11.700000,0.000000,140,180,240,260,380,670,1200,1900,2800,3100,3100,4364,0,140.0,220.72853066618777,33.45341700332938,3094.0994170014164,60166.94569202566
1791647449,25,,Aggregated,12.000000,0.000000,140,180,240,260,380,670,1200,1900,2800,3100,3100,4377,0,140.0,220.38424584880886,33.14412500185426,3094.0994170014164,60053.38313913639
1791647450,25,,Aggregated,12.000000,0.000000,140,180,240,260,380,670,1200,1900,2800,3100,3100,4386,0,140.0,220.22123206366558,33.14412500185426,3094.0994170014164,60054.41358869129
1791647451,25,,Aggregated,12.200000,0.000000,140,180,240,260,380,660,1200,1900,2800,3100,3100,4404,0,140.0,220.01294781181764,33.14412500185426,3094.0994170014164,60072.6080835604
1791647452,25,,Aggregated,12.200000,0.000000,140,180,240,260,380,660,1200,1900,2800,3100,3100,4412,0,140.0,219.87578326977658,33.14412500185426,3094.0994170014164,60019.77810516772
1791647453,25,,Aggregated,12.300000,0.000000,140,180,240,260,380,660,1200,1900,2800,3100,3100,4423,0,140.0,219.70116166295415,33.14412500185426,3094.0994170014164,60151.32308387972
1791647454,25,,Aggregated,12.300000,0.000000,140,180,240,260,380,660,1200,1900,2800,3100,3100,4431,0,140.0,219.56003599463781,33.14412500185426,3094.0994170014164,60114.71518844504
1791647455,25,,Aggregated,12.300000,0.000000,140,180,240,260,380,660,1200,1900,2800,3100,3100,4447,0,140.0,219.60837449274356,33.14412500185426,3094.0994170014164,60050.607600629635
1791647456,25,,Aggregated,11.900000,0.000000,140,180,240,260,380,660,1200,1900,2800,3100,3100,4456,0,140.0,219.75285221997638,33.14412500185426,3094.0994170014164,60159.898114901254
1791647457,25,,Aggregated,11.900000,0.000000,140,180,240,260,380,660,1200,1900,2800,3100,3100,4466,0,140.0,219.76463186480518,33.14412500185426,3094.0994170014164,60067.44178235558
1791647458,25,,Aggregated,11.700000,0.000000,140,180,240,260,380,660,1200,1900,2800,3100,3100,4481,0,140.0,219.3954559422506,33.14412500185426,3094.0994170014164,59992.021646953806
1791647459,25,,Aggregated,11.600000,0.000000,140,180,240,260,380,660,1200,1900,2800,3100,3100,4494,0,140.0,219.07742058661174,33.14412500185426,3094.0994170014164,59902.05318202047
1791647460,25,,Aggregated,11.700000,0.000000,140,180,240,260,380,650,1200,1900,2800,3100,3100,4508,0,140.0,218.73165314224312,33.14412500185426,3094.0994170014164,59902.96561668145
1791647461,25,,Aggregated,11.600000,0.000000,140,180,240,260,380,650,1200,1900,2800,3100,3100,4519,0,140.0,218.6550897854033,33.14412500185426,3094.0994170014164,60022.98805045364
1791647462,25,,Aggregated,11.900000,0.000000,140,180,240,260,380,650,1200,1900,2800,3100,3100,4530,0,140.0,218.4804033556785,33.14412500185426,3094.0994170014164,60019.21854304636
1791647463,25,,Aggregated,11.900000,0.000000,140,180,240,260,380,640,1200,1900,2800,3100,3100,4542,0,140.0,218.34506780938372,33.14412500185426,3094.0994170014164,60001.38485248789
1791647464,25,,Aggregated,11.600000,0.000000,140,180,240,260,380,640,1200,1900,2800,3100,3100,4553,0,140.0,218.28771915730545,33.14412500185426,3094.0994170014164,59941.52185372282
1791647465,25,,Aggregated,11.600000,0.000000,140,180,240,260,380,640,1200,1900,2800,3100,3100,4558,0,140.0,218.17646685985457,33.14412500185426,3094.0994170014164,59935.36353663888
1791647466,25,,Aggregated,12.000000,0.000000,140,180,240,260,380,650,1200,1900,2800,3100,3100,4573,0,140.0,218.93890963005828,33.14412500185426,3094.0994170014164,59953.73409140608
1791647467,25,,Aggregated,12.000000,0.000000,140,180,240,260,380,640,1200,1900,2800,3100,3100,4584,0,140.0,218.95750330590684,33.14412500185426,3094.0994170014164,60001.707242582896
1791647468,25,,Aggregated,11.500000,0.000000,140,180,240,260,380,640,1200,1900,2800,3100,3100,4594,0,140.0,218.9433264645781,33.14412500185426,3094.0994170014164,59936.81954723552
1791647469,25,,Aggregated,11.500000,0.000000,140,180,240,260,380,640,1200,1900,2800,3100,3100,4603,0,140.0,219.11033710520758,33.14412500185426,3094.0994170014164,59964.65066261134
1791647470,25,,Aggregated,11.100000,0.000000,140,180,240,260,390,670,1200,1900,2800,3100,3100,4614,0,140.0,220.505993748432,33.14412500185426,3094.0994170014164,60007.4826614651
1791647471,25,,Aggregated,11.100000,0.000000,140,180,240,260,390,680,1200,1900,2800,3100,3100,4627,0,140.0,221.5960343702741,33.14412500185426,3094.0994170014164,60004.470931489086
1791647472,25,,Aggregated,11.100000,0.000000,140,180,240,260,390,680,1200,1900,2800,3100,3100,4639,0,140.0,221.5132663893658,33.14412500185426,3094.0994170014164,60001.09053675361
1791647473,25,,Aggregated,10.800000,0.000000,140,180,240,260,390,680,1200,1900,2800,3100,3100,4650,0,140.0,221.43584583984463,33.14412500185426,3094.0994170014164,60044.17505376344
1791647474,25,,Aggregated,11.100000,0.000000,140,180,240,260,390,680,1200,1900,2800,3100,3100,4660,0,140.0,221.40169296100336,33.14412500185426,3094.0994170014164,60057.1169527897
1791647475,25,,Aggregated,10.700000,0.000000,140,180,240,260,390,670,1200,1900,2800,3100,3100,4671,0,140.0,221.10810605978827,33.14412500185426,3094.0994170014164,60028.10019267823
1791647476,25,,Aggregated,10.800000,0.000000,140,180,240,260,390,670,1200,1900,2800,3100,3100,4682,0,140.0,220.83456962628568,33.14412500185426,3094.0994170014164,59974.62729602734
1791647477,25,,Aggregated,11.100000,0.000000,140,180,240,260,390,670,1200,1900,2800,3100,3100,4698,0,140.0,220.6206406784278,33.14412500185426,3094.0994170014164,60209.47403150277
1791647478,25,,Aggregated,11.000000,0.000000,140,180,240,260,390,670,1200,1800,2800,3100,3100,4707,0,140.0,220.4115755679312,33.14412500185426,3094.0994170014164,60256.5400467389
1791647479,25,,Aggregated,11.300000,0.000000,140,180,240,260,390,670,1200,1800,2800,3100,3100,4715,0,140.0,220.32850514130502,33.14412500185426,3094.0994170014164,60210.6262990456
1791647480,25,,Aggregated,11.400000,0.000000,140,180,240,260,390,670,1200,1800,2800,3100,3100,4724,0,140.0,220.204604897179,33.14412500185426,3094.0994170014164,60243.816680779004
1791647481,25,,Aggregated,11.100000,0.000000,140,180,240,260,390,670,1200,1800,2800,3100,3100,4739,0,140.0,219.99931916760366,33.14412500185426,3094.0994170014164,60243.321797847646
1791647482,25,,Aggregated,11.100000,0.000000,140,180,240,260,390,660,1200,1800,2800,3100,3100,4752,0,140.0,219.94610731297365,33.14412500185426,3094.0994170014164,60163.60206228956
1791647483,25,,Aggregated,10.800000,0.000000,140,180,240,260,390,660,1200,1800,2800,3100,3100,4760,0,140.0,219.7539499286199,33.14412500185426,3094.0994170014164,60123.12857142857
1791647484,25,,Aggregated,10.900000,0.000000,140,180,240,260,390,660,1200,1800,2800,3100,3100,4776,0,140.0,219.41425253794645,33.14412500185426,3094.0994170014164,60083.2791038526
1791647485,25,,Aggregated,10.900000,0.000000,140,180,240,260,380,660,1200,1800,2800,3100,3100,4784,0,140.0,219.3336239105811,33.14412500185426,3094.0994170014164,60094.33214882943
1791647486,25,,Aggregated,11.300000,0.000000,140,180,240,260,390,660,1200,1800,2800,3100,3100,4795,0,140.0,219.676592430495,33.14412500185426,3094.0994170014164,60019.640458811264
1791647487,25,,Aggregated,11.400000,0.000000,140,180,240,260,390,660,1200,1800,2800,3100,3100,4807,0,140.0,219.9103659757064,33.14412500185426,3094.0994170014164,60000.21219055544
1791647488,25,,Aggregated,11.200000,0.000000,140,180,240,260,390,660,1200,1800,2800,3100,3100,4820,0,140.0,219.8383905156131,33.14412500185426,3094.0994170014164,60038.460165975106
1791647489,25,,Aggregated,10.800000,0.000000,140,180,240,260,390,660,1200,1800,2800,3100,3100,4828,0,140.0,219.86398008870174,33.14412500185426,3094.0994170014164,60143.79722452361
1791647490,25,,Aggregated,10.900000,0.000000,140,180,240,260,390,660,1200,1800,2800,3100,3100,4842,0,140.0,220.3499552945585,33.14412500185426,3094.0994170014164,60253.84489880215
1791647491,25,,Aggregated,11.300000,0.000000,140,180,240,270,390,660,1200,1800,2800,3100,3100,4850,0,140.0,220.7650185990216,33.14412500185426,3094.0994170014164,60348.77360824742
1791647492,25,,Aggregated,11.700000,0.000000,140,180,240,270,400,670,1200,1800,2800,3100,3100,4859,0,140.0,221.67010179506974,33.14412500185426,3094.0994170014164,60504.29265280922
1791647493,25,,Aggregated,11.300000,0.000000,140,180,240,270,400,670,1200,1800,2800,3100,3100,4870,0,140.0,222.4643827080611,33.14412500185426,3094.0994170014164,60671.635318275155
1791647494,25,,Aggregated,10.900000,0.000000,140,180,240,270,400,670,1200,1800,2800,3100,3100,4879,0,140.0,222.57051832614772,33.14412500185426,3094.0994170014164,60837.15904898545
1791647495,25,,Aggregated,10.900000,0.000000,140,180,240,270,400,670,1200,1800,2800,3100,3100,4887,0,140.0,222.71874039027213,33.14412500185426,3094.0994170014164,60916.388991201144
1791647496,25,,Aggregated,10.500000,0.000000,140,180,240,270,400,670,1200,1800,2800,3100,3100,4902,0,140.0,222.78381004227754,33.14412500185426,3094.0994170014164,61005.10975112199
1791647497,25,,Aggregated,10.300000,0.000000,140,180,240,270,400,670,1200,1800,2800,3100,3100,4917,0,140.0,222.66653618248117,33.14412500185426,3094.0994170014164,60916.31543624161
1791647498,25,,Aggregated,10.500000,0.000000,140,180,240,270,400,670,1200,1800,2800,3100,3100,4927,0,140.0,222.4819960067528,33.14412500185426,3094.0994170014164,60890.69920844327
1791647499,25,,Aggregated,10.700000,0.000000,140,180,240,270,400,670,1200,1800,2800,3100,3100,4939,0,140.0,222.29628137300347,33.14412500185426,3094.0994170014164,60949.9505972869
1791647500,25,,Aggregated,11.000000,0.000000,140,180,240,270,400,660,1200,1800,2800,3100,3100,4949,0,140.0,222.06953733769646,33.14412500185426,3094.0994170014164,61008.550414225094
1791647501,25,,Aggregated,10.400000,0.000000,140,180,240,270,400,660,1200,1800,2800,3100,3100,4962,0,140.0,221.84773658005955,33.14412500185426,3094.0994170014164,61001.29302700524
1791647502,25,,Aggregated,10.800000,0.000000,140,180,240,270,400,660,1200,1800,2800,3100,3100,4973,0,140.0,221.6596085182488,33.14412500185426,3094.0994170014164,61029.25558013272
1791647503,25,,Aggregated,11.100000,0.000000,140,180,240,270,400,660,1200,1800,2800,3100,3100,4986,0,140.0,221.61514550627047,33.14412500185426,3094.0994170014164,61122.66746891296
1791647504,25,,Aggregated,11.000000,0.000000,140,180,240,270,400,660,1200,1800,2800,3100,3100,4990,0,140.0,221.5816216922383,33.14412500185426,3094.0994170014164,61241.459118236475
1791647505,25,,Aggregated,11.600000,0.000000,140,180,240,270,400,660,1200,1700,2700,3100,3100,5007,0,140.0,221.372391359752,33.14412500185426,3094.0994170014164,61193.29878170561
1791647506,25,,Aggregated,11.200000,0.000000,140,180,240,270,400,660,1200,1700,2700,3100,3100,5017,0,140.0,221.1805491732705,33.14412500185426,3094.0994170014164,61154.25094678094
1791647507,25,,Aggregated,11.200000,0.000000,140,180,240,270,400,660,1200,1700,2700,3100,3100,5027,0,140.0,221.18269075259434,33.14412500185426,3094.0994170014164,61067.95325243684
1791647508,25,,Aggregated,11.800000,0.000000,140,180,240,270,400,660,1200,1700,2700,3100,3100,5038,0,140.0,221.07391866718874,33.14412500185426,3094.0994170014164,61027.85073441842
1791647509,25,,Aggregated,10.900000,0.000000,140,180,240,270,400,660,1200,1700,2700,3100,3100,5047,0,140.0,221.09435639890665,33.14412500185426,3094.0994170014164,61099.54428373291
1791647510,25,,Aggregated,11.100000,0.000000,140,180,240,270,400,650,1200,1700,2700,3100,3100,5062,0,140.0,221.2113012716851,33.14412500185426,3094.0994170014164,61108.798301066774
1791647511,25,,Aggregated,11.300000,0.000000,140,180,240,270,400,650,1200,1700,2700,3100,3100,5069,0,140.0,221.38666742202997,33.14412500185426,3094.0994170014164,61179.55336358256
1791647512,25,,Aggregated,10.700000,0.000000,140,180,240,270,400,660,1200,1700,2700,3100,3100,5082,0,140.0,221.73754742134196,33.14412500185426,3094.0994170014164,61185.37544273908
1791647513,25,,Aggregated,10.900000,0.000000,140,180,240,270,400,660,1200,1700,2700,3100,3100,5092,0,140.0,221.72532059235394,33.14412500185426,3094.0994170014164,61164.577572663
1791647514,25,,Aggregated,11.200000,0.000000,140,180,250,270,400,650,1200,1700,2700,3100,3100,5104,0,140.0,221.81098915835992,33.14412500185426,3094.0994170014164,61100.183189655174
1791647515,25,,Aggregated,10.600000,0.000000,140,180,250,270,400,660,1200,1700,2700,3100,3100,5117,0,140.0,221.86509617437716,33.14412500185426,3094.0994170014164,61014.91068985734
1791647516,25,,Aggregated,10.800000,0.000000,140,180,250,270,400,650,1200,1700,2700,3100,3100,5123,0,140.0,221.78714700825435,33.14412500185426,3094.0994170014164,60964.88561389811
1791647517,25,,Aggregated,11.400000,0.000000,140,180,250,270,400,650,1200,1700,2700,3100,3100,5139,0,140.0,221.6562863878778,33.14412500185426,3094.0994170014164,60966.36232730103
1791647518,25,,Aggregated,10.500000,0.000000,140,180,250,270,400,650,1200,1700,2700,3100,3100,5148,0,140.0,221.53917519664074,33.14412500185426,3094.0994170014164,60994.05205905206
1791647519,25,,Aggregated,10.900000,0.000000,140,180,250,270,400,650,1200,1700,2700,3100,3100,5160,0,140.0,221.40219626033286,33.14412500185426,3094.0994170014164,61027.44011627907
1791647520,25,,Aggregated,11.200000,0.000000,140,180,250,270,400,650,1200,1700,2700,3100,3100,5172,0,140.0,221.26090922163888,33.14412500185426,3094.0994170014164,60959.59648105182
1791647521,25,,Aggregated,11.000000,0.000000,140,180,250,270,400,650,1200,1700,2700,3100,3100,5184,0,140.0,221.0702659452752,33.14412500185426,3094.0994170014164,61089.36381172839
1791647522,25,,Aggregated,11.100000,0.000000,140,180,240,270,400,650,1200,1700,2700,3100,3100,5194,0,140.0,220.86524984641835,33.14412500185426,3094.0994170014164,61004.30034655372
1791647523,25,,Aggregated,11.100000,0.000000,140,180,240,270,400,640,1100,1700,2700,3100,3100,5207,0,140.0,220.6883829290001,33.14412500185426,3094.0994170014164,60904.93758402151
1791647524,25,,Aggregated,11.000000,0.000000,140,180,240,270,400,640,1100,1700,2700,3100,3100,5220,0,140.0,220.43004306231748,33.14412500185426,3094.0994170014164,60846.98371647509
1791647525,25,,Aggregated,11.200000,0.000000,140,180,240,270,400,640,1100,1700,2700,3100,3100,5235,0,140.0,220.37730824418216,33.14412500185426,3094.0994170014164,60842.97421203439
1791647526,25,,Aggregated,11.700000,0.000000,140,180,240,270,400,630,1100,1700,2700,3100,3100,5244,0,140.0,220.25581937152637,33.14412500185426,3094.0994170014164,60823.48455377574
1791647527,25,,Aggregated,11.500000,0.000000,140,180,240,270,400,630,1100,1700,2700,3100,3100,5257,0,140.0,220.32918900861645,33.14412500185426,3094.0994170014164,60875.272208483926
1791647528,25,,Aggregated,11.600000,0.000000,140,180,240,270,400,630,1100,1700,2700,3100,3100,5269,0,140.0,220.14693729726943,33.14412500185426,3094.0994170014164,60826.478079331944
1791647529,25,,Aggregated,11.900000,0.000000,140,180,240,270,390,630,1100,1700,2700,3100,3100,5282,0,140.0,219.92631003792218,33.14412500185426,3094.0994170014164,60766.10923892465
1791647530,25,,Aggregated,11.400000,0.000000,140,180,240,270,390,630,1100,1700,2700,3100,3100,5291,0,140.0,219.85932212593062,33.14412500185426,3094.0994170014164,60731.20601020601
1791647531,25,,Aggregated,12.100000,0.000000,140,180,240,270,390,630,1100,1700,2700,3100,3100,5305,0,140.0,219.61721008337182,33.14412500185426,3094.0994170014164,60743.72912346842
1791647532,25,,Aggregated,12.000000,0.000000,140,180,240,270,390,630,1100,1700,2700,3100,3100,5318,0,140.0,219.30654229226866,33.14412500185426,3094.0994170014164,60653.17468973298
1791647533,25,,Aggregated,12.300000,0.000000,140,180,240,270,390,630,1100,1700,2700,3100,3100,5329,0,140.0,219.16232861011065,33.14412500185426,3094.0994170014164,60686.66879339463
1791647534,25,,Aggregated,12.300000,0.000000,140,180,240,270,390,630,1100,1700,2700,3100,3100,5340,0,140.0,219.03823369181504,33.14412500185426,3094.0994170014164,60667.7436329588
1791647535,25,,Aggregated,12.100000,0.000000,140,180,240,270,390,630,1100,1700,2700,3100,3100,5354,0,140.0,218.77366861921845,33.14412500185426,3094.0994170014164,60608.39223010833
1791647536,25,,Aggregated,12.000000,0.000000,140,180,240,270,390,630,1100,1700,2700,3100,3100,5367,0,140.0,218.6337480583764,33.14412500185426,3094.0994170014164,60661.412707285264
1791647537,25,,Aggregated,12.000000,0.000000,140,180,240,270,390,630,1100,1700,2700,3100,3100,5376,0,140.0,218.48701622848156,33.14412500185426,3094.0994170014164,60774.68843005953
1791647538,25,,Aggregated,12.400000,0.000000,140,180,240,270,390,630,1100,1700,2700,3100,3100,5389,0,140.0,218.22149355081575,33.14412500185426,3094.0994170014164,60700.512339951754
1791647539,25,,Aggregated,12.000000,0.000000,140,180,240,270,390,630,1100,1700,2700,3100,3100,5399,0,140.0,218.1221523110471,33.14412500185426,3094.0994170014164,60785.63919244304
1791647540,25,,Aggregated,11.900000,0.000000,140,180,240,270,390,630,1100,1700,2700,3100,3100,5411,0,140.0,217.9879841902311,33.14412500185426,3094.0994170014164,60940.35612640917
1791647541,25,,Aggregated,11.900000,0.000000,140,180,240,270,390,630,1100,1700,2700,3100,3100,5423,0,140.0,217.70048221968517,33.14412500185426,3094.0994170014164,60914.213719343534
1791647542,25,,Aggregated,11.800000,0.000000,140,180,240,270,390,630,1100,1700,2700,3100,3100,5435,0,140.0,217.47205668396396,33.14412500185426,3094.0994170014164,60868.38730450782
1791647543,25,,Aggregated,11.700000,0.000000,140,180,240,270,390,630,1100,1700,2700,3100,3100,5449,0,140.0,217.2261866765173,33.14412500185426,3094.0994170014164,60898.15066984768
1791647544,25,,Aggregated,11.800000,0.000000,140,180,240,270,390,620,1100,1700,2700,3100,3100,5462,0,140.0,217.06829665385362,33.14412500185426,3094.0994170014164,60916.09721713658
1791647545,25,,Aggregated,11.700000,0.000000,140,180,240,270,390,620,1100,1700,2700,3100,3100,5474,0,140.0,216.81192751138948,33.14412500185426,3094.0994170014164,60839.22177566679
1791647546,25,,Aggregated,12.200000,0.000000,140,180,240,270,390,620,1100,1700,2700,3100,3100,5481,0,140.0,216.74967965651442,33.14412500185426,3094.0994170014164,60774.75022806057
1791647547,25,,Aggregated,12.000000,0.000000,140,180,240,270,390,620,1100,1700,2700,3100,3100,5492,0,140.0,216.88364603629765,33.14412500185426,3094.0994170014164,60726.426256372906
1791647548,25,,Aggregated,11.900000,0.000000,140,180,240,270,390,620,1100,1700,2700,3100,3100,5505,0,140.0,217.3773061217696,33.14412500185426,3094.0994170014164,60727.810717529515
1791647549,25,,Aggregated,11.700000,0.000000,140,180,240,270,390,620,1100,1700,2700,3100,3100,5513,0,140.0,217.3576418754454,33.14412500185426,3094.0994170014164,60672.39651732269
1791647550,25,,Aggregated,11.600000,0.000000,140,180,240,270,390,630,1100,1700,2700,3100,3100,5520,0,140.0,217.64469152161746,33.14412500185426,3094.0994170014164,60616.17427536232
1791647551,25,,Aggregated,11.600000,0.000000,140,180,240,270,390,630,1100,1700,2700,3100,3100,5522,0,140.0,217.9351149098744,33.14412500185426,3094.0994170014164,60628.02082578776
1791647552,25,,Aggregated,11.400000,0.000000,140,180,240,270,390,630,1100,1700,2700,3100,3100,5527,0,140.0,219.38091376249898,33.14412500185426,3094.0994170014164,60613.02189252759
1791647553,25,,Aggregated,10.400000,0.000000,140,180,240,270,400,650,1200,1900,2700,3100,3100,5535,0,140.0,222.53301668732036,33.14412500185426,3094.0994170014164,60562.99548328816
1791647554,25,,Aggregated,9.400000,0.000000,140,180,240,270,400,660,1200,2000,2800,3100,3100,5544,0,140.0,225.9480449567691,33.14412500185426,3094.0994170014164,60618.06096681097
1791647555,25,,Aggregated,9.000000,0.000000,140,180,250,270,410,680,1200,2000,2800,3100,3100,5563,0,140.0,228.026741055065,33.14412500185426,3094.0994170014164,60542.082689196475
1791647556,25,,Aggregated,8.200000,0.000000,140,180,250,270,410,680,1200,2000,2800,3100,3100,5568,0,140.0,227.9527576536148,33.14412500185426,3094.0994170014164,60534.89242097701
1791647557,25,,Aggregated,8.500000,0.000000,140,180,250,270,410,670,1200,2000,2800,3100,3100,5582,0,140.0,228.1075815702865,33.14412500185426,3094.0994170014164,60572.147617341456
1791647558,25,,Aggregated,8.700000,0.000000,140,180,250,270,410,670,1200,2000,2800,3100,3100,5592,0,140.0,227.9593299938019,33.14412500185426,3094.0994170014164,60640.68419170243
1791647559,25,,Aggregated,8.700000,0.000000,140,180,250,270,410,670,1200,2000,2800,3100,3100,5608,0,140.0,227.55584442445817,33.14412500185426,3094.0994170014164,60559.724679029954
1791647560,25,,Aggregated,8.900000,0.000000,140,180,250,270,410,670,1200,2000,2800,3100,3100,5617,0,140.0,227.40577598350757,33.14412500185426,3094.0994170014164,60563.749332383835
1791647561,25,,Aggregated,8.500000,0.000000,140,180,250,270,400,670,1200,2000,2800,3100,3100,5627,0,140.0,227.2648381891563,33.14412500185426,3094.0994170014164,60528.553580948996
1791647562,25,,Aggregated,9.100000,0.000000,140,180,250,270,400,670,1200,2000,2800,3100,3100,5639,0,140.0,227.02734890767525,33.14412500185426,3094.0994170014164,60571.022699060115
1791647563,25,,Aggregated,9.900000,0.000000,140,180,250,270,400,670,1200,2000,2800,3100,3100,5652,0,140.0,226.89855893761236,33.14412500185426,3094.0994170014164,60586.782731776366
1791647564,25,,Aggregated,10.300000,0.000000,140,180,250,270,400,670,1200,2000,2800,3100,3100,5661,0,140.0,226.734041194027,33.14412500185426,3094.0994170014164,60575.90266737326
1791647565,25,,Aggregated,11.400000,0.000000,140,180,250,270,400,670,1200,2000,2800,3100,3100,5672,0,140.0,226.61653808769069,33.14412500185426,3094.0994170014164,60556.82140338505
1791647566,25,,Aggregated,11.500000,0.000000,140,180,250,270,400,670,1200,2000,2800,3100,3100,5683,0,140.0,226.5905713658962,33.14412500185426,3094.0994170014164,60617.683617807495
1791647567,25,,Aggregated,10.900000,0.000000,140,180,250,270,400,670,1200,2000,2800,3100,3100,5690,0,140.0,226.6385734603498,33.14412500185426,3094.0994170014164,60569.05676625659
1791647568,25,,Aggregated,11.100000,0.000000,140,190,250,270,410,670,1200,2000,2800,3100,3100,5704,0,140.0,227.46183275427606,33.14412500185426,3094.0994170014164,60490.44161991585
1791647569,25,,Aggregated,11.100000,0.000000,140,190,250,270,410,670,1200,2000,2800,3100,3100,5714,0,140.0,227.92392902474685,33.14412500185426,3094.0994170014164,60443.88186909346
1791647570,25,,Aggregated,10.800000,0.000000,140,190,250,270,410,680,1200,2000,2800,3100,3100,5727,0,140.0,228.5636900699145,33.14412500185426,3094.0994170014164,60456.274663872886
1791647571,25,,Aggregated,11.200000,0.000000,140,190,250,270,410,680,1200,2000,2800,3100,3100,5739,0,140.0,228.50214181275337,33.14412500185426,3094.0994170014164,60496.7466457571
1791647572,25,,Aggregated,10.800000,0.000000,140,190,250,270,410,680,1200,2000,2800,3100,3100,5753,0,140.0,228.264232832851,33.14412500185426,3094.0994170014164,60569.78498174865
1791647573,25,,Aggregated,11.100000,0.000000,140,190,250,270,410,680,1200,2000,2800,3100,3100,5759,0,140.0,228.32323688077554,33.14412500185426,3094.0994170014164,60673.79840250043
1791647574,25,,Aggregated,11.300000,0.000000,140,190,250,270,410,690,1200,2000,2800,3100,3100,5766,0,140.0,229.11172569569743,33.14412500185426,3094.0994170014164,60651.852410683314
1791647575,25,,Aggregated,11.100000,0.000000,140,190,250,270,420,700,1200,2000,2800,3100,3100,5776,0,140.0,230.56457295055267,33.14412500185426,3094.0994170014164,60591.75051939058
1791647576,25,,Aggregated,10.800000,0.000000,140,190,250,270,420,710,1200,2000,2800,3100,3100,5789,0,140.0,232.05748756769768,33.14412500185426,3094.0994170014164,60643.49680428399
1791647577,25,,Aggregated,10.600000,0.000000,140,190,250,270,420,710,1200,2000,2800,3100,3100,5799,0,140.0,231.9874919286818,33.14412500185426,3094.0994170014164,60687.628384204174
1791647578,25,,Aggregated,10.100000,0.000000,140,190,250,270,420,710,1200,2000,2800,3100,3100,5811,0,140.0,231.76656001315038,33.14412500185426,3094.0994170014164,60606.179659266905
1791647579,25,,Aggregated,10.700000,0.000000,140,190,250,270,420,710,1200,2000,2800,3100,3100,5822,0,140.0,231.56307394853948,33.14412500185426,3094.0994170014164,60545.00738577808
1791647580,25,,Aggregated,10.700000,0.000000,140,190,250,270,420,710,1200,2000,2800,3100,3100,5834,0,140.0,231.36749781957596,33.14412500185426,3094.0994170014164,60609.93760713061
1791647581,25,,Aggregated,10.700000,0.000000,140,190,250,270,420,710,1200,2000,2800,3100,3100,5847,0,140.0,231.17442349895987,33.14412500185426,3094.0994170014164,60543.17154096118
1791647582,25,,Aggregated,10.600000,0.000000,140,190,250,270,420,710,1200,2000,2800,3100,3100,5860,0,140.0,230.9964989882979,33.14412500185426,3094.0994170014164,60602.85614334471
1791647583,25,,Aggregated,10.700000,0.000000,140,190,250,270,420,710,1200,2000,2800,3100,3100,5870,0,140.0,230.84771983022563,33.14412500185426,3094.0994170014164,60658.59182282794
1791647584,25,,Aggregated,10.900000,0.000000,140,190,250,270,420,710,1200,2000,2800,3100,3100,5882,0,140.0,230.61689539194558,33.14412500185426,3094.0994170014164,60663.903944236656
1791647585,25,,Aggregated,10.900000,0.000000,140,190,250,270,410,710,1200,2000,2800,3100,3100,5892,0,140.0,230.49589495441674,33.14412500185426,3094.0994170014164,60648.08350305499
1791647586,25,,Aggregated,11.100000,0.000000,140,190,250,270,410,700,1200,1900,2800,3100,3100,5904,0,140.0,230.3157461587768,33.14412500185426,3094.0994170014164,60615.64312330623
1791647587,25,,Aggregated,11.500000,0.000000,140,190,250,270,410,700,1200,1900,2800,3100,3100,5914,0,140.0,230.357777249308,33.14412500185426,3094.0994170014164,60607.048190733854
1791647588,25,,Aggregated,11.600000,0.000000,140,190,250,270,420,710,1200,1900,2800,3100,3100,5921,0,140.0,230.796879536464,33.14412500185426,3094.0994170014164,60591.89596351967
1791647589,25,,Aggregated,11.600000,0.000000,140,190,250,270,420,720,1200,1900,2800,3100,3100,5929,0,140.0,232.26796859106196,33.14412500185426,3094.0994170014164,60519.59386068477
1791647590,25,,Aggregated,11.600000,0.000000,140,190,250,270,420,720,1300,1900,2800,3100,3100,5932,0,140.0,232.87673653226696,33.14412500185426,3094.0994170014164,60492.90205664194
1791647591,25,,Aggregated,10.700000,0.000000,140,190,250,270,430,740,1300,2000,2800,3100,3100,5944,0,140.0,235.86444407241095,33.14412500185426,3094.0994170014164,60462.83260430687
1791647592,25,,Aggregated,10.600000,0.000000,140,190,250,270,430,750,1300,2000,2800,3100,3100,5957,0,140.0,236.59900877512334,33.14412500185426,3094.0994170014164,60498.361759274805
1791647593,25,,Aggregated,9.400000,0.000000,140,190,250,270,430,750,1300,2000,2800,3100,3100,5969,0,140.0,236.3723529032352,33.14412500185426,3094.0994170014164,60436.21678673145
1791647594,25,,Aggregated,9.600000,0.000000,140,190,250,270,430,750,1300,2000,2800,3100,3100,5977,0,140.0,236.24046771313553,33.14412500185426,3094.0994170014164,60474.38999498076
1791647595,25,,Aggregated,9.600000,0.000000,140,190,250,270,430,750,1300,2000,2800,3100,3100,5993,0,140.0,236.01884896602925,33.14412500185426,3094.0994170014164,60527.98765226097
1791647596,25,,Aggregated,9.800000,0.000000,140,190,250,270,430,750,1300,2000,2800,3100,3100,6003,0,140.0,235.80509576751828,33.14412500185426,3094.0994170014164,60521.81925703815
1791647597,25,,Aggregated,9.600000,0.000000,140,190,250,270,430,750,1300,2000,2800,3100,3100,6018,0,140.0,235.4560265828195,33.14412500185426,3094.0994170014164,60513.922067131934
1791647598,25,,Aggregated,10.000000,0.000000,140,190,250,270,430,750,1300,2000,2800,3100,3100,6030,0,140.0,235.22918733671858,33.14412500185426,3094.0994170014164,60479.91127694859
1791647599,25,,Aggregated,9.700000,0.000000,140,190,250,270,430,750,1300,2000,2800,3100,3100,6041,0,140.0,235.0426794773089,33.14412500185426,3094.0994170014164,60524.72388677371
1791647600,25,,Aggregated,10.200000,0.000000,140,190,250,270,430,750,1300,2000,2800,3100,3100,6053,0,140.0,234.83045859035485,33.14412500185426,3094.0994170014164,60493.13084420948
1791647601,25,,Aggregated,10.900000,0.000000,140,190,250,270,430,750,1300,2000,2800,3100,3100,6062,0,140.0,234.78803263071876,33.14412500185426,3094.0994170014164,60504.56417024085
1791647602,25,,Aggregated,11.200000,0.000000,140,190,250,270,430,750,1300,2000,2800,3100,3100,6075,0,140.0,234.58613995463688,33.14412500185426,3094.0994170014164,60487.836872427986
1791647603,25,,Aggregated,12.100000,0.000000,140,190,250,270,430,740,1300,2000,2800,3100,3100,6087,0,140.0,234.57369992302156,33.14412500185426,3094.0994170014164,60629.52784622967
1791647604,25,,Aggregated,11.700000,0.000000,140,190,250,270,420,740,1300,2000,2800,3100,3100,6100,0,140.0,234.28697097236363,33.14412500185426,3094.0994170014164,60595.55803278689
1791647605,25,,Aggregated,11.600000,0.000000,140,190,250,270,420,740,1300,1900,2800,3100,3100,6111,0,140.0,234.09099957280594,33.14412500185426,3094.0994170014164,60543.52626411389
1791647606,25,,Aggregated,11.800000,0.000000,140,190,250,270,420,740,1300,1900,2800,3100,3100,6122,0,140.0,233.8912843659637,33.14412500185426,3094.0994170014164,60463.86605684417
1791647607,25,,Aggregated,12.200000,0.000000,140,190,250,270,420,740,1300,1900,2800,3100,3100,6132,0,140.0,233.65161509514377,33.14412500185426,3094.0994170014164,60447.04729288976
1791647609,25,,Aggregated,11.800000,0.000000,140,190,250,270,420,740,1300,1900,2800,3100,3100,6143,0,140.0,233.47039938620048,33.14412500185426,3094.0994170014164,60399.582777144715
1791647610,25,,Aggregated,11.800000,0.000000,140,190,250,270,420,740,1300,1900,2800,3100,3100,6157,0,140.0,233.42727741667008,33.14412500185426,3094.0994170014164,60375.29397433815
1791647611,25,,Aggregated,11.400000,0.000000,140,190,250,270,420,730,1300,1900,2800,3100,3100,6166,0,140.0,233.2211635060708,33.14412500185426,3094.0994170014164,60346.15163801492
1791647612,25,,Aggregated,11.600000,0.000000,140,190,250,270,420,730,1300,1900,2800,3100,3100,6181,0,140.0,232.93178620844793,33.14412500185426,3094.0994170014164,60394.207571590356
1791647613,25,,Aggregated,11.600000,0.000000,140,190,250,270,420,730,1300,1900,2800,3100,3100,6191,0,140.0,232.74620053519737,33.14412500185426,3094.0994170014164,60480.27943789372
1791647614,25,,Aggregated,11.700000,0.000000,140,190,250,270,420,730,1300,1900,2800,3100,3100,6202,0,140.0,232.561322888492,33.14412500185426,3094.0994170014164,60517.17800709449
1791647615,25,,Aggregated,11.700000,0.000000,140,190,250,270,420,730,1300,1900,2800,3100,3100,6214,0,140.0,232.4061977675318,33.14412500185426,3094.0994170014164,60508.85532668169
1791647616,25,,Aggregated,11.300000,0.000000,140,190,250,270,420,730,1300,1900,2800,3100,3100,6224,0,140.0,232.27233316073972,33.14412500185426,3094.0994170014164,60515.57712082262
1791647617,25,,Aggregated,11.400000,0.000000,140,190,250,270,420,730,1300,1900,2800,3100,3100,6235,0,140.0,232.03608283359398,33.14412500185426,3094.0994170014164,60449.77129109864
1791647618,25,,Aggregated,11.400000,0.000000,140,190,250,270,420,730,1300,1900,2800,3100,3100,6248,0,140.0,231.82663193013238,33.14412500185426,3094.0994170014164,60488.47487195903
1791647619,25,,Aggregated,11.100000,0.000000,140,190,250,270,420,720,1300,1900,2800,3100,3100,6261,0,140.0,231.58788659422822,33.14412500185426,3094.0994170014164,60434.11180322632
1791647620,25,,Aggregated,11.100000,0.000000,140,180,250,270,410,720,1300,1900,2800,3100,3100,6272,0,140.0,231.42402843438467,33.14412500185426,3094.0994170014164,60461.474170918365
1791647621,25,,Aggregated,11.600000,0.000000,140,180,250,270,410,720,1300,1900,2800,3100,3100,6280,0,140.0,231.24345084338646,33.14412500185426,3094.0994170014164,60438.38933121019
1791647622,25,,Aggregated,11.700000,0.000000,140,180,250,270,410,720,1300,1900,2800,3100,3100,6294,0,140.0,231.159857245389,33.14412500185426,3094.0994170014164,60462.60136638068
1791647623,25,,Aggregated,11.400000,0.000000,140,180,250,270,410,720,1300,1900,2800,3100,3100,6306,0,140.0,230.88748169132396,33.14412500185426,3094.0994170014164,60413.17824294323
1791647624,25,,Aggregated,11.500000,0.000000,140,180,250,270,410,720,1300,1900,2800,3100,3100,6319,0,140.0,230.6219328687272,33.14412500185426,3094.0994170014164,60391.13024212692
1791647625,25,,Aggregated,11.300000,0.000000,140,180,250,270,410,720,1300,1900,2800,3100,3100,6324,0,140.0,230.81295835412362,33.14412500185426,3094.0994170014164,60372.1312460468
1791647626,25,,Aggregated,11.600000,0.000000,140,180,250,270,420,730,1300,1900,2800,3100,3100,6329,0,140.0,231.3116370618568,33.14412500185426,3094.0994170014164,60400.537209669776
1791647627,25,,Aggregated,11.600000,0.000000,140,180,250,270,420,740,1300,1900,2800,3100,3100,6338,0,140.0,232.4933482507876,33.14412500185426,3094.0994170014164,60445.27911012938
1791647628,25,,Aggregated,10.500000,0.000000,140,190,250,270,430,760,1300,1900,2800,3100,3100,6351,0,140.0,234.24876867256953,33.14412500185426,3094.0994170014164,60497.71957172099
1791647629,25,,Aggregated,10.500000,0.000000,140,190,250,270,430,760,1300,1900,2800,3100,3100,6362,0,140.0,234.55146988706184,33.14412500185426,3094.0994170014164,60440.60594152782
1791647630,25,,Aggregated,10.100000,0.000000,140,190,250,270,430,760,1300,1900,2800,3100,3100,6374,0,140.0,234.3342188452262,33.14412500185426,3094.0994170014164,60424.64292438029
1791647631,25,,Aggregated,10.200000,0.000000,140,190,250,270,430,760,1300,1900,2800,3100,3100,6385,0,140.0,234.2245907668698,33.14412500185426,3094.0994170014164,60458.23257635082
1791647632,25,,Aggregated,10.100000,0.000000,140,190,250,270,430,760,1300,1900,2800,3100,3100,6398,0,140.0,234.04838667778478,33.14412500185426,3094.0994170014164,60482.526883401064
1791647633,25,,Aggregated,10.300000,0.000000,140,190,250,270,430,760,1300,1900,2800,3100,3100,6408,0,140.0,233.9090159708917,33.14412500185426,3094.0994170014164,60431.40324594257
1791647634,25,,Aggregated,10.100000,0.000000,140,190,250,270,430,750,1300,1900,2800,3100,3100,6424,0,140.0,233.93809393936334,33.14412500185426,3094.0994170014164,60437.87126400996
1791647635,25,,Aggregated,10.100000,0.000000,140,190,250,270,430,750,1300,1900,2800,3100,3100,6431,0,140.0,233.79665578968678,33.14412500185426,3094.0994170014164,60435.62136526201
1791647636,25,,Aggregated,10.100000,0.000000,140,190,250,270,430,750,1300,1900,2800,3100,3100,6444,0,140.0,233.60370091829301,33.14412500185426,3094.0994170014164,60448.14835505897
1791647637,25,,Aggregated,10.800000,0.000000,140,190,250,270,430,750,1300,1900,2800,3100,3100,6461,0,140.0,233.2486459862985,33.14412500185426,3094.0994170014164,60383.250270855904
1791647638,25,,Aggregated,10.800000,0.000000,140,180,250,270,430,750,1300,1900,2800,3100,3100,6472,0,140.0,233.06424400146363,33.14412500185426,3094.0994170014164,60384.093788627935
1791647639,25,,Aggregated,11.400000,0.000000,140,180,250,270,430,750,1300,1900,2800,3100,3100,6480,0,140.0,232.96765814220137,33.14412500185426,3094.0994170014164,60412.281481481485
1791647640,25,,Aggregated,12.300000,0.000000,140,180,250,270,430,750,1300,1900,2800,3100,3100,6495,0,140.0,232.95842045965773,33.14412500185426,3094.0994170014164,60410.68036951501
1791647641,25,,Aggregated,12.300000,0.000000,140,180,250,270,420,750,1300,1900,2800,3100,3100,6504,0,140.0,232.8228452573008,33.14412500185426,3094.0994170014164,60397.522755227554
1791647642,25,,Aggregated,12.000000,0.000000,140,180,250,270,420,750,1300,1900,2800,3100,3100,6518,0,140.0,232.52403929080924,33.14412500185426,3094.0994170014164,60312.470082847496
1791647643,25,,Aggregated,12.100000,0.000000,140,180,250,270,420,750,1300,1900,2800,3100,3100,6531,0,140.0,232.3187555777843,33.14412500185426,3094.0994170014164,60303.482008880725
1791647644,25,,Aggregated,12.100000,0.000000,140,180,250,270,420,750,1300,1900,2800,3100,3100,6538,0,140.0,232.18453269539842,33.14412500185426,3094.0994170014164,60341.88222698073
1791647645,25,,Aggregated,12.200000,0.000000,140,180,250,270,420,750,1300,1900,2800,3100,3100,6550,0,140.0,232.174296553973,33.14412500185426,3094.0994170014164,60289.743816793896
1791647646,25,,Aggregated,12.000000,0.000000,140,180,250,270,420,750,1300,1900,2800,3100,3100,6566,0,140.0,232.36733298622354,33.14412500185426,3094.0994170014164,60434.1725555894
1791647647,25,,Aggregated,11.700000,0.000000,140,180,250,270,420,750,1300,1900,2800,3100,3100,6576,0,140.0,232.18934659679698,33.14412500185426,3094.0994170014164,60429.729166666664
1791647648,25,,Aggregated,12.200000,0.000000,140,180,250,270,420,740,1300,1900,2800,3100,3100,6587,0,140.0,232.01572645157924,33.14412500185426,3094.0994170014164,60462.76392895096
1791647649,25,,Aggregated,11.900000,0.000000,140,180,250,270,420,740,1300,1900,2800,3100,3100,6597,0,140.0,231.90044795794083,33.14412500185426,3094.0994170014164,60515.23055934516
1791647650,25,,Aggregated,11.000000,0.000000,140,180,250,270,420,740,1300,1900,2800,3100,3100,6610,0,140.0,231.737922632003,33.14412500185426,3094.0994170014164,60464.400453857794
1791647651,25,,Aggregated,11.400000,0.000000,140,180,250,270,420,740,1300,1900,2800,3100,3100,6621,0,140.0,231.80702114703917,33.14412500185426,3094.0994170014164,60468.74701706691
1791647652,25,,Aggregated,11.400000,0.000000,140,180,250,270,420,740,1300,1900,2800,3100,3100,6634,0,140.0,231.82773490948816,33.14412500185426,3094.0994170014164,60413.60220078384
1791647653,25,,Aggregated,11.400000,0.000000,140,180,250,270,420,740,1300,1900,2800,3100,3100,6644,0,140.0,231.65739604854613,33.14412500185426,3094.0994170014164,60348.937236604455
1791647654,25,,Aggregated,11.400000,0.000000,140,190,250,270,420,740,1300,1900,2800,3100,3100,6657,0,140.0,231.59367983769548,33.14412500185426,3094.0994170014164,60330.61048520354
1791647655,25,,Aggregated,11.400000,0.000000,140,190,250,270,420,730,1300,1900,2800,3100,3100,6670,0,140.0,231.49346489468468,33.14412500185426,3094.0994170014164,60364.37316341829
1791647656,25,,Aggregated,11.300000,0.000000,140,180,250,270,420,730,1300,1900,2800,3100,3100,6679,0,140.0,231.3902247239921,33.14412500185426,3094.0994170014164,60362.28357538554
1791647657,25,,Aggregated,11.800000,0.000000,140,180,250,270,420,730,1300,1900,2800,3100,3100,6690,0,140.0,231.195925294998,33.14412500185426,3094.0994170014164,60307.45889387145
1791647658,25,,Aggregated,11.200000,0.000000,140,180,250,270,420,730,1300,1800,2800,3100,3100,6703,0,140.0,230.96307269961832,33.14412500185426,3094.0994170014164,60246.054453229895
1791647659,25,,Aggregated,11.500000,0.000000,140,180,250,270,420,730,1300,1800,2800,3100,3100,6715,0,140.0,230.72069720990476,33.14412500185426,3094.0994170014164,60245.995383469846
1791647660,25,,Aggregated,11.700000,0.000000,140,180,250,270,420,730,1300,1800,2800,3100,3100,6729,0,140.0,230.5479266943798,33.14412500185426,3094.0994170014164,60286.26110863427
1791647661,25,,Aggregated,12.000000,0.000000,140,180,250,270,420,730,1300,1800,2800,3100,3100,6741,0,140.0,230.32783176004415,33.14412500185426,3094.0994170014164,60241.37398012164
1791647662,25,,Aggregated,11.800000,0.000000,140,180,250,270,420,730,1200,1800,2800,3100,3100,6757,0,140.0,230.11854569638226,33.14412500185426,3094.0994170014164,60238.48142666864
1791647663,25,,Aggregated,11.800000,0.000000,140,180,250,270,420,720,1200,1800,2800,3100,3100,6767,0,140.0,229.9159731697145,33.14412500185426,3094.0994170014164,60191.645928771984
1791647664,25,,Aggregated,12.100000,0.000000,140,180,250,270,420,720,1200,1800,2800,3100,3100,6777,0,140.0,229.81973112209758,33.14412500185426,3094.0994170014164,60154.50966504353
