Timestamp,User Count,Type,Name,Requests/s,Failures/s,50%,66%,75%,80%,90%,95%,98%,99%,99.9%,99.99%,100%,Total Request Count,Total Failure Count,Total Median Response Time,Total Average Response Time,Total Min Response Time,Total Max Response Time,Total Average Content Size
1791643155,0,,Aggregated,0.000000,0.000000,N/A,N/A,N/A,N/A,N/A,N/A,N/A,N/A,N/A,N/A,N/A,0,0,0,0.0,0,0,0
1791643156,10,,Aggregated,0.000000,0.000000,610,630,890,890,900,910,910,910,910,910,910,11,0,610.0,616.3792347288108,330.12841600429965,911.2952499999665,3675.6363636363635
1791643157,10,,Aggregated,0.000000,0.000000,250,440,610,610,890,910,1200,1200,1200,1200,1200,40,0,240.0,367.31294057572086,59.70462499681162,1163.3528329984983,18142.325
1791643158,10,,Aggregated,0.000000,0.000000,240,400,450,610,670,900,1200,1200,1200,1200,1200,42,0,230.0,355.2525922149514,59.70462499681162,1163.3528329984983,22063.0
1791643159,10,,Aggregated,11.000000,0.000000,210,330,440,610,670,900,1200,1200,1200,1200,1200,49,0,210.0,318.87198718456546,56.29720800061477,1163.3528329984983,22005.836734693876
1791643160,10,,Aggregated,13.333333,0.000000,200,330,440,450,630,900,910,1200,1200,1200,1200,51,0,200.0,310.93166823619885,50.0083330043708,1163.3528329984983,21894.392156862745
1791643161,10,,Aggregated,10.750000,0.000000,200,260,400,440,630,900,910,1200,1200,1200,1200,58,0,190.0,288.79830813871354,37.58420899976045,1163.3528329984983,23612.068965517243
1791643162,10,,Aggregated,9.800000,0.000000,180,240,330,440,620,890,910,1200,1200,1200,1200,63,0,180.0,273.8216309054036,37.58420899976045,1163.3528329984983,22943.95238095238
1791643163,10,,Aggregated,8.833333,0.000000,170,230,330,440,620,890,910,1200,1200,1200,1200,67,0,170.0,263.1990198663231,37.58420899976045,1163.3528329984983,22442.373134328358
1791643164,10,,Aggregated,8.428571,0.000000,170,220,330,400,610,890,910,1200,1200,1200,1200,71,0,170.0,256.2043368175886,37.58420899976045,1163.3528329984983,24869.352112676057
1791643201,10,,Aggregated,8.000000,0.000000,160,220,330,400,610,890,910,1200,1200,1200,1200,75,0,160.0,247.71277328060629,37.58420899976045,1163.3528329984983,25008.81333333333
1791643202,10,,Aggregated,0.000000,0.000000,170,220,330,400,610,890,910,1200,1200,1200,1200,76,0,160.0,250.17343142165996,37.58420899976045,1163.3528329984983,25292.552631578947
1791643204,10,,Aggregated,0.000000,0.000000,170,230,330,440,630,910,2200,2200,2200,2200,2200,78,0,170.0,299.5273872313705,37.58420899976045,2179.6375409976463,25326.78205128205
1791643205,10,,Aggregated,0.000000,0.000000,180,330,440,610,2200,2500,2700,2700,2700,2700,2700,86,0,180.0,487.1984059773663,37.58420899976045,2720.7615840015933,26304.70930232558
1791643206,10,,Aggregated,0.100000,0.000000,180,300,440,610,2200,2500,2700,2700,2700,2700,2700,89,0,180.0,476.0566984837629,37.58420899976045,2720.7615840015933,26161.280898876405
1791643207,10,,Aggregated,0.200000,0.000000,170,280,440,610,1200,2500,2700,2700,2700,2700,2700,94,0,170.0,458.5604622877733,37.58420899976045,2720.7615840015933,27307.382978723403
1791643208,10,,Aggregated,1.400000,0.000000,170,250,430,610,1200,2500,2700,2700,2700,2700,2700,100,0,170.0,437.6301391304878,37.58420899976045,2720.7615840015933,28627.73
1791643209,10,,Aggregated,1.900000,0.000000,160,230,400,450,910,2400,2600,2700,2700,2700,2700,103,0,160.0,427.9468814373775,37.58420899976045,2720.7615840015933,29527.038834951458
1791643210,10,,Aggregated,1.900000,0.000000,160,220,330,440,910,2400,2600,2700,2700,2700,2700,109,0,160.0,411.76146174357285,37.58420899976045,2720.7615840015933,29965.853211009173
1791643211,10,,Aggregated,2.700000,0.000000,160,220,330,440,900,2400,2600,2700,2700,2700,2700,113,0,160.0,399.9389863190029,37.58420899976045,2720.7615840015933,29581.867256637168
1791643212,10,,Aggregated,3.400000,0.000000,150,200,330,440,900,2400,2600,2700,2700,2700,2700,118,0,150.0,388.0380088054862,37.58420899976045,2720.7615840015933,29303.381355932204
1791643213,10,,Aggregated,3.400000,0.000000,150,200,320,430,890,2400,2600,2700,2700,2700,2700,123,0,150.0,379.4046534312656,37.58420899976045,2720.7615840015933,33862.30894308943
1791643214,10,,Aggregated,3.700000,0.000000,150,200,300,400,890,2400,2600,2700,2700,2700,2700,127,0,150.0,370.883190590869,37.58420899976045,2720.7615840015933,33477.90551181103
1791643215,10,,Aggregated,4.700000,0.000000,150,200,280,360,670,2400,2600,2700,2700,2700,2700,132,0,140.0,361.9603074321,37.58420899976045,2720.7615840015933,33256.295454545456
1791643216,10,,Aggregated,4.700000,0.000000,140,200,260,360,670,2400,2600,2700,2700,2700,2700,135,0,140.0,356.30167560033175,37.58420899976045,2720.7615840015933,33241.73333333333
1791643217,10,,Aggregated,4.400000,0.000000,140,190,250,330,670,2200,2600,2700,2700,2700,2700,143,0,140.0,342.2533860633136,37.58420899976045,2720.7615840015933,33072.82517482517
1791643218,10,,Aggregated,4.600000,0.000000,140,190,240,330,670,2200,2600,2700,2700,2700,2700,146,0,140.0,337.29069919214976,37.58420899976045,2720.7615840015933,32654.897260273974
1791643219,10,,Aggregated,4.700000,0.000000,140,190,250,320,630,2200,2600,2700,2700,2700,2700,151,0,140.0,331.0743451924318,37.58420899976045,2720.7615840015933,39156.17880794702
1791643220,10,,Aggregated,4.600000,0.000000,140,190,250,300,630,2200,2600,2700,2700,2700,2700,156,0,140.0,325.18425400037535,37.58420899976045,2720.7615840015933,38318.52564102564
1791643221,10,,Aggregated,4.800000,0.000000,140,190,250,300,630,2200,2600,2700,2700,2700,2700,160,0,140.0,321.2609653565778,37.58420899976045,2720.7615840015933,37539.20625
1791643222,10,,Aggregated,4.800000,0.000000,140,190,250,280,620,2200,2600,2700,2700,2700,2700,164,0,140.0,318.2932690490749,37.58420899976045,2720.7615840015933,36933.20121951219
1791643223,10,,Aggregated,4.700000,0.000000,140,180,240,260,610,2200,2600,2700,2700,2700,2700,172,0,140.0,309.1962230991221,37.58420899976045,2720.7615840015933,37249.70930232558
1791643224,10,,Aggregated,4.700000,0.000000,140,180,240,260,610,2200,2600,2700,2700,2700,2700,176,0,140.0,305.3302864491343,37.58420899976045,2720.7615840015933,38788.35227272727
1791643225,10,,Aggregated,4.700000,0.000000,140,180,240,260,610,2200,2600,2700,2700,2700,2700,179,0,140.0,303.1506075366243,37.58420899976045,2720.7615840015933,38248.76536312849
1791643226,10,,Aggregated,4.700000,0.000000,130,180,220,260,610,1200,2600,2700,2700,2700,2700,185,0,130.0,296.49074977862404,37.58420899976045,2720.7615840015933,37960.32432432433
1791643227,10,,Aggregated,4.900000,0.000000,130,180,220,260,610,1200,2600,2700,2700,2700,2700,191,0,130.0,292.1431127803309,37.58420899976045,2720.7615840015933,38554.08376963351
1791643228,10,,Aggregated,5.000000,0.000000,140,180,220,260,610,1200,2600,2700,2700,2700,2700,194,0,130.0,290.63158204146544,37.58420899976045,2720.7615840015933,38418.37628865979
1791643229,10,,Aggregated,4.600000,0.000000,130,180,230,260,610,1200,2600,2700,2700,2700,2700,199,0,130.0,287.84717754795787,37.58420899976045,2720.7615840015933,40434.85427135678
1791643230,10,,Aggregated,4.800000,0.000000,130,180,220,260,450,910,2500,2600,2700,2700,2700,206,0,130.0,282.98347248562,37.58420899976045,2720.7615840015933,40563.49514563107
1791643231,10,,Aggregated,4.800000,0.000000,130,180,220,260,450,910,2500,2600,2700,2700,2700,210,0,130.0,280.5343525668875,37.58420899976045,2720.7615840015933,41700.142857142855
1791643232,10,,Aggregated,4.800000,0.000000,130,180,220,260,440,910,2500,2600,2700,2700,2700,214,0,130.0,277.20156501891324,37.58420899976045,2720.7615840015933,41252.411214953274
1791643233,10,,Aggregated,5.000000,0.000000,130,180,220,260,440,910,2500,2600,2700,2700,2700,220,0,130.0,273.9108227184095,37.58420899976045,2720.7615840015933,41570.11363636364
1791643234,10,,Aggregated,5.000000,0.000000,130,180,220,260,440,910,2500,2600,2700,2700,2700,220,0,130.0,273.9108227184095,37.58420899976045,2720.7615840015933,41570.11363636364
1791643235,10,,Aggregated,5.000000,0.000000,140,180,230,260,440,900,2500,2600,2700,2700,2700,230,0,140.0,272.21848458714743,37.58420899976045,2720.7615840015933,43761.69130434783
1791643236,10,,Aggregated,4.600000,0.000000,140,180,230,260,440,900,2500,2600,2700,2700,2700,231,0,140.0,271.4677193205291,37.58420899976045,2720.7615840015933,43778.52380952381
1791643237,10,,Aggregated,5.100000,0.000000,140,180,230,260,440,900,2500,2600,2700,2700,2700,238,0,130.0,267.3999173489048,37.58420899976045,2720.7615840015933,44018.08823529412
1791643238,10,,Aggregated,4.500000,0.000000,130,180,220,260,430,890,2500,2600,2700,2700,2700,243,0,130.0,264.50320917298205,37.58420899976045,2720.7615840015933,43513.0987654321
1791643239,10,,Aggregated,4.500000,0.000000,130,180,220,260,430,890,2500,2600,2700,2700,2700,245,0,130.0,263.92646205726754,37.58420899976045,2720.7615840015933,43785.38367346939
1791643240,10,,Aggregated,4.900000,0.000000,130,180,220,260,420,890,2400,2600,2700,2700,2700,251,0,130.0,260.39762996031396,37.58420899976045,2720.7615840015933,43337.605577689246
1791643241,10,,Aggregated,4.900000,0.000000,130,180,220,260,420,890,2400,2600,2700,2700,2700,255,0,130.0,258.48644605504495,37.58420899976045,2720.7615840015933,42797.674509803925
1791643242,10,,Aggregated,4.800000,0.000000,130,180,220,260,420,890,2400,2600,2700,2700,2700,260,0,130.0,256.653632992451,37.58420899976045,2720.7615840015933,43252.32307692308
1791643243,10,,Aggregated,4.600000,0.000000,140,180,220,260,400,670,2400,2600,2700,2700,2700,266,0,140.0,255.23371175200683,37.58420899976045,2720.7615840015933,46006.661654135336
1791643244,10,,Aggregated,4.400000,0.000000,130,180,220,260,400,670,2400,2600,2700,2700,2700,270,0,130.0,252.9866973519987,37.58420899976045,2720.7615840015933,45943.16296296296
1791643245,10,,Aggregated,4.500000,0.000000,130,180,220,260,370,670,2400,2600,2700,2700,2700,275,0,130.0,250.71995133470574,37.58420899976045,2720.7615840015933,47333.90545454546
1791643246,10,,Aggregated,4.500000,0.000000,130,180,220,260,370,670,2400,2600,2700,2700,2700,277,0,130.0,249.85419371497244,37.58420899976045,2720.7615840015933,47329.440433213
1791643247,10,,Aggregated,4.300000,0.000000,130,180,220,250,360,670,2400,2600,2700,2700,2700,283,0,130.0,247.59771904966533,37.58420899976045,2720.7615840015933,46862.29681978799
1791643248,10,,Aggregated,4.700000,0.000000,130,180,220,250,360,670,2400,2600,2700,2700,2700,287,0,130.0,245.71097847405872,37.58420899976045,2720.7615840015933,47010.34146341463
1791643249,10,,Aggregated,4.700000,0.000000,130,180,210,250,350,670,2400,2600,2700,2700,2700,291,0,130.0,244.4725525122387,37.58420899976045,2720.7615840015933,47178.353951890036
1791643250,10,,Aggregated,4.400000,0.000000,130,180,220,250,350,670,2400,2600,2700,2700,2700,296,0,130.0,243.40267141571923,37.58420899976045,2720.7615840015933,48525.98648648649
1791643251,10,,Aggregated,4.600000,0.000000,130,180,220,250,350,670,2400,2600,2700,2700,2700,300,0,130.0,241.92017996683717,37.58420899976045,2720.7615840015933,48250.60333333333
1791643252,10,,Aggregated,4.400000,0.000000,130,180,210,250,350,630,2400,2600,2700,2700,2700,302,0,130.0,241.19348506970732,37.58420899976045,2720.7615840015933,48443.89072847682
1791643253,10,,Aggregated,4.400000,0.000000,130,180,210,250,350,630,2400,2600,2700,2700,2700,310,0,130.0,238.68799029693153,37.58420899976045,2720.7615840015933,49249.948387096774
1791643254,10,,Aggregated,4.400000,0.000000,130,180,210,250,330,630,2400,2600,2700,2700,2700,314,0,130.0,237.0824166371062,37.58420899976045,2720.7615840015933,49115.27388535032
1791643255,10,,Aggregated,4.500000,0.000000,130,180,210,250,330,630,2400,2600,2700,2700,2700,318,0,130.0,235.66586383032768,37.58420899976045,2720.7615840015933,49263.84905660377
1791643256,10,,Aggregated,4.500000,0.000000,130,180,210,250,330,620,2400,2600,2700,2700,2700,324,0,130.0,234.7767387840981,37.58420899976045,2720.7615840015933,48700.19135802469
1791643257,10,,Aggregated,4.400000,0.000000,130,180,210,250,330,620,2400,2600,2700,2700,2700,327,0,130.0,234.25803972797206,37.58420899976045,2720.7615840015933,48522.98165137615
1791643258,10,,Aggregated,4.300000,0.000000,130,180,210,250,330,620,2400,2600,2700,2700,2700,333,0,130.0,231.678930153312,37.58420899976045,2720.7615840015933,48231.474474474475
1791643259,10,,Aggregated,4.400000,0.000000,130,180,210,250,330,620,2400,2600,2700,2700,2700,339,0,130.0,230.74067512407,37.58420899976045,2720.7615840015933,48493.62831858407
1791643260,10,,Aggregated,4.500000,0.000000,130,180,210,250,330,610,2400,2600,2700,2700,2700,342,0,130.0,230.323597079107,37.58420899976045,2720.7615840015933,48353.58187134503
1791643261,10,,Aggregated,4.500000,0.000000,130,180,210,250,330,610,2400,2600,2700,2700,2700,347,0,130.0,228.50063482725687,37.58420899976045,2720.7615840015933,48315.547550432275
1791643262,10,,Aggregated,4.600000,0.000000,130,180,210,250,330,610,2400,2600,2700,2700,2700,350,0,130.0,227.71563236302296,37.58420899976045,2720.7615840015933,47962.177142857145
1791643263,10,,Aggregated,4.600000,0.000000,130,180,210,250,330,610,2200,2600,2700,2700,2700,356,0,130.0,228.63441314345098,37.58420899976045,2720.7615840015933,49387.38483146067
1791643264,10,,Aggregated,4.800000,0.000000,130,180,220,260,350,610,2200,2600,2700,2700,2700,360,0,130.0,229.45611700296365,37.58420899976045,2720.7615840015933,49580.63888888889
1791643265,10,,Aggregated,4.300000,0.000000,130,180,220,260,330,610,2200,2600,2700,2700,2700,364,0,130.0,228.3687718517995,37.58420899976045,2720.7615840015933,50734.03846153846
1791643266,10,,Aggregated,4.500000,0.000000,130,180,220,260,330,610,2200,2600,2700,2700,2700,370,0,130.0,226.83590381637111,36.52054099802626,2720.7615840015933,50082.19189189189
1791643267,10,,Aggregated,4.500000,0.000000,130,180,220,250,330,610,2200,2600,2700,2700,2700,375,0,130.0,225.0743025468546,36.52054099802626,2720.7615840015933,50512.28
1791643268,10,,Aggregated,4.900000,0.000000,130,180,220,250,330,610,2200,2600,2700,2700,2700,381,0,130.0,224.15769892143774,36.52054099802626,2720.7615840015933,50323.79527559055
1791643269,10,,Aggregated,4.600000,0.000000,130,180,220,250,330,610,2200,2600,2700,2700,2700,383,0,130.0,223.46313065292168,36.52054099802626,2720.7615840015933,50200.054830287205
1791643270,10,,Aggregated,4.700000,0.000000,130,180,210,250,330,610,2200,2600,2700,2700,2700,389,0,130.0,221.63632755029147,36.52054099802626,2720.7615840015933,49874.26735218509
1791643271,10,,Aggregated,4.500000,0.000000,130,170,210,250,320,610,2200,2600,2700,2700,2700,394,0,130.0,220.02160945446818,36.52054099802626,2720.7615840015933,49675.45431472081
1791643272,10,,Aggregated,4.600000,0.000000,130,180,210,250,330,610,2200,2600,2700,2700,2700,397,0,130.0,220.10441519661194,36.52054099802626,2720.7615840015933,49908.67002518892
1791643273,10,,Aggregated,4.700000,0.000000,130,180,210,250,320,500,2200,2500,2700,2700,2700,404,0,130.0,219.1317549481712,36.52054099802626,2720.7615840015933,52073.2202970297
1791643274,10,,Aggregated,4.600000,0.000000,130,180,210,250,320,500,2200,2500,2700,2700,2700,405,0,130.0,219.27979084211086,36.52054099802626,2720.7615840015933,51957.027160493824
1791643275,10,,Aggregated,4.800000,0.000000,130,180,210,250,320,500,2200,2500,2700,2700,2700,409,0,130.0,218.9197039512307,36.52054099802626,2720.7615840015933,51597.30562347188
1791643276,10,,Aggregated,4.800000,0.000000,130,180,220,250,320,500,2200,2500,2700,2700,2700,415,0,130.0,217.94379287001715,36.52054099802626,2720.7615840015933,51143.27951807229
1791643277,10,,Aggregated,4.500000,0.000000,130,180,220,250,320,500,2200,2500,2700,2700,2700,419,0,130.0,217.19959556098848,36.52054099802626,2720.7615840015933,51196.64200477327
1791643278,10,,Aggregated,4.600000,0.000000,130,180,220,250,320,450,2200,2500,2700,2700,2700,426,0,130.0,215.8638192418786,36.52054099802626,2720.7615840015933,50681.366197183095
1791643279,10,,Aggregated,4.600000,0.000000,130,180,220,250,320,450,2200,2500,2700,2700,2700,430,0,130.0,215.55154485824968,36.52054099802626,2720.7615840015933,50265.7
1791643280,10,,Aggregated,4.300000,0.000000,130,180,220,250,310,450,2200,2500,2700,2700,2700,436,0,130.0,214.18417879596427,36.52054099802626,2720.7615840015933,50083.12155963303
1791643281,10,,Aggregated,4.800000,0.000000,130,180,210,250,310,450,2200,2500,2700,2700,2700,440,0,130.0,213.04973048420587,36.52054099802626,2720.7615840015933,49753.913636363635
1791643282,10,,Aggregated,4.700000,0.000000,130,170,210,250,310,440,2200,2500,2700,2700,2700,443,0,130.0,212.37601965022182,36.52054099802626,2720.7615840015933,50084.17381489842
1791643283,10,,Aggregated,4.700000,0.000000,130,170,210,250,310,440,2200,2500,2700,2700,2700,449,0,130.0,211.52910578180257,36.52054099802626,2720.7615840015933,50609.249443207125
1791643284,10,,Aggregated,4.600000,0.000000,130,170,210,250,310,440,1200,2500,2700,2700,2700,453,0,130.0,210.91249226499966,36.52054099802626,2720.7615840015933,50247.60706401766
1791643285,10,,Aggregated,4.900000,0.000000,130,170,210,250,310,440,1200,2500,2700,2700,2700,459,0,130.0,209.19351469726828,36.52054099802626,2720.7615840015933,50295.05446623094
1791643286,10,,Aggregated,4.900000,0.000000,130,170,200,250,300,440,1200,2500,2700,2700,2700,463,0,130.0,208.37929588778698,36.52054099802626,2720.7615840015933,50548.414686825054
1791643287,10,,Aggregated,5.000000,0.000000,130,170,200,250,300,440,1200,2500,2700,2700,2700,469,0,130.0,207.5426329830428,36.52054099802626,2720.7615840015933,51237.94029850746
1791643288,10,,Aggregated,4.800000,0.000000,130,170,200,250,300,440,1200,2500,2700,2700,2700,472,0,130.0,206.68644357638033,36.52054099802626,2720.7615840015933,51142.754237288136
1791643289,10,,Aggregated,4.700000,0.000000,130,170,200,250,300,440,1200,2500,2700,2700,2700,477,0,130.0,205.7769316751445,32.82345800107578,2720.7615840015933,50845.82180293501
1791643290,10,,Aggregated,4.900000,0.000000,120,170,200,250,300,440,1200,2500,2700,2700,2700,482,0,120.0,204.44250543162175,32.82345800107578,2720.7615840015933,50668.572614107885
1791643291,10,,Aggregated,4.700000,0.000000,120,170,200,250,300,440,1200,2500,2700,2700,2700,489,0,120.0,203.46657914525375,32.82345800107578,2720.7615840015933,50651.188139059304
1791643292,10,,Aggregated,4.700000,0.000000,120,170,200,250,300,440,1200,2500,2700,2700,2700,493,0,120.0,202.42345908119918,32.82345800107578,2720.7615840015933,50368.11359026369
1791643293,10,,Aggregated,4.800000,0.000000,120,170,200,250,300,440,1200,2500,2700,2700,2700,498,0,120.0,202.16241874505616,32.82345800107578,2720.7615840015933,50147.69277108434
1791643294,10,,Aggregated,4.900000,0.000000,120,170,200,250,300,440,910,2400,2700,2700,2700,504,0,120.0,201.02157034134075,32.82345800107578,2720.7615840015933,50176.11309523809
1791643295,10,,Aggregated,4.600000,0.000000,120,170,200,250,300,440,910,2400,2700,2700,2700,508,0,120.0,200.96487072250034,32.82345800107578,2720.7615840015933,49918.95669291339
1791643296,10,,Aggregated,4.900000,0.000000,120,170,200,250,300,440,910,2400,2700,2700,2700,512,0,120.0,200.83349868949085,32.82345800107578,2720.7615840015933,49946.884765625
1791643297,10,,Aggregated,4.700000,0.000000,120,170,200,240,300,440,910,2400,2700,2700,2700,518,0,120.0,199.79289719116542,32.82345800107578,2720.7615840015933,49601.318532818535
1791643298,10,,Aggregated,4.800000,0.000000,120,170,200,240,290,430,910,2400,2700,2700,2700,525,0,120.0,198.45447062480076,32.82345800107578,2720.7615840015933,49240.76571428571
1791643299,10,,Aggregated,5.200000,0.000000,120,170,200,240,300,430,910,2400,2700,2700,2700,530,0,120.0,198.23173284912284,32.82345800107578,2720.7615840015933,49205.20943396226
1791643300,10,,Aggregated,5.100000,0.000000,120,170,200,240,300,430,910,2400,2700,2700,2700,534,0,120.0,198.58331943452342,32.82345800107578,2720.7615840015933,49233.9925093633
1791643301,10,,Aggregated,5.000000,0.000000,120,170,200,240,290,420,910,2400,2700,2700,2700,541,0,120.0,197.69350291873081,32.82345800107578,2720.7615840015933,49224.44731977819
1791643302,10,,Aggregated,5.300000,0.000000,120,170,200,240,290,420,910,2400,2700,2700,2700,546,0,120.0,197.59786735903285,32.82345800107578,2720.7615840015933,49008.09523809524
1791643303,10,,Aggregated,5.100000,0.000000,120,170,200,240,290,420,900,2400,2700,2700,2700,552,0,120.0,197.4722530091205,32.82345800107578,2720.7615840015933,50477.50362318841
1791643304,10,,Aggregated,5.300000,0.000000,120,170,200,240,290,420,900,2400,2700,2700,2700,554,0,120.0,197.26164206142315,32.82345800107578,2720.7615840015933,50463.92238267148
1791643305,10,,Aggregated,5.300000,0.000000,120,170,200,240,290,420,900,2400,2700,2700,2700,560,0,120.0,196.2929859268375,32.82345800107578,2720.7615840015933,50204.74821428571
1791643306,10,,Aggregated,5.200000,0.000000,120,170,200,240,290,400,900,2400,2700,2700,2700,565,0,120.0,195.49740721597553,32.82345800107578,2720.7615840015933,49890.27079646018
1791643307,10,,Aggregated,5.200000,0.000000,120,170,200,240,290,400,900,2400,2700,2700,2700,570,0,120.0,195.268478719344,32.82345800107578,2720.7615840015933,49544.33157894737
1791643308,10,,Aggregated,5.000000,0.000000,120,170,200,240,290,410,900,2400,2700,2700,2700,573,0,120.0,195.24244559691272,32.82345800107578,2720.7615840015933,50321.33507853403
1791643309,10,,Aggregated,5.100000,0.000000,120,170,200,240,290,400,900,2400,2700,2700,2700,581,0,120.0,194.26811602587367,32.82345800107578,2720.7615840015933,50153.039586919105
1791643310,10,,Aggregated,5.000000,0.000000,120,170,200,240,290,400,900,2400,2700,2700,2700,583,0,120.0,194.1401655849638,32.82345800107578,2720.7615840015933,50051.35849056604
1791643311,10,,Aggregated,5.000000,0.000000,120,170,200,240,290,400,900,2400,2700,2700,2700,590,0,120.0,193.83078304581124,32.82345800107578,2720.7615840015933,49859.764406779665
1791643312,10,,Aggregated,4.900000,0.000000,120,170,200,240,290,400,900,2400,2700,2700,2700,594,0,120.0,193.52026150003016,32.82345800107578,2720.7615840015933,50740.65993265993
1791643313,10,,Aggregated,4.800000,0.000000,120,170,200,240,290,400,900,2400,2700,2700,2700,600,0,120.0,192.3207454816899,32.82345800107578,2720.7615840015933,50465.88166666667
1791643314,10,,Aggregated,4.700000,0.000000,120,170,200,240,290,400,890,2400,2700,2700,2700,604,0,120.0,191.8302526838,32.82345800107578,2720.7615840015933,50158.96688741722
1791643315,10,,Aggregated,4.800000,0.000000,120,170,190,240,290,400,890,2400,2700,2700,2700,606,0,120.0,191.4237999802269,32.82345800107578,2720.7615840015933,50071.689768976896
1791643316,10,,Aggregated,5.000000,0.000000,120,170,190,240,290,400,890,2400,2700,2700,2700,613,0,120.0,190.70497151388923,32.82345800107578,2720.7615840015933,49961.747145187604
1791643317,10,,Aggregated,4.900000,0.000000,120,170,190,240,290,400,890,2400,2700,2700,2700,615,0,120.0,190.35511916750337,32.82345800107578,2720.7615840015933,49900.590243902436
1791643318,10,,Aggregated,4.800000,0.000000,120,160,190,240,290,400,890,2400,2700,2700,2700,622,0,120.0,189.3038833665809,32.82345800107578,2720.7615840015933,50121.80064308682
1791643319,10,,Aggregated,4.600000,0.000000,120,160,190,240,290,400,890,2400,2700,2700,2700,626,0,120.0,188.88142118533122,32.82345800107578,2720.7615840015933,50050.12300319489
1791643320,10,,Aggregated,4.600000,0.000000,120,160,190,240,280,400,890,2400,2700,2700,2700,631,0,120.0,188.17059659908202,32.82345800107578,2720.7615840015933,50071.286846275754
1791643321,10,,Aggregated,4.700000,0.000000,120,160,190,240,280,400,890,2400,2700,2700,2700,636,0,120.0,187.8321957484566,32.82345800107578,2720.7615840015933,49778.46855345912
1791643322,10,,Aggregated,4.500000,0.000000,120,160,190,240,280,400,890,2400,2700,2700,2700,641,0,120.0,187.7266048440377,32.82345800107578,2720.7615840015933,50753.37129485179
1791643323,10,,Aggregated,4.800000,0.000000,120,160,190,240,280,400,890,2400,2700,2700,2700,645,0,120.0,187.65956453182383,32.82345800107578,2720.7615840015933,52205.07751937985
1791643324,10,,Aggregated,4.800000,0.000000,120,160,190,240,280,400,670,2400,2700,2700,2700,651,0,120.0,188.49549257300114,32.82345800107578,2720.7615840015933,52184.674347158216
1791643325,10,,Aggregated,4.500000,0.000000,120,160,190,240,280,400,670,2400,2700,2700,2700,654,0,120.0,188.1492928761917,32.82345800107578,2720.7615840015933,52040.125382262995
1791643326,10,,Aggregated,4.400000,0.000000,120,160,190,240,290,400,670,2400,2700,2700,2700,659,0,120.0,188.30835976028575,32.82345800107578,2720.7615840015933,51804.253414264036
1791643327,10,,Aggregated,4.800000,0.000000,120,170,200,240,290,400,670,2400,2700,2700,2700,664,0,120.0,188.38593517625395,32.82345800107578,2720.7615840015933,52012.0391566265
1791643328,10,,Aggregated,4.700000,0.000000,120,170,200,240,290,400,670,2400,2700,2700,2700,669,0,120.0,188.89470098359692,32.82345800107578,2720.7615840015933,51830.58295964126
1791643329,10,,Aggregated,4.700000,0.000000,120,170,200,240,290,400,670,2400,2700,2700,2700,674,0,120.0,188.20563328194575,32.82345800107578,2720.7615840015933,51905.63353115727
1791643330,10,,Aggregated,4.900000,0.000000,120,170,190,240,290,400,670,2400,2700,2700,2700,682,0,120.0,187.18937634166704,32.82345800107578,2720.7615840015933,52186.23607038123
1791643331,10,,Aggregated,4.700000,0.000000,120,170,190,240,290,400,670,2400,2700,2700,2700,686,0,120.0,187.10012840088925,32.82345800107578,2720.7615840015933,52739.371720116615
1791643332,10,,Aggregated,5.200000,0.000000,120,170,200,240,290,400,670,2400,2700,2700,2700,692,0,120.0,186.9245332355483,32.82345800107578,2720.7615840015933,53545.89306358381
1791643333,10,,Aggregated,4.900000,0.000000,120,170,190,240,290,400,670,2400,2700,2700,2700,695,0,120.0,186.55817847624178,32.82345800107578,2720.7615840015933,53458.65899280576
1791643334,10,,Aggregated,4.800000,0.000000,120,170,190,240,290,400,670,2400,2700,2700,2700,700,0,120.0,186.1546173199687,32.82345800107578,2720.7615840015933,53212.90571428571
1791643335,10,,Aggregated,5.200000,0.000000,120,170,190,240,290,400,670,2200,2700,2700,2700,703,0,120.0,186.13930986056317,32.82345800107578,2720.7615840015933,53535.19772403983
1791643336,10,,Aggregated,5.200000,0.000000,120,170,190,240,290,400,670,2200,2700,2700,2700,708,0,120.0,186.13674523020958,32.82345800107578,2720.7615840015933,54446.64548022599
1791643337,10,,Aggregated,4.700000,0.000000,120,170,190,240,290,400,670,2200,2700,2700,2700,713,0,120.0,185.82761214025496,32.82345800107578,2720.7615840015933,54957.3492286115
1791643338,10,,Aggregated,4.800000,0.000000,120,170,190,240,290,400,670,2200,2700,2700,2700,718,0,120.0,185.56616079944013,32.82345800107578,2720.7615840015933,55024.525069637886
1791643339,10,,Aggregated,4.700000,0.000000,120,170,190,240,290,400,670,2200,2700,2700,2700,720,0,120.0,185.39375410138948,32.82345800107578,2720.7615840015933,55004.15416666667
1791643340,10,,Aggregated,4.900000,0.000000,120,170,190,240,290,400,670,2200,2700,2700,2700,727,0,120.0,185.25644056121294,32.82345800107578,2720.7615840015933,54851.530949105916
1791643341,10,,Aggregated,4.800000,0.000000,120,170,190,240,290,400,670,2200,2700,2700,2700,731,0,120.0,184.98897685226197,32.82345800107578,2720.7615840015933,54663.373461012314
1791643342,10,,Aggregated,4.400000,0.000000,120,170,190,240,290,400,670,2200,2700,2700,2700,738,0,120.0,184.42340057045226,32.82345800107578,2720.7615840015933,54835.424119241194
1791643343,10,,Aggregated,4.600000,0.000000,120,160,190,240,280,390,670,2200,2700,2700,2700,741,0,120.0,184.04793173143298,32.82345800107578,2720.7615840015933,54689.85560053981
1791643344,10,,Aggregated,4.600000,0.000000,120,160,190,240,280,390,670,2200,2700,2700,2700,748,0,120.0,183.6605796510373,32.82345800107578,2720.7615840015933,54401.91711229947
1791643345,10,,Aggregated,4.700000,0.000000,120,160,190,240,280,390,630,2200,2700,2700,2700,751,0,120.0,183.36505941540833,32.82345800107578,2720.7615840015933,54285.33422103862
1791643346,10,,Aggregated,4.500000,0.000000,120,160,190,240,280,390,630,2200,2700,2700,2700,757,0,120.0,183.2129784728788,32.82345800107578,2720.7615840015933,53973.307793923384
1791643347,10,,Aggregated,4.900000,0.000000,120,160,190,240,280,380,630,2200,2700,2700,2700,761,0,120.0,183.08310084883323,32.82345800107578,2720.7615840015933,54408.76741130092
1791643348,10,,Aggregated,4.800000,0.000000,120,160,190,240,280,380,630,2200,2700,2700,2700,764,0,120.0,182.95520565570482,32.82345800107578,2720.7615840015933,54959.34947643979
1791643349,10,,Aggregated,4.900000,0.000000,120,160,190,240,280,380,630,2200,2700,2700,2700,772,0,120.0,183.0661014623941,32.82345800107578,2720.7615840015933,54629.68652849741
1791643350,10,,Aggregated,4.700000,0.000000,120,160,190,240,290,380,630,2200,2700,2700,2700,777,0,120.0,183.25290336033177,32.82345800107578,2720.7615840015933,54643.66023166023
1791643351,10,,Aggregated,4.800000,0.000000,120,160,190,240,290,380,630,2200,2700,2700,2700,780,0,120.0,183.15940634996738,32.82345800107578,2720.7615840015933,54560.18846153846
1791643352,10,,Aggregated,5.000000,0.000000,120,170,200,240,290,400,670,2200,2700,2700,2700,786,0,120.0,186.47705342743876,32.82345800107578,2720.7615840015933,54481.5203562341
1791643353,10,,Aggregated,4.900000,0.000000,120,170,200,240,290,400,750,2200,2700,2700,2700,789,0,120.0,187.20665123823886,32.82345800107578,2720.7615840015933,54579.065906210395
1791643354,10,,Aggregated,4.800000,0.000000,120,170,200,240,290,400,750,2200,2700,2700,2700,795,0,120.0,186.79330434084397,32.82345800107578,2720.7615840015933,54474.441509433964
1791643355,10,,Aggregated,4.700000,0.000000,120,170,190,240,290,400,670,2200,2700,2700,2700,801,0,120.0,186.14254181393767,32.82345800107578,2720.7615840015933,54159.61173533084
1791643356,10,,Aggregated,4.800000,0.000000,120,170,190,240,290,400,670,2200,2700,2700,2700,805,0,120.0,185.9730851887841,32.82345800107578,2720.7615840015933,54210.51304347826
1791643357,10,,Aggregated,4.700000,0.000000,120,170,190,240,290,400,670,2200,2700,2700,2700,809,0,120.0,186.0423178751319,32.82345800107578,2720.7615840015933,54722.55129789864
1791643358,10,,Aggregated,5.000000,0.000000,120,170,190,240,290,400,670,2200,2700,2700,2700,816,0,120.0,185.69271884556585,32.82345800107578,2720.7615840015933,55239.07965686275
1791643359,10,,Aggregated,4.900000,0.000000,120,170,200,240,290,400,670,2200,2700,2700,2700,818,0,120.0,185.81997034838565,32.82345800107578,2720.7615840015933,55987.106356968216
1791643360,10,,Aggregated,4.800000,0.000000,120,170,190,240,290,400,670,2200,2700,2700,2700,825,0,120.0,185.45372357937705,32.82345800107578,2720.7615840015933,55982.22787878788
1791643361,10,,Aggregated,5.100000,0.000000,120,170,200,240,290,400,670,2200,2700,2700,2700,827,0,120.0,185.41400049816576,32.82345800107578,2720.7615840015933,55909.18742442563
1791643362,10,,Aggregated,4.600000,0.000000,120,170,190,240,290,400,670,2200,2700,2700,2700,835,0,120.0,184.73364540476325,32.82345800107578,2720.7615840015933,55727.04311377245
1791643363,10,,Aggregated,4.800000,0.000000,120,170,190,240,290,400,670,2200,2700,2700,2700,837,0,120.0,184.97846017082009,32.82345800107578,2720.7615840015933,55816.91039426524
1791643364,10,,Aggregated,4.900000,0.000000,120,170,190,240,290,400,670,2200,2700,2700,2700,840,0,120.0,184.8896575368902,32.82345800107578,2720.7615840015933,55916.663095238095
1791643365,10,,Aggregated,4.900000,0.000000,120,170,200,240,290,400,670,2200,2700,2700,2700,847,0,120.0,184.62096693975693,32.82345800107578,2720.7615840015933,56315.05194805195
1791643366,10,,Aggregated,4.600000,0.000000,120,170,190,240,290,400,670,2200,2700,2700,2700,850,0,120.0,184.40588725173524,32.82345800107578,2720.7615840015933,56167.403529411764
1791643367,10,,Aggregated,4.600000,0.000000,120,170,200,240,290,400,670,2200,2700,2700,2700,855,0,120.0,184.28478279412786,32.82345800107578,2720.7615840015933,56818.231578947365
1791643368,10,,Aggregated,4.500000,0.000000,130,170,200,240,290,400,670,2200,2700,2700,2700,860,0,120.0,184.03789374764486,32.82345800107578,2720.7615840015933,57071.56511627907
1791643369,10,,Aggregated,4.400000,0.000000,130,170,200,240,290,400,670,2200,2700,2700,2700,865,0,130.0,184.98886271557035,32.82345800107578,2720.7615840015933,57605.2323699422
1791643370,10,,Aggregated,4.500000,0.000000,130,170,200,240,290,400,670,2200,2700,2700,2700,869,0,130.0,185.04400738202386,32.82345800107578,2720.7615840015933,57826.70080552359
1791643371,10,,Aggregated,4.300000,0.000000,130,170,200,240,290,400,670,2200,2700,2700,2700,873,0,130.0,184.83340301257752,32.82345800107578,2720.7615840015933,58388.264604811
1791643372,10,,Aggregated,4.700000,0.000000,130,170,200,240,290,400,670,2200,2700,2700,2700,880,0,130.0,184.2474518908768,32.82345800107578,2720.7615840015933,58077.13977272727
1791643373,10,,Aggregated,4.400000,0.000000,130,170,200,240,290,400,670,2200,2700,2700,2700,884,0,130.0,184.093073054265,32.82345800107578,2720.7615840015933,58663.68552036199
1791643374,10,,Aggregated,4.400000,0.000000,130,170,200,240,290,400,670,2200,2700,2700,2700,890,0,130.0,183.56463599883367,32.82345800107578,2720.7615840015933,58530.66966292135
1791643375,10,,Aggregated,4.500000,0.000000,120,170,190,240,290,400,670,2200,2700,2700,2700,895,0,120.0,183.14539599325053,32.82345800107578,2720.7615840015933,58406.25363128492
1791643376,10,,Aggregated,4.700000,0.000000,120,170,190,240,290,400,670,2200,2700,2700,2700,898,0,120.0,182.90244269372,32.82345800107578,2720.7615840015933,58390.475501113586
1791643377,10,,Aggregated,4.800000,0.000000,120,170,190,240,290,400,630,1200,2700,2700,2700,906,0,120.0,182.46907091274676,32.82345800107578,2720.7615840015933,58748.00220750552
1791643378,10,,Aggregated,4.800000,0.000000,120,170,190,240,290,400,630,1200,2700,2700,2700,908,0,120.0,182.26885659466345,32.82345800107578,2720.7615840015933,58723.72577092511
1791643379,10,,Aggregated,4.800000,0.000000,120,160,190,240,280,400,630,1200,2700,2700,2700,914,0,120.0,181.8684322548761,32.82345800107578,2720.7615840015933,58707.89496717724
1791643380,10,,Aggregated,5.100000,0.000000,120,160,190,240,280,400,630,1200,2700,2700,2700,919,0,120.0,181.47718878993842,32.82345800107578,2720.7615840015933,58523.108813928186
1791643381,10,,Aggregated,4.900000,0.000000,120,160,190,240,280,390,630,1200,2700,2700,2700,921,0,120.0,181.26677225510605,32.82345800107578,2720.7615840015933,58458.70466883822
1791643382,10,,Aggregated,4.800000,0.000000,120,160,190,240,280,390,630,1200,2700,2700,2700,928,0,120.0,180.7123306799236,32.82345800107578,2720.7615840015933,58174.55495689655
1791643383,10,,Aggregated,5.000000,0.000000,120,160,190,240,280,390,630,1200,2700,2700,2700,930,0,120.0,180.52318771932272,32.82345800107578,2720.7615840015933,58080.67741935484
1791643384,10,,Aggregated,4.800000,0.000000,120,160,190,240,280,390,630,1200,2700,2700,2700,936,0,120.0,180.37138892838198,32.82345800107578,2720.7615840015933,58525.21581196581
1791643386,10,,Aggregated,4.700000,0.000000,120,160,190,240,280,390,630,1200,2700,2700,2700,939,0,120.0,180.24296565064716,32.82345800107578,2720.7615840015933,58351.617678381255
1791643387,10,,Aggregated,4.600000,0.000000,120,160,190,240,280,390,630,1200,2700,2700,2700,943,0,120.0,180.01811925128246,32.82345800107578,2720.7615840015933,58167.91198303287
1791643388,10,,Aggregated,4.600000,0.000000,120,160,190,240,280,390,630,1200,2700,2700,2700,950,0,120.0,179.64889793469888,32.82345800107578,2720.7615840015933,58251.88947368421
1791643389,10,,Aggregated,4.400000,0.000000,120,160,190,240,280,390,620,1200,2700,2700,2700,954,0,120.0,179.38786717920038,32.82345800107578,2720.7615840015933,58072.77463312369
1791643390,10,,Aggregated,4.500000,0.000000,120,160,190,240,280,390,620,1200,2700,2700,2700,958,0,120.0,179.2507868371168,32.82345800107578,2720.7615840015933,57969.75887265136
1791643391,10,,Aggregated,4.500000,0.000000,120,160,190,230,280,380,620,1200,2700,2700,2700,963,0,120.0,179.0443605472015,32.82345800107578,2720.7615840015933,57813.1277258567
1791643392,10,,Aggregated,4.500000,0.000000,120,160,190,230,280,380,620,1200,2700,2700,2700,966,0,120.0,178.72428636123828,32.82345800107578,2720.7615840015933,57735.68530020704
1791643393,10,,Aggregated,4.300000,0.000000,120,160,190,230,280,380,620,1200,2700,2700,2700,972,0,120.0,178.4486452334883,32.82345800107578,2720.7615840015933,58029.298353909464
1791643394,10,,Aggregated,4.300000,0.000000,120,160,190,230,280,380,620,1200,2700,2700,2700,976,0,120.0,178.15692038007523,32.82345800107578,2720.7615840015933,57907.64241803279
1791643395,10,,Aggregated,4.500000,0.000000,120,160,190,230,280,380,620,1200,2700,2700,2700,978,0,120.0,178.2243070878941,32.82345800107578,2720.7615840015933,57841.37423312884
1791643396,10,,Aggregated,4.300000,0.000000,120,160,190,240,280,370,620,1200,2700,2700,2700,984,0,120.0,178.31262059447673,32.82345800107578,2720.7615840015933,58169.15853658537
1791643397,10,,Aggregated,4.600000,0.000000,120,160,190,230,280,370,620,1200,2700,2700,2700,989,0,120.0,177.96261185436364,32.82345800107578,2720.7615840015933,58024.76137512639
1791643398,10,,Aggregated,4.200000,0.000000,120,160,190,230,280,370,620,1200,2700,2700,2700,990,0,120.0,177.88570042016957,32.82345800107578,2720.7615840015933,57971.746464646465
1791643399,10,,Aggregated,4.500000,0.000000,120,160,190,230,280,370,620,1200,2700,2700,2700,996,0,120.0,177.62819046983492,32.82345800107578,2720.7615840015933,57891.26305220884
1791643400,10,,Aggregated,4.600000,0.000000,120,160,190,230,280,370,610,960,2700,2700,2700,1001,0,120.0,177.66869742752772,32.82345800107578,2720.7615840015933,58152.545454545456
1791643401,10,,Aggregated,4.000000,0.000000,120,160,190,230,280,370,610,960,2700,2700,2700,1006,0,120.0,177.28071226834732,32.82345800107578,2720.7615840015933,58080.765407554674
1791643402,10,,Aggregated,4.200000,0.000000,120,160,190,230,280,370,610,960,2700,2700,2700,1009,0,120.0,177.14565762335573,32.82345800107578,2720.7615840015933,58063.93161546085
1791643403,10,,Aggregated,4.300000,0.000000,120,160,190,230,280,370,610,960,2700,2700,2700,1013,0,120.0,177.1024144451715,32.82345800107578,2720.7615840015933,58278.46396841066
1791643404,10,,Aggregated,4.400000,0.000000,120,160,190,230,280,370,610,960,2700,2700,2700,1019,0,120.0,176.9407803012271,32.82345800107578,2720.7615840015933,58245.77625122669
1791643405,10,,Aggregated,4.300000,0.000000,120,160,190,230,280,360,610,960,2700,2700,2700,1022,0,120.0,177.18390774065475,32.82345800107578,2720.7615840015933,58151.01761252446
1791643406,10,,Aggregated,4.300000,0.000000,120,160,190,230,280,370,630,1100,2700,2700,2700,1024,0,120.0,178.8670742626408,32.82345800107578,2720.7615840015933,58052.38671875
1791643407,10,,Aggregated,4.400000,0.000000,120,160,190,240,280,400,820,1200,2700,2700,2700,1029,0,120.0,183.34161949652864,32.82345800107578,2720.7615840015933,57925.82021379981
1791643408,10,,Aggregated,4.400000,0.000000,120,170,190,240,290,400,900,1200,2700,2700,2700,1032,0,120.0,185.8307764495498,32.82345800107578,2720.7615840015933,57802.23643410853
1791643409,10,,Aggregated,3.800000,0.000000,120,170,190,240,290,400,900,1200,2700,2700,2700,1038,0,120.0,185.70301252787402,32.82345800107578,2720.7615840015933,58601.03853564547
1791643410,10,,Aggregated,4.200000,0.000000,120,170,190,240,290,400,900,1200,2700,2700,2700,1041,0,120.0,185.58921442068493,32.82345800107578,2720.7615840015933,58465.32564841498
1791643411,10,,Aggregated,4.200000,0.000000,130,170,190,240,290,400,900,1200,2700,2700,2700,1047,0,130.0,185.5043887334716,32.82345800107578,2720.7615840015933,58518.31423113658
1791643412,10,,Aggregated,4.200000,0.000000,120,170,190,240,280,400,890,1200,2700,2700,2700,1052,0,120.0,184.9984630883542,32.82345800107578,2720.7615840015933,58317.94771863118
1791643413,10,,Aggregated,3.900000,0.000000,120,160,190,240,280,400,890,1200,2700,2700,2700,1058,0,120.0,184.47412322869383,32.82345800107578,2720.7615840015933,58321.11153119092
1791643414,10,,Aggregated,4.100000,0.000000,120,160,190,240,280,400,890,1200,2700,2700,2700,1065,0,120.0,184.254070071333,32.82345800107578,2720.7615840015933,58132.8647887324
1791643415,10,,Aggregated,4.300000,0.000000,120,160,190,240,290,400,890,1200,2700,2700,2700,1067,0,120.0,184.56599668132094,32.82345800107578,2720.7615840015933,58071.04029990628
1791643416,10,,Aggregated,4.600000,0.000000,130,170,190,240,290,410,890,1200,2700,2700,2700,1072,0,120.0,186.1401103861586,32.82345800107578,2720.7615840015933,58204.352611940296
1791643417,10,,Aggregated,4.600000,0.000000,130,170,200,240,290,420,890,1200,2700,2700,2700,1076,0,130.0,186.96318626204382,32.82345800107578,2720.7615840015933,58564.63847583643
1791643418,10,,Aggregated,4.800000,0.000000,130,170,200,240,290,420,890,1200,2700,2700,2700,1080,0,130.0,186.80705582681657,32.82345800107578,2720.7615840015933,58451.67685185185
1791643419,10,,Aggregated,4.800000,0.000000,130,170,200,240,290,410,890,1200,2700,2700,2700,1087,0,130.0,186.4287412216795,32.82345800107578,2720.7615840015933,58440.066237350504
1791643420,10,,Aggregated,4.700000,0.000000,130,170,190,240,290,410,890,1200,2700,2700,2700,1092,0,130.0,186.24260447249847,32.82345800107578,2720.7615840015933,58546.19047619047
1791643421,10,,Aggregated,4.700000,0.000000,130,170,190,240,290,410,890,1200,2700,2700,2700,1094,0,130.0,186.04953405023915,32.82345800107578,2720.7615840015933,58525.325411334554
1791643422,10,,Aggregated,4.700000,0.000000,130,170,190,240,290,410,890,1200,2700,2700,2700,1100,0,130.0,185.63189920542672,32.82345800107578,2720.7615840015933,58365.714545454546
1791643423,10,,Aggregated,5.000000,0.000000,130,170,190,240,290,400,870,1200,2700,2700,2700,1103,0,130.0,185.640484588369,32.82345800107578,2720.7615840015933,58726.10154125113
1791643424,10,,Aggregated,4.800000,0.000000,130,170,190,240,290,400,870,1200,2700,2700,2700,1110,0,130.0,185.37033055762802,32.82345800107578,2720.7615840015933,58462.46756756757
1791643425,10,,Aggregated,4.500000,0.000000,130,170,190,240,290,400,870,1200,2700,2700,2700,1114,0,130.0,185.3665809407244,32.82345800107578,2720.7615840015933,58344.57719928187
1791643426,10,,Aggregated,4.500000,0.000000,130,170,190,240,290,400,870,1200,2700,2700,2700,1116,0,130.0,185.3252109847412,32.82345800107578,2720.7615840015933,58276.77867383513
1791643427,10,,Aggregated,4.600000,0.000000,130,170,190,240,290,400,870,1200,2700,2700,2700,1124,0,130.0,184.7531089118989,32.82345800107578,2720.7615840015933,58255.76957295374
1791643428,10,,Aggregated,4.600000,0.000000,130,170,190,240,290,400,870,1200,2700,2700,2700,1126,0,120.0,184.54785420513133,32.82345800107578,2720.7615840015933,58206.58880994671
1791643429,10,,Aggregated,4.600000,0.000000,120,160,190,240,290,400,870,1200,2700,2700,2700,1131,0,120.0,184.25641792040628,32.82345800107578,2720.7615840015933,58470.58709106985
1791643430,10,,Aggregated,4.700000,0.000000,120,160,190,240,290,400,870,1200,2700,2700,2700,1138,0,120.0,183.95317073197182,32.82345800107578,2720.7615840015933,58530.94463971881
1791643431,10,,Aggregated,4.500000,0.000000,120,160,190,240,290,400,870,1200,2700,2700,2700,1141,0,120.0,183.91824189394364,32.82345800107578,2720.7615840015933,58907.96844872918
1791643432,10,,Aggregated,4.600000,0.000000,130,160,190,240,290,400,870,1200,2700,2700,2700,1148,0,120.0,183.75120630225737,32.82345800107578,2720.7615840015933,59460.034843205576
1791643433,10,,Aggregated,4.500000,0.000000,120,160,190,240,290,400,840,1200,2700,2700,2700,1152,0,120.0,183.39405957117253,32.82345800107578,2720.7615840015933,59312.02517361111
1791643434,10,,Aggregated,4.600000,0.000000,120,160,190,240,290,400,840,1200,2700,2700,2700,1156,0,120.0,183.11594463753158,32.82345800107578,2720.7615840015933,59365.74826989619
1791643435,10,,Aggregated,4.800000,0.000000,120,160,190,240,290,400,840,1200,2700,2700,2700,1163,0,120.0,183.02432942818635,32.82345800107578,2720.7615840015933,59249.70335339639
1791643436,10,,Aggregated,4.800000,0.000000,120,160,190,240,290,400,840,1200,2700,2700,2700,1165,0,120.0,182.83172002831142,32.82345800107578,2720.7615840015933,59188.62145922747
1791643437,10,,Aggregated,4.800000,0.000000,120,160,190,240,290,400,840,1200,2700,2700,2700,1170,0,120.0,182.53275975724907,32.82345800107578,2720.7615840015933,59122.34273504274
1791643438,10,,Aggregated,4.800000,0.000000,120,160,190,240,280,400,840,1200,2700,2700,2700,1175,0,120.0,182.54714340338745,32.82345800107578,2720.7615840015933,59356.77021276596
1791643439,10,,Aggregated,4.700000,0.000000,120,160,190,240,280,400,840,1200,2700,2700,2700,1181,0,120.0,182.38090145891616,32.82345800107578,2720.7615840015933,59317.732430143944
1791643440,10,,Aggregated,4.700000,0.000000,120,160,190,240,280,400,840,1200,2700,2700,2700,1183,0,120.0,182.23836731950394,32.82345800107578,2720.7615840015933,59233.25528317836
1791643441,10,,Aggregated,4.900000,0.000000,120,160,190,240,280,400,840,1200,2700,2700,2700,1190,0,120.0,182.04158658820631,32.82345800107578,2720.7615840015933,59713.33529411765
1791643442,10,,Aggregated,4.700000,0.000000,130,160,190,240,280,400,840,1200,2700,2700,2700,1194,0,120.0,181.9353326339767,32.82345800107578,2720.7615840015933,59712.28978224456
1791643443,10,,Aggregated,5.100000,0.000000,120,160,190,240,280,400,840,1200,2700,2700,2700,1200,0,120.0,181.5782619416374,32.82345800107578,2720.7615840015933,59693.915
1791643444,10,,Aggregated,4.700000,0.000000,120,160,190,230,280,400,820,1100,2700,2700,2700,1204,0,120.0,181.39447186209912,32.82345800107578,2720.7615840015933,59598.536544850496
1791643445,10,,Aggregated,4.800000,0.000000,120,160,190,240,280,400,820,1100,2700,2700,2700,1209,0,120.0,181.27803497762778,32.82345800107578,2720.7615840015933,60307.55169561621
1791643446,10,,Aggregated,4.900000,0.000000,120,160,190,230,280,400,820,1100,2700,2700,2700,1214,0,120.0,181.00665495877055,32.82345800107578,2720.7615840015933,60293.41103789127
1791643447,10,,Aggregated,4.500000,0.000000,120,160,190,230,280,400,820,1100,2700,2700,2700,1218,0,120.0,180.88812126678854,32.82345800107578,2720.7615840015933,60153.43513957307
1791643448,10,,Aggregated,4.800000,0.000000,120,160,190,230,280,400,820,1100,2700,2700,2700,1226,0,120.0,180.40336034824298,32.82345800107578,2720.7615840015933,60085.50163132137
1791643449,10,,Aggregated,4.800000,0.000000,120,160,190,230,280,400,820,1100,2700,2700,2700,1229,0,120.0,180.2350421374691,32.82345800107578,2720.7615840015933,60146.00732302685
1791643450,10,,Aggregated,4.900000,0.000000,120,160,190,230,280,400,820,1100,2700,2700,2700,1234,0,120.0,179.9354380015832,32.82345800107578,2720.7615840015933,60089.959481361424
1791643451,10,,Aggregated,5.100000,0.000000,120,160,190,230,280,400,820,1100,2700,2700,2700,1239,0,120.0,179.65051798622605,32.82345800107578,2720.7615840015933,59924.19370460048
1791643452,10,,Aggregated,5.100000,0.000000,120,160,190,230,280,390,820,1100,2700,2700,2700,1242,0,120.0,179.67150076564747,32.82345800107578,2720.7615840015933,60241.86714975845
1791643453,10,,Aggregated,5.000000,0.000000,120,160,190,230,280,390,820,1100,2700,2700,2700,1247,0,120.0,179.40394690049726,32.82345800107578,2720.7615840015933,60092.52205292702
1791643454,10,,Aggregated,4.900000,0.000000,120,160,190,230,280,390,790,1100,2700,2700,2700,1252,0,120.0,179.29056818524515,32.82345800107578,2720.7615840015933,60047.26038338658
1791643455,10,,Aggregated,4.800000,0.000000,120,160,190,230,280,390,790,1100,2700,2700,2700,1257,0,120.0,179.05608873104276,32.82345800107578,2720.7615840015933,59915.8385043755
1791643456,10,,Aggregated,4.600000,0.000000,120,160,190,230,280,390,790,1100,2700,2700,2700,1260,0,120.0,179.0771884205675,32.82345800107578,2720.7615840015933,59816.642857142855
1791643457,10,,Aggregated,5.000000,0.000000,120,160,190,230,280,390,790,1100,2700,2700,2700,1265,0,120.0,179.258994395982,32.82345800107578,2720.7615840015933,59637.96600790514
1791643458,10,,Aggregated,4.500000,0.000000,120,160,190,240,280,400,790,1100,2700,2700,2700,1269,0,120.0,180.6472229400443,32.82345800107578,2720.7615840015933,59522.62568951931
1791643459,10,,Aggregated,4.600000,0.000000,120,160,190,240,280,400,820,1100,2700,2700,2700,1275,0,120.0,181.4126397662182,32.82345800107578,2720.7615840015933,59467.1231372549
1791643460,10,,Aggregated,4.300000,0.000000,120,160,190,240,280,400,820,1100,2700,2700,2700,1278,0,120.0,181.23735005315604,32.82345800107578,2720.7615840015933,59378.91627543036
1791643461,10,,Aggregated,4.400000,0.000000,120,160,190,240,280,400,820,1100,2700,2700,2700,1284,0,120.0,181.25548840960568,32.82345800107578,2720.7615840015933,59677.91199376947
1791643462,10,,Aggregated,4.400000,0.000000,120,170,190,240,280,400,820,1100,2700,2700,2700,1289,0,120.0,181.2892113009598,32.82345800107578,2720.7615840015933,60121.923972071374
1791643463,10,,Aggregated,4.400000,0.000000,120,170,190,240,280,400,820,1100,2700,2700,2700,1291,0,120.0,181.24531163821365,32.82345800107578,2720.7615840015933,60219.899302866
1791643464,10,,Aggregated,4.500000,0.000000,130,170,190,240,280,400,820,1100,2700,2700,2700,1299,0,130.0,181.37258663196613,32.82345800107578,2720.7615840015933,60921.983063895306
1791643465,10,,Aggregated,4.300000,0.000000,120,170,190,240,280,400,790,1100,2700,2700,2700,1301,0,120.0,181.18994023283585,32.82345800107578,2720.7615840015933,60840.8193697156
1791643466,10,,Aggregated,4.600000,0.000000,120,170,190,240,280,400,790,1100,2700,2700,2700,1309,0,120.0,181.03154414432166,32.82345800107578,2720.7615840015933,61026.081741787624
1791643467,10,,Aggregated,4.300000,0.000000,120,170,190,240,280,400,790,1100,2700,2700,2700,1311,0,120.0,181.01268182145017,32.82345800107578,2720.7615840015933,60979.295957284514
1791643468,10,,Aggregated,4.700000,0.000000,120,170,190,240,280,400,790,1100,2700,2700,2700,1317,0,120.0,180.59591615484774,32.82345800107578,2720.7615840015933,60803.384965831436
1791643469,10,,Aggregated,4.700000,0.000000,120,160,190,240,280,400,790,1100,2700,2700,2700,1320,0,120.0,180.50058089691888,32.82345800107578,2720.7615840015933,60933.434848484845
1791643470,10,,Aggregated,4.700000,0.000000,120,160,190,240,280,400,790,1100,2700,2700,2700,1323,0,120.0,180.31939023652436,32.82345800107578,2720.7615840015933,60859.436885865456
1791643471,10,,Aggregated,4.700000,0.000000,120,160,190,240,280,400,790,1100,2700,2700,2700,1330,0,120.0,179.98803774281353,32.82345800107578,2720.7615840015933,60711.602255639096
1791643472,10,,Aggregated,4.500000,0.000000,120,160,190,240,280,400,790,1100,2700,2700,2700,1334,0,120.0,179.90583051420296,32.82345800107578,2720.7615840015933,60571.26911544228
1791643473,10,,Aggregated,4.500000,0.000000,120,160,190,240,280,400,790,1100,2700,2700,2700,1338,0,120.0,179.92067011506091,32.82345800107578,2720.7615840015933,60409.5754857997
1791643474,10,,Aggregated,4.400000,0.000000,120,160,190,240,280,400,790,1100,2700,2700,2700,1342,0,120.0,179.6535003323086,32.82345800107578,2720.7615840015933,60328.43740685544
1791643475,10,,Aggregated,4.700000,0.000000,120,160,190,240,280,400,790,1100,2700,2700,2700,1348,0,120.0,179.70346079744542,32.82345800107578,2720.7615840015933,60551.09643916914
1791643476,10,,Aggregated,4.500000,0.000000,120,170,190,240,280,400,750,1100,2700,2700,2700,1353,0,120.0,179.7711251448309,32.82345800107578,2720.7615840015933,61214.472283813746
1791643477,10,,Aggregated,4.700000,0.000000,120,170,190,240,280,400,750,1100,2700,2700,2700,1356,0,120.0,179.89988147342194,32.82345800107578,2720.7615840015933,61113.14159292035
1791643478,10,,Aggregated,4.300000,0.000000,120,170,190,240,280,400,750,1100,2700,2700,2700,1360,0,120.0,179.64432992202467,32.82345800107578,2720.7615840015933,61099.75294117647
1791643479,10,,Aggregated,4.400000,0.000000,120,170,190,240,280,400,750,1100,2700,2700,2700,1365,0,120.0,179.4520324680932,32.82345800107578,2720.7615840015933,60912.712087912085
1791643480,10,,Aggregated,4.400000,0.000000,120,170,190,240,280,400,750,1100,2700,2700,2700,1369,0,120.0,179.45028517453912,32.82345800107578,2720.7615840015933,60983.202337472605
1791643481,10,,Aggregated,4.400000,0.000000,120,170,190,240,280,400,750,1100,2700,2700,2700,1376,0,120.0,179.17801909879927,32.82345800107578,2720.7615840015933,60907.33720930233
1791643482,10,,Aggregated,4.600000,0.000000,120,170,190,240,280,400,750,1100,2700,2700,2700,1378,0,120.0,179.03678688094888,32.82345800107578,2720.7615840015933,60821.46734397678
1791643483,10,,Aggregated,4.500000,0.000000,120,170,190,240,280,400,750,1100,2700,2700,2700,1385,0,120.0,178.89041097324392,32.82345800107578,2720.7615840015933,60727.21516245487
1791643484,10,,Aggregated,4.500000,0.000000,120,170,190,240,280,400,750,1100,2700,2700,2700,1390,0,120.0,178.67269006974638,32.82345800107578,2720.7615840015933,60563.4071942446
1791643485,10,,Aggregated,4.500000,0.000000,120,170,190,240,280,400,750,1100,2700,2700,2700,1394,0,120.0,178.50989956092897,32.82345800107578,2720.7615840015933,60591.95121951219
1791643486,10,,Aggregated,4.700000,0.000000,120,160,190,240,280,400,750,1100,2700,2700,2700,1399,0,120.0,178.23222512289314,32.82345800107578,2720.7615840015933,60663.50107219443
1791643487,10,,Aggregated,4.700000,0.000000,120,160,190,240,280,400,750,1100,2700,2700,2700,1403,0,120.0,178.1443931966737,32.82345800107578,2720.7615840015933,60907.1703492516
1791643488,10,,Aggregated,4.800000,0.000000,120,160,190,240,280,400,750,1100,2700,2700,2700,1409,0,120.0,177.91806466496075,32.82345800107578,2720.7615840015933,60896.51951738822
1791643489,10,,Aggregated,4.800000,0.000000,120,160,190,240,280,400,750,1100,2700,2700,2700,1413,0,120.0,177.88839911248022,32.82345800107578,2720.7615840015933,60802.803963198865
1791643490,10,,Aggregated,4.900000,0.000000,120,160,190,230,280,400,750,1100,2700,2700,2700,1418,0,120.0,177.6736819675125,32.82345800107578,2720.7615840015933,60684.77291960508
1791643491,10,,Aggregated,4.500000,0.000000,120,160,190,230,280,390,750,1100,2700,2700,2700,1423,0,120.0,177.39387446516966,32.82345800107578,2720.7615840015933,60522.43640196767
1791643492,10,,Aggregated,4.700000,0.000000,120,160,190,230,280,390,750,1100,2700,2700,2700,1428,0,120.0,177.18088978566485,32.82345800107578,2720.7615840015933,60469.81722689076
1791643493,10,,Aggregated,5.000000,0.000000,120,160,190,230,280,390,750,1100,2700,2700,2700,1433,0,120.0,176.86496597203893,32.82345800107578,2720.7615840015933,60273.86252616888
1791643494,10,,Aggregated,4.900000,0.000000,120,160,190,230,280,390,750,1100,2700,2700,2700,1437,0,120.0,176.7836599018391,32.82345800107578,2720.7615840015933,60183.952679192764
1791643495,10,,Aggregated,4.800000,0.000000,120,160,190,230,280,390,750,1100,2700,2700,2700,1442,0,120.0,176.7144737544674,32.82345800107578,2720.7615840015933,60103.040915395286
1791643496,10,,Aggregated,4.800000,0.000000,120,160,190,230,280,390,750,1100,2700,2700,2700,1446,0,120.0,176.64348630425386,32.82345800107578,2720.7615840015933,60387.666666666664
1791643497,10,,Aggregated,4.600000,0.000000,120,160,190,230,280,390,670,1100,2700,2700,2700,1451,0,120.0,176.55159561540472,32.82345800107578,2720.7615840015933,60232.85044796692
1791643498,10,,Aggregated,5.000000,0.000000,120,160,190,230,280,390,670,1100,2700,2700,2700,1457,0,120.0,176.18830223881415,32.82345800107578,2720.7615840015933,60072.50720658888
1791643499,10,,Aggregated,4.600000,0.000000,120,160,190,230,280,390,670,1100,2700,2700,2700,1461,0,120.0,176.10015892878474,32.82345800107578,2720.7615840015933,59971.333333333336
1791643500,10,,Aggregated,4.800000,0.000000,120,160,190,220,280,390,670,1100,2700,2700,2700,1466,0,120.0,175.85673154499935,32.82345800107578,2720.7615840015933,59883.76330150068
1791643501,10,,Aggregated,4.900000,0.000000,120,160,190,230,280,390,670,1100,2700,2700,2700,1471,0,120.0,175.77063955129904,32.82345800107578,2720.7615840015933,59782.785180149556
1791643502,10,,Aggregated,4.600000,0.000000,120,160,190,230,280,390,670,1100,2700,2700,2700,1473,0,120.0,175.65003529392888,32.82345800107578,2720.7615840015933,59750.18873048201
1791643503,10,,Aggregated,4.500000,0.000000,120,160,190,230,280,390,670,1100,2700,2700,2700,1478,0,120.0,175.71831378887958,32.82345800107578,2720.7615840015933,60062.135317997294
1791643504,10,,Aggregated,4.700000,0.000000,120,160,190,230,280,380,670,1100,2700,2700,2700,1484,0,120.0,175.5425942755923,32.82345800107578,2720.7615840015933,59951.506064690024
1791643505,10,,Aggregated,4.400000,0.000000,120,160,190,230,280,380,670,1100,2700,2700,2700,1487,0,120.0,175.40826526360468,32.82345800107578,2720.7615840015933,59902.93275050437
1791643506,10,,Aggregated,4.500000,0.000000,120,160,190,220,280,380,670,1100,2700,2700,2700,1491,0,120.0,175.26227433265313,32.82345800107578,2720.7615840015933,59897.81019450034
1791643507,10,,Aggregated,4.500000,0.000000,120,160,190,220,280,380,670,1100,2700,2700,2700,1497,0,120.0,175.02594176417702,32.82345800107578,2720.7615840015933,59746.27388109553
1791643508,10,,Aggregated,4.300000,0.000000,120,160,190,220,280,370,670,1000,2700,2700,2700,1501,0,120.0,175.07958038306404,32.82345800107578,2720.7615840015933,59692.90006662225
1791643509,10,,Aggregated,4.600000,0.000000,120,160,190,220,280,370,670,1000,2700,2700,2700,1504,0,120.0,174.9968378962586,32.82345800107578,2720.7615840015933,59632.057180851065
1791643510,10,,Aggregated,4.400000,0.000000,120,160,190,230,280,370,670,1000,2700,2700,2700,1510,0,120.0,174.98891036752715,32.82345800107578,2720.7615840015933,59586.692052980135
1791643511,10,,Aggregated,4.500000,0.000000,120,160,190,230,280,380,670,1000,2700,2700,2700,1518,0,120.0,175.26311014358902,32.82345800107578,2720.7615840015933,59828.225955204216
1791643512,10,,Aggregated,4.500000,0.000000,120,160,190,230,280,380,670,1000,2700,2700,2700,1521,0,120.0,175.10264751214152,32.82345800107578,2720.7615840015933,59788.639710716634
1791643513,10,,Aggregated,4.400000,0.000000,120,160,190,230,280,380,670,1000,2700,2700,2700,1524,0,120.0,174.91029928869537,32.82345800107578,2720.7615840015933,59676.60433070866
1791643514,10,,Aggregated,4.700000,0.000000,120,160,190,230,280,380,670,1000,2700,2700,2700,1530,0,120.0,174.64240143788248,32.82345800107578,2720.7615840015933,59648.17581699346
1791643515,10,,Aggregated,4.800000,0.000000,120,160,190,230,280,380,670,1000,2700,2700,2700,1533,0,120.0,174.61439798888614,32.82345800107578,2720.7615840015933,59539.27919112851
1791643516,10,,Aggregated,4.800000,0.000000,120,160,190,230,280,390,670,1000,2700,2700,2700,1540,0,120.0,175.4261375759479,32.82345800107578,2720.7615840015933,59894.08961038961
1791643517,10,,Aggregated,4.700000,0.000000,120,160,190,230,280,380,670,1000,2700,2700,2700,1545,0,120.0,175.2315154472209,32.82345800107578,2720.7615840015933,59724.94692556634
1791643518,10,,Aggregated,4.700000,0.000000,120,160,190,230,280,380,670,1000,2700,2700,2700,1550,0,120.0,175.2770878167423,32.82345800107578,2720.7615840015933,59694.007741935486
1791643519,10,,Aggregated,4.600000,0.000000,120,160,190,230,280,380,660,1000,2700,2700,2700,1554,0,120.0,175.187107996105,32.82345800107578,2720.7615840015933,59634.10102960103
1791643520,10,,Aggregated,4.600000,0.000000,120,160,190,230,280,380,660,1000,2700,2700,2700,1558,0,120.0,174.98170383565426,32.82345800107578,2720.7615840015933,59580.73555840822
1791643521,10,,Aggregated,4.900000,0.000000,120,160,190,230,280,380,660,1000,2700,2700,2700,1565,0,120.0,174.9562009009246,32.82345800107578,2720.7615840015933,59583.596166134186
1791643522,10,,Aggregated,4.900000,0.000000,120,160,190,230,280,380,660,1000,2700,2700,2700,1568,0,120.0,175.08017840749076,32.82345800107578,2720.7615840015933,59538.021045918365
1791643523,10,,Aggregated,4.800000,0.000000,120,160,190,230,280,380,660,1000,2700,2700,2700,1572,0,120.0,174.90377127986125,32.82345800107578,2720.7615840015933,59495.23918575064
1791643524,10,,Aggregated,4.600000,0.000000,120,160,190,230,280,380,660,1000,2700,2700,2700,1578,0,120.0,174.7319692078261,32.82345800107578,2720.7615840015933,59524.157160963245
1791643525,10,,Aggregated,4.700000,0.000000,120,160,190,230,280,380,660,1000,2700,2700,2700,1582,0,120.0,174.50261980590506,32.82345800107578,2720.7615840015933,59493.58407079646
1791643526,10,,Aggregated,4.600000,0.000000,120,160,190,230,280,380,660,1000,2700,2700,2700,1587,0,120.0,174.24829633392335,32.82345800107578,2720.7615840015933,59349.052299936986
1791643527,10,,Aggregated,4.800000,0.000000,120,160,190,230,280,380,660,1000,2700,2700,2700,1592,0,120.0,174.3617108667966,32.82345800107578,2720.7615840015933,59633.99120603015
1791643528,10,,Aggregated,4.700000,0.000000,120,160,190,230,280,380,660,1000,2700,2700,2700,1597,0,120.0,174.15135594924405,32.82345800107578,2720.7615840015933,59586.20601127113
1791643529,10,,Aggregated,4.900000,0.000000,120,160,190,230,280,380,650,980,2700,2700,2700,1601,0,120.0,174.44490469078016,32.82345800107578,2720.7615840015933,59564.96876951905
1791643530,10,,Aggregated,4.800000,0.000000,120,160,190,230,280,380,650,980,2700,2700,2700,1604,0,120.0,174.44970692638964,32.82345800107578,2720.7615840015933,59515.18017456359
1791643531,10,,Aggregated,4.500000,0.000000,120,160,190,230,280,390,670,980,2700,2700,2700,1612,0,120.0,175.4233749701729,32.82345800107578,2720.7615840015933,59427.6023573201
1791643532,10,,Aggregated,4.700000,0.000000,120,160,190,230,280,390,670,980,2700,2700,2700,1615,0,120.0,175.37960871697646,32.82345800107578,2720.7615840015933,59384.13684210526
1791643533,10,,Aggregated,4.500000,0.000000,120,160,190,230,280,390,670,980,2700,2700,2700,1619,0,120.0,175.25275800119044,32.82345800107578,2720.7615840015933,59396.939468807905
1791643534,10,,Aggregated,4.700000,0.000000,120,160,190,230,280,390,670,980,2700,2700,2700,1626,0,120.0,175.6592344679656,32.82345800107578,2720.7615840015933,59227.881918819185
1791643535,10,,Aggregated,4.600000,0.000000,120,160,190,230,280,390,670,980,2700,2700,2700,1629,0,120.0,175.56762919147576,32.82345800107578,2720.7615840015933,59185.11724984653
1791643536,10,,Aggregated,4.700000,0.000000,120,160,190,230,280,390,670,980,2700,2700,2700,1635,0,120.0,175.31691296813784,32.82345800107578,2720.7615840015933,59039.87155963303
1791643537,10,,Aggregated,4.700000,0.000000,120,160,190,230,280,390,670,980,2700,2700,2700,1639,0,120.0,175.48723850635193,32.82345800107578,2720.7615840015933,59248.71629042099
1791643538,10,,Aggregated,4.700000,0.000000,120,160,190,230,280,390,670,980,2700,2700,2700,1642,0,120.0,175.5254336649857,32.82345800107578,2720.7615840015933,59200.619366626066
1791643539,10,,Aggregated,4.700000,0.000000,120,160,190,230,280,390,670,980,2700,2700,2700,1648,0,120.0,175.3848452626831,32.82345800107578,2720.7615840015933,59037.60618932039
1791643540,10,,Aggregated,4.600000,0.000000,120,160,190,230,280,390,660,980,2700,2700,2700,1652,0,120.0,175.1452712317831,32.82345800107578,2720.7615840015933,58961.06537530266
1791643541,10,,Aggregated,4.600000,0.000000,120,160,190,230,280,390,660,980,2700,2700,2700,1655,0,120.0,175.10146036731103,32.82345800107578,2720.7615840015933,59179.28640483384
1791643542,10,,Aggregated,4.600000,0.000000,120,160,190,230,280,390,660,980,2700,2700,2700,1660,0,120.0,174.90383694331473,32.82345800107578,2720.7615840015933,59132.659638554214
1791643543,10,,Aggregated,4.800000,0.000000,120,160,190,230,280,380,660,980,2700,2700,2700,1665,0,120.0,174.84857311826087,32.82345800107578,2720.7615840015933,59254.749549549546
1791643544,10,,Aggregated,4.300000,0.000000,120,160,190,230,280,380,660,980,2700,2700,2700,1670,0,120.0,174.80486805862617,32.82345800107578,2720.7615840015933,59141.23053892216
1791643545,10,,Aggregated,4.600000,0.000000,120,160,190,230,280,380,660,980,2700,2700,2700,1672,0,120.0,174.70210483427732,32.82345800107578,2720.7615840015933,59126.18002392344
1791643546,10,,Aggregated,4.500000,0.000000,120,160,190,230,280,380,660,980,2700,2700,2700,1678,0,120.0,174.6531274028006,32.82345800107578,2720.7615840015933,59092.0220500596
1791643547,10,,Aggregated,4.400000,0.000000,120,160,190,230,280,380,660,980,2700,2700,2700,1684,0,120.0,174.75303678616314,32.82345800107578,2720.7615840015933,59040.31947743468
1791643548,10,,Aggregated,4.300000,0.000000,120,160,190,230,280,380,660,980,2700,2700,2700,1688,0,120.0,174.6710469673572,32.82345800107578,2720.7615840015933,59064.098933649286
1791643549,10,,Aggregated,4.200000,0.000000,120,160,190,230,280,380,660,980,2700,2700,2700,1690,0,120.0,174.78900729224708,32.82345800107578,2720.7615840015933,59311.889349112425
1791643550,10,,Aggregated,4.500000,0.000000,120,160,190,230,280,390,660,980,2700,2700,2700,1696,0,120.0,174.85183160843093,32.82345800107578,2720.7615840015933,59281.222877358494
1791643551,10,,Aggregated,4.500000,0.000000,120,160,190,230,280,390,660,980,2700,2700,2700,1700,0,120.0,174.60444754464226,32.82345800107578,2720.7615840015933,59179.702352941174
1791643552,10,,Aggregated,4.200000,0.000000,120,160,190,230,280,380,650,960,2700,2700,2700,1704,0,120.0,174.70599774641383,32.82345800107578,2720.7615840015933,59174.66549295775
1791643553,10,,Aggregated,4.400000,0.000000,120,160,190,230,280,390,650,960,2700,2700,2700,1710,0,120.0,174.87606220344324,32.82345800107578,2720.7615840015933,59226.38830409357
1791643554,10,,Aggregated,4.500000,0.000000,120,160,190,230,280,390,650,960,2700,2700,2700,1714,0,120.0,174.8583148779977,32.82345800107578,2720.7615840015933,59142.991248541424
1791643555,10,,Aggregated,4.400000,0.000000,120,160,190,230,280,390,650,960,2700,2700,2700,1717,0,120.0,174.78040554798366,32.82345800107578,2720.7615840015933,59077.44903902155
1791643556,10,,Aggregated,4.500000,0.000000,120,160,190,230,280,380,650,960,2700,2700,2700,1722,0,120.0,174.76020457892292,32.82345800107578,2720.7615840015933,59269.880952380954
1791643557,10,,Aggregated,4.400000,0.000000,120,160,190,230,280,380,650,960,2700,2700,2700,1728,0,120.0,174.63906319554317,32.82345800107578,2720.7615840015933,59222.1244212963
1791643558,10,,Aggregated,4.400000,0.000000,120,160,190,230,280,380,650,960,2700,2700,2700,1732,0,120.0,174.52524843181,32.82345800107578,2720.7615840015933,59120.774826789835
1791643559,10,,Aggregated,4.400000,0.000000,120,160,190,230,280,380,650,960,2700,2700,2700,1737,0,120.0,174.33069926188804,32.82345800107578,2720.7615840015933,59029.874496257915
1791643560,10,,Aggregated,4.400000,0.000000,120,160,190,230,280,380,650,960,2700,2700,2700,1740,0,120.0,174.34282480453788,32.82345800107578,2720.7615840015933,59150.31724137931
1791643562,10,,Aggregated,4.400000,0.000000,130,160,190,230,280,380,650,960,2700,2700,2700,1747,0,130.0,174.33006775436803,32.82345800107578,2720.7615840015933,59381.54550658271
1791643563,10,,Aggregated,4.700000,0.000000,130,160,190,230,280,380,650,960,2700,2700,2700,1750,0,120.0,174.22567001936008,32.82345800107578,2720.7615840015933,59304.72914285714
1791643564,10,,Aggregated,4.700000,0.000000,130,160,190,230,280,380,650,960,2700,2700,2700,1756,0,130.0,174.48601971348606,32.82345800107578,2720.7615840015933,59359.339407744876
1791643565,10,,Aggregated,4.700000,0.000000,130,160,190,230,280,380,650,960,2700,2700,2700,1759,0,130.0,174.428131675882,32.82345800107578,2720.7615840015933,59295.61853325753
1791643566,10,,Aggregated,4.500000,0.000000,130,160,190,230,280,380,650,960,2700,2700,2700,1763,0,130.0,174.41153589612762,32.82345800107578,2720.7615840015933,59199.785025524674
1791643567,10,,Aggregated,4.500000,0.000000,130,160,190,230,280,380,650,960,2700,2700,2700,1767,0,130.0,174.4213076977206,32.82345800107578,2720.7615840015933,59509.798528579515
1791643568,10,,Aggregated,4.500000,0.000000,130,160,190,230,280,380,650,960,2700,2700,2700,1772,0,120.0,174.17162607780566,32.82345800107578,2720.7615840015933,59395.179458239276
1791643569,10,,Aggregated,4.600000,0.000000,120,160,190,230,280,380,650,960,2700,2700,2700,1777,0,120.0,173.96265071911392,32.82345800107578,2720.7615840015933,59306.43275182893
1791643570,10,,Aggregated,4.400000,0.000000,120,160,190,230,280,380,650,960,2700,2700,2700,1782,0,120.0,173.78834406277403,32.82345800107578,2720.7615840015933,59288.82940516274
1791643571,10,,Aggregated,4.400000,0.000000,120,160,190,230,280,380,650,960,2700,2700,2700,1785,0,120.0,173.61731278815722,32.82345800107578,2720.7615840015933,59226.549019607846
1791643572,10,,Aggregated,4.500000,0.000000,120,160,190,230,280,380,650,960,2700,2700,2700,1791,0,120.0,173.47267436339968,32.82345800107578,2720.7615840015933,59126.31658291457
1791643573,10,,Aggregated,4.400000,0.000000,120,160,190,230,280,380,650,960,2700,2700,2700,1798,0,120.0,173.28230151215433,32.82345800107578,2720.7615840015933,58963.84649610679
1791643574,10,,Aggregated,4.500000,0.000000,120,160,190,230,280,380,640,950,2700,2700,2700,1801,0,120.0,173.19017665733386,32.82345800107578,2720.7615840015933,58879.30649639089
1791643575,10,,Aggregated,4.400000,0.000000,120,160,190,230,280,380,640,950,2700,2700,2700,1808,0,120.0,172.97708544959528,32.82345800107578,2720.7615840015933,58715.01382743363
1791643576,10,,Aggregated,4.800000,0.000000,120,160,190,230,280,380,640,950,2700,2700,2700,1810,0,120.0,172.93782209550517,32.82345800107578,2720.7615840015933,58713.07679558011
1791643577,10,,Aggregated,4.900000,0.000000,120,160,190,220,280,380,640,950,2700,2700,2700,1819,0,120.0,172.6236618751345,32.82345800107578,2720.7615840015933,58598.39637163276
1791643578,10,,Aggregated,4.700000,0.000000,120,160,190,220,280,380,640,950,2700,2700,2700,1822,0,120.0,172.57786136600868,32.82345800107578,2720.7615840015933,58635.26289791438
1791643579,10,,Aggregated,4.700000,0.000000,120,160,190,220,280,380,640,950,2700,2700,2700,1828,0,120.0,172.3553749047396,32.82345800107578,2720.7615840015933,58609.93599562363
1791643580,10,,Aggregated,4.900000,0.000000,120,160,190,220,280,380,640,950,2700,2700,2700,1832,0,120.0,172.25699728977096,32.82345800107578,2720.7615840015933,58801.01582969433
1791643581,10,,Aggregated,5.100000,0.000000,120,160,190,220,280,380,640,950,2700,2700,2700,1838,0,120.0,172.15419261907286,32.82345800107578,2720.7615840015933,58854.94069640914
1791643582,10,,Aggregated,5.000000,0.000000,120,160,190,220,280,380,640,950,2700,2700,2700,1842,0,120.0,172.0468021356462,32.82345800107578,2720.7615840015933,59069.13137893594
1791643583,10,,Aggregated,5.000000,0.000000,120,160,190,220,280,380,640,950,2700,2700,2700,1846,0,120.0,172.12404906709443,32.82345800107578,2720.7615840015933,59062.24322860238
1791643584,10,,Aggregated,5.000000,0.000000,120,160,190,220,280,380,630,950,2700,2700,2700,1851,0,120.0,171.97895583136741,32.82345800107578,2720.7615840015933,58971.19340896812
1791643585,10,,Aggregated,4.800000,0.000000,120,160,190,220,280,380,630,950,2700,2700,2700,1854,0,120.0,171.8590399330408,32.82345800107578,2720.7615840015933,58917.181229773465
1791643586,10,,Aggregated,4.900000,0.000000,120,160,190,220,280,380,630,950,2700,2700,2700,1858,0,120.0,171.85179538582022,32.82345800107578,2720.7615840015933,58960.76480086114
1791643587,10,,Aggregated,4.900000,0.000000,120,160,190,220,280,380,630,950,2700,2700,2700,1863,0,120.0,171.60270182117915,32.82345800107578,2720.7615840015933,58876.51851851852
1791643588,10,,Aggregated,4.700000,0.000000,120,160,190,220,280,380,630,950,2700,2700,2700,1867,0,120.0,171.62393920345122,32.82345800107578,2720.7615840015933,58886.96197107659
1791643589,10,,Aggregated,4.700000,0.000000,120,160,190,220,280,380,630,950,2700,2700,2700,1873,0,120.0,171.45270517022612,32.82345800107578,2720.7615840015933,59119.63053924186
1791643590,10,,Aggregated,4.500000,0.000000,120,160,190,220,280,380,630,950,2700,2700,2700,1878,0,120.0,171.4280481191789,32.82345800107578,2720.7615840015933,59201.409478168265
1791643591,10,,Aggregated,4.500000,0.000000,120,160,190,220,280,380,630,950,2700,2700,2700,1881,0,120.0,171.3920805389799,32.82345800107578,2720.7615840015933,59140.96065922382
1791643592,10,,Aggregated,4.500000,0.000000,120,160,190,220,280,380,630,950,2700,2700,2700,1888,0,120.0,171.25161109418715,32.82345800107578,2720.7615840015933,59026.125
1791643593,10,,Aggregated,4.400000,0.000000,120,160,190,220,280,380,630,950,2700,2700,2700,1893,0,120.0,171.13875114200897,32.82345800107578,2720.7615840015933,59011.33174854728
1791643594,10,,Aggregated,4.400000,0.000000,120,160,190,220,280,380,630,950,2700,2700,2700,1898,0,120.0,171.01551222435415,32.82345800107578,2720.7615840015933,59015.88250790306
1791643595,10,,Aggregated,4.500000,0.000000,120,160,190,220,280,370,630,940,2700,2700,2700,1904,0,120.0,170.78351903562003,32.82345800107578,2720.7615840015933,58921.138130252104
1791643596,10,,Aggregated,4.800000,0.000000,120,160,190,220,280,370,630,940,2700,2700,2700,1906,0,120.0,170.6950714374736,32.82345800107578,2720.7615840015933,58869.12172088143
1791643597,10,,Aggregated,4.800000,0.000000,120,160,190,220,280,370,630,940,2700,2700,2700,1910,0,120.0,170.6242076753022,32.82345800107578,2720.7615840015933,58764.659162303666
1791643598,10,,Aggregated,4.900000,0.000000,120,160,190,220,280,370,630,940,2700,2700,2700,1917,0,120.0,170.51881000825793,32.82345800107578,2720.7615840015933,58709.96922274387
1791643599,10,,Aggregated,4.800000,0.000000,120,160,190,220,280,370,630,940,2700,2700,2700,1920,0,120.0,170.45547393375955,32.82345800107578,2720.7615840015933,58744.511979166666
1791643600,10,,Aggregated,5.100000,0.000000,120,160,190,220,280,370,630,940,2700,2700,2700,1926,0,120.0,170.44053891631404,32.82345800107578,2720.7615840015933,58831.617341640704
1791643601,10,,Aggregated,5.100000,0.000000,120,160,190,220,280,370,630,940,2700,2700,2700,1931,0,120.0,170.43324926349638,32.82345800107578,2720.7615840015933,58793.09528741585
1791643602,10,,Aggregated,4.700000,0.000000,120,160,190,220,280,370,630,940,2700,2700,2700,1935,0,120.0,170.37571550068506,32.82345800107578,2720.7615840015933,58700.97054263566
1791643603,10,,Aggregated,5.000000,0.000000,120,160,190,220,280,370,630,940,2700,2700,2700,1940,0,120.0,170.55468796846532,32.82345800107578,2720.7615840015933,58615.173711340205
1791643604,10,,Aggregated,4.700000,0.000000,120,160,190,220,280,370,630,940,2700,2700,2700,1946,0,120.0,170.40956523680623,32.82345800107578,2720.7615840015933,58576.42291880781
1791643605,10,,Aggregated,4.800000,0.000000,120,160,190,220,280,370,630,940,2700,2700,2700,1948,0,120.0,170.44156454970573,32.82345800107578,2720.7615840015933,58531.19199178645
1791643606,10,,Aggregated,4.700000,0.000000,120,160,190,220,280,370,620,940,2700,2700,2700,1953,0,120.0,170.3201915815799,32.82345800107578,2720.7615840015933,58542.91551459293
1791643607,10,,Aggregated,4.700000,0.000000,120,160,190,220,280,370,620,940,2700,2700,2700,1958,0,120.0,170.32668460205085,32.82345800107578,2720.7615840015933,58530.39989785496
1791643608,10,,Aggregated,4.700000,0.000000,120,160,190,220,280,370,620,940,2700,2700,2700,1964,0,120.0,170.37531145714047,32.82345800107578,2720.7615840015933,58503.843686354376
1791643609,10,,Aggregated,4.800000,0.000000,120,160,190,220,280,370,620,940,2700,2700,2700,1969,0,120.0,170.37236811925527,32.82345800107578,2720.7615840015933,58823.623666835956
1791643610,10,,Aggregated,4.800000,0.000000,120,160,190,220,280,370,620,940,2700,2700,2700,1973,0,120.0,170.30026773634557,32.82345800107578,2720.7615840015933,59035.197161682714
1791643611,10,,Aggregated,4.600000,0.000000,120,160,190,220,280,370,620,940,2700,2700,2700,1978,0,120.0,170.10339245945806,32.82345800107578,2720.7615840015933,59003.44489383215
1791643612,10,,Aggregated,4.600000,0.000000,120,160,190,220,280,370,620,940,2700,2700,2700,1982,0,120.0,169.94506516639964,32.82345800107578,2720.7615840015933,58939.80625630676
1791643613,10,,Aggregated,4.500000,0.000000,120,160,190,220,280,370,620,940,2700,2700,2700,1987,0,120.0,169.73703119919446,32.82345800107578,2720.7615840015933,58875.23855057876
1791643614,10,,Aggregated,4.500000,0.000000,120,160,190,220,280,370,620,940,2700,2700,2700,1991,0,120.0,169.55456976836004,32.82345800107578,2720.7615840015933,58796.34555499749
1791643615,10,,Aggregated,4.600000,0.000000,120,160,190,220,280,370,620,940,2700,2700,2700,1998,0,120.0,169.46942100090288,32.82345800107578,2720.7615840015933,58766.31931931932
1791643616,10,,Aggregated,4.600000,0.000000,120,160,190,220,280,370,610,930,2600,2700,2700,2001,0,120.0,169.3879544981501,32.82345800107578,2720.7615840015933,58767.68165917041
1791643617,10,,Aggregated,4.800000,0.000000,120,160,190,220,280,370,610,930,2600,2700,2700,2005,0,120.0,169.4437432213468,32.82345800107578,2720.7615840015933,58673.31371571073
1791643618,10,,Aggregated,4.800000,0.000000,120,160,190,220,280,370,610,930,2600,2700,2700,2010,0,120.0,169.38227474716197,32.82345800107578,2720.7615840015933,58598.30248756219
1791643619,10,,Aggregated,4.800000,0.000000,120,160,190,220,280,370,610,930,2600,2700,2700,2013,0,120.0,169.28388515936348,32.82345800107578,2720.7615840015933,58548.51366120219
1791643620,10,,Aggregated,4.600000,0.000000,120,160,190,220,280,370,610,930,2600,2700,2700,2019,0,120.0,169.10276823912477,32.82345800107578,2720.7615840015933,58424.31005448242
1791643621,10,,Aggregated,4.700000,0.000000,120,160,190,210,280,370,610,930,2600,2700,2700,2023,0,120.0,168.97438123617894,32.82345800107578,2720.7615840015933,58353.974295600594
1791643622,10,,Aggregated,4.500000,0.000000,120,160,190,210,280,370,610,930,2600,2700,2700,2031,0,120.0,168.77302342432063,32.82345800107578,2720.7615840015933,58225.19300837026
1791643623,10,,Aggregated,4.600000,0.000000,120,160,190,210,280,370,610,930,2600,2700,2700,2034,0,120.0,168.69462728997377,32.82345800107578,2720.7615840015933,58155.834316617504
1791643624,10,,Aggregated,4.600000,0.000000,120,160,190,210,280,370,610,930,2600,2700,2700,2038,0,120.0,168.65225142679546,32.82345800107578,2720.7615840015933,58077.42492639843
1791643625,10,,Aggregated,4.800000,0.000000,120,160,190,210,280,360,610,930,2600,2700,2700,2044,0,120.0,168.48148805030104,32.82345800107578,2720.7615840015933,58261.851761252445
1791643626,10,,Aggregated,4.700000,0.000000,120,160,190,210,280,360,610,930,2600,2700,2700,2049,0,120.0,168.4851661546146,32.82345800107578,2720.7615840015933,58479.32503660322
1791643627,10,,Aggregated,4.600000,0.000000,120,160,190,210,280,360,610,930,2600,2700,2700,2053,0,120.0,168.39281869644935,32.82345800107578,2720.7615840015933,58420.774963468095
1791643628,10,,Aggregated,4.600000,0.000000,120,160,190,210,280,360,610,930,2600,2700,2700,2058,0,120.0,168.32538074626618,32.82345800107578,2720.7615840015933,58426.8221574344
1791643629,10,,Aggregated,4.600000,0.000000,120,160,190,210,280,360,610,930,2600,2700,2700,2061,0,120.0,168.25223432839047,32.82345800107578,2720.7615840015933,58438.71130519165
1791643630,10,,Aggregated,4.700000,0.000000,120,160,190,210,280,360,610,930,2600,2700,2700,2070,0,120.0,168.0405192994317,32.82345800107578,2720.7615840015933,58404.30579710145
1791643631,10,,Aggregated,4.700000,0.000000,120,160,190,210,280,360,610,930,2600,2700,2700,2071,0,120.0,168.0861412920419,32.82345800107578,2720.7615840015933,58628.30420086915
1791643632,10,,Aggregated,4.700000,0.000000,120,160,190,210,280,360,610,930,2600,2700,2700,2078,0,120.0,167.97551747970078,32.82345800107578,2720.7615840015933,58570.01010587103
1791643633,10,,Aggregated,4.800000,0.000000,120,160,190,210,280,360,610,930,2600,2700,2700,2084,0,120.0,167.8047458761131,32.82345800107578,2720.7615840015933,58618.91842610365
1791643634,10,,Aggregated,5.000000,0.000000,120,160,190,210,280,360,610,930,2600,2700,2700,2087,0,120.0,167.6922305092584,32.82345800107578,2720.7615840015933,58544.197412553905
1791643635,10,,Aggregated,4.700000,0.000000,120,160,190,210,280,360,610,930,2600,2700,2700,2093,0,120.0,167.42262356179043,32.82345800107578,2720.7615840015933,58438.18346870521
1791643636,10,,Aggregated,4.700000,0.000000,120,160,190,210,280,360,610,930,2600,2700,2700,2097,0,120.0,167.30648876911195,32.82345800107578,2720.7615840015933,58381.265140677155
1791643637,10,,Aggregated,4.800000,0.000000,120,160,190,210,280,360,610,930,2600,2700,2700,2100,0,120.0,167.2744841227714,32.82345800107578,2720.7615840015933,58329.922857142854
1791643638,10,,Aggregated,5.000000,0.000000,120,160,190,210,280,360,610,910,2600,2700,2700,2107,0,120.0,167.17398840760328,32.82345800107578,2720.7615840015933,58460.743236829614
1791643639,10,,Aggregated,4.900000,0.000000,120,160,190,210,280,360,610,910,2600,2700,2700,2111,0,120.0,167.0322249487535,32.82345800107578,2720.7615840015933,58413.40691615348
1791643640,10,,Aggregated,4.800000,0.000000,120,160,190,210,280,360,610,910,2600,2700,2700,2116,0,120.0,166.92172103015736,32.82345800107578,2720.7615840015933,58311.20604914934
1791643641,10,,Aggregated,4.800000,0.000000,120,160,190,210,280,360,610,910,2600,2700,2700,2121,0,120.0,166.91731720076265,32.82345800107578,2720.7615840015933,58239.51720886374
1791643642,10,,Aggregated,4.800000,0.000000,120,160,190,210,280,360,610,910,2600,2700,2700,2127,0,120.0,166.84232574791614,32.82345800107578,2720.7615840015933,58265.836389280674
1791643643,10,,Aggregated,4.800000,0.000000,120,160,190,210,280,360,610,910,2600,2700,2700,2127,0,120.0,166.84232574791614,32.82345800107578,2720.7615840015933,58265.836389280674
1791643644,10,,Aggregated,4.700000,0.000000,120,160,190,210,280,360,610,910,2600,2700,2700,2133,0,120.0,166.7239587983192,32.82345800107578,2720.7615840015933,58264.58931082982
1791643645,10,,Aggregated,4.700000,0.000000,120,160,180,210,280,360,610,910,2600,2700,2700,2138,0,120.0,166.4972643591323,32.82345800107578,2720.7615840015933,58213.69270346118
1791643646,10,,Aggregated,4.600000,0.000000,120,160,190,210,280,360,610,910,2600,2700,2700,2144,0,120.0,166.63371670560718,32.82345800107578,2720.7615840015933,58594.63106343283
1791643647,10,,Aggregated,4.900000,0.000000,120,160,190,210,280,360,610,910,2600,2700,2700,2147,0,120.0,166.5263668643778,32.82345800107578,2720.7615840015933,58538.231951560316
1791643648,10,,Aggregated,4.900000,0.000000,120,160,190,210,280,360,610,910,2600,2700,2700,2150,0,120.0,166.43863454968385,32.82345800107578,2720.7615840015933,58539.88093023256
1791643649,10,,Aggregated,4.700000,0.000000,120,160,190,210,280,360,590,910,2600,2700,2700,2157,0,120.0,166.5049315743242,32.82345800107578,2720.7615840015933,58473.682892906814
1791643650,10,,Aggregated,4.600000,0.000000,120,160,190,210,280,360,590,910,2600,2700,2700,2160,0,120.0,166.39761681611802,32.82345800107578,2720.7615840015933,58447.65509259259
1791643651,10,,Aggregated,4.600000,0.000000,120,160,190,210,280,360,590,910,2600,2700,2700,2164,0,120.0,166.3768408571252,32.82345800107578,2720.7615840015933,58498.190850277264
1791643652,10,,Aggregated,4.600000,0.000000,120,160,190,210,280,360,590,910,2600,2700,2700,2170,0,120.0,166.42810901927237,32.82345800107578,2720.7615840015933,58631.189400921656
1791643653,10,,Aggregated,4.600000,0.000000,120,160,190,210,280,360,590,910,2600,2700,2700,2171,0,120.0,166.43080206394453,32.82345800107578,2720.7615840015933,58620.98111469369
1791643654,10,,Aggregated,4.200000,0.000000,120,160,190,210,280,360,590,910,2600,2700,2700,2177,0,120.0,166.61098435866896,32.82345800107578,2720.7615840015933,58533.943500229674
1791643655,10,,Aggregated,4.400000,0.000000,120,160,190,220,280,360,610,910,2600,2700,2700,2182,0,120.0,167.4734754582106,32.82345800107578,2720.7615840015933,58518.95325389551
1791643656,10,,Aggregated,4.300000,0.000000,120,160,190,220,280,360,610,910,2600,2700,2700,2186,0,120.0,167.4820632391622,32.82345800107578,2720.7615840015933,58680.09835315645
1791643657,10,,Aggregated,4.100000,0.000000,120,160,190,220,280,360,610,910,2600,2700,2700,2190,0,120.0,167.57868435653444,32.82345800107578,2720.7615840015933,58679.623744292236
1791643658,10,,Aggregated,4.100000,0.000000,120,160,190,220,280,360,610,910,2600,2700,2700,2195,0,120.0,167.5796452308903,32.82345800107578,2720.7615840015933,58810.359908883824
1791643659,10,,Aggregated,4.200000,0.000000,120,160,190,220,280,360,610,900,2600,2700,2700,2201,0,120.0,167.4909085596548,32.82345800107578,2720.7615840015933,58889.23625624716
1791643660,10,,Aggregated,4.300000,0.000000,120,160,190,220,280,360,610,900,2600,2700,2700,2203,0,120.0,167.4131877507051,32.82345800107578,2720.7615840015933,58864.02541988198
1791643661,10,,Aggregated,4.300000,0.000000,120,160,190,220,280,360,610,900,2600,2700,2700,2210,0,120.0,167.42406903747133,32.82345800107578,2720.7615840015933,58988.42036199095
1791643662,10,,Aggregated,4.300000,0.000000,120,160,190,220,280,360,610,900,2600,2700,2700,2214,0,120.0,167.3749713711888,32.82345800107578,2720.7615840015933,59151.661246612464
1791643663,10,,Aggregated,4.600000,0.000000,120,160,190,220,280,360,610,900,2600,2700,2700,2218,0,120.0,167.22492571677722,32.82345800107578,2720.7615840015933,59079.46302975654
1791643664,10,,Aggregated,4.700000,0.000000,120,160,190,220,280,360,610,900,2600,2700,2700,2224,0,120.0,167.24487780567227,32.82345800107578,2720.7615840015933,59434.66681654676
1791643665,10,,Aggregated,4.400000,0.000000,120,160,190,220,280,360,610,900,2600,2700,2700,2226,0,120.0,167.22391608212754,32.82345800107578,2720.7615840015933,59419.09254267745
1791643666,10,,Aggregated,4.600000,0.000000,120,160,190,220,280,360,610,900,2600,2700,2700,2233,0,120.0,167.14958709754666,32.82345800107578,2720.7615840015933,59510.092252575014
1791643667,10,,Aggregated,4.500000,0.000000,120,160,190,220,280,360,610,900,2600,2700,2700,2235,0,120.0,167.11835575562375,32.82345800107578,2720.7615840015933,59545.27606263982
1791643668,10,,Aggregated,4.700000,0.000000,120,160,190,220,280,360,610,900,2600,2700,2700,2239,0,120.0,167.33473095749076,32.82345800107578,2720.7615840015933,59974.57838320679
1791643669,10,,Aggregated,4.600000,0.000000,120,160,190,220,280,360,610,900,2600,2700,2700,2245,0,120.0,167.27457625693813,32.82345800107578,2720.7615840015933,59872.8285077951
1791643670,10,,Aggregated,4.600000,0.000000,120,160,190,220,280,360,610,900,2600,2700,2700,2247,0,120.0,167.1845180003667,32.82345800107578,2720.7615840015933,59826.37160658656
1791643671,10,,Aggregated,4.600000,0.000000,120,160,190,220,280,360,610,900,2600,2700,2700,2254,0,120.0,166.99986911615466,32.82345800107578,2720.7615840015933,59813.32608695652
1791643672,10,,Aggregated,4.500000,0.000000,120,160,190,220,280,360,610,900,2600,2700,2700,2260,0,120.0,166.96065810699747,32.82345800107578,2720.7615840015933,60019.20575221239
1791643673,10,,Aggregated,4.400000,0.000000,120,160,190,220,280,360,610,900,2600,2700,2700,2263,0,120.0,166.9521138739846,32.82345800107578,2720.7615840015933,60202.227132125496
1791643674,10,,Aggregated,4.300000,0.000000,120,160,190,220,280,360,610,900,2600,2700,2700,2269,0,120.0,166.76017560503198,32.82345800107578,2720.7615840015933,60056.57205817541
1791643675,10,,Aggregated,4.700000,0.000000,120,160,190,220,280,360,610,900,2600,2700,2700,2272,0,120.0,166.75882905581562,32.82345800107578,2720.7615840015933,60069.444982394365
1791643676,10,,Aggregated,4.500000,0.000000,120,160,190,220,280,360,610,900,2600,2700,2700,2274,0,120.0,166.70147355488422,32.82345800107578,2720.7615840015933,60043.95998240985
1791643677,10,,Aggregated,4.600000,0.000000,120,160,190,220,280,360,610,900,2600,2700,2700,2280,0,120.0,166.6144349735987,32.82345800107578,2720.7615840015933,60043.71710526316
1791643678,10,,Aggregated,4.400000,0.000000,120,160,190,220,280,360,610,900,2600,2700,2700,2284,0,120.0,166.5930687704945,32.82345800107578,2720.7615840015933,59979.3353765324
1791643679,10,,Aggregated,4.500000,0.000000,120,160,190,220,280,360,610,900,2600,2700,2700,2291,0,120.0,166.61915765902333,32.82345800107578,2720.7615840015933,60348.17285028372
1791643680,10,,Aggregated,4.800000,0.000000,120,160,190,220,280,360,610,900,2600,2700,2700,2294,0,120.0,166.77053452346104,32.82345800107578,2720.7615840015933,60280.21185701831
1791643681,10,,Aggregated,4.200000,0.000000,120,160,190,220,280,360,610,900,2600,2700,2700,2297,0,120.0,166.69090171520506,32.82345800107578,2720.7615840015933,60230.483674357856
1791643682,10,,Aggregated,4.600000,0.000000,120,160,190,220,280,360,590,890,2600,2700,2700,2304,0,120.0,166.6741303488853,32.82345800107578,2720.7615840015933,60210.94184027778
1791643683,10,,Aggregated,4.500000,0.000000,120,160,190,220,280,360,590,890,2600,2700,2700,2308,0,120.0,166.66876497999687,32.82345800107578,2720.7615840015933,60164.080589254765
1791643684,10,,Aggregated,4.500000,0.000000,120,160,190,220,280,360,590,890,2600,2700,2700,2313,0,120.0,166.52410256845513,32.82345800107578,2720.7615840015933,60192.24340683095
1791643685,10,,Aggregated,4.300000,0.000000,120,160,190,220,280,360,590,890,2600,2700,2700,2317,0,120.0,166.46216833527885,32.82345800107578,2720.7615840015933,60342.15537332758
1791643686,10,,Aggregated,4.400000,0.000000,120,160,190,220,280,360,590,890,2600,2700,2700,2321,0,120.0,166.55643007274873,32.82345800107578,2720.7615840015933,60459.635071090044
1791643687,10,,Aggregated,4.400000,0.000000,120,160,190,220,280,360,590,890,2600,2700,2700,2327,0,120.0,166.389002109084,32.82345800107578,2720.7615840015933,60406.33476579287
1791643688,10,,Aggregated,4.600000,0.000000,120,160,190,220,280,360,590,890,2600,2700,2700,2329,0,120.0,166.34255509868473,32.82345800107578,2720.7615840015933,60460.4259338772
1791643689,10,,Aggregated,4.300000,0.000000,120,160,190,220,280,360,590,890,2600,2700,2700,2334,0,120.0,166.24206346051184,32.82345800107578,2720.7615840015933,60616.205655526996
1791643690,10,,Aggregated,4.500000,0.000000,120,160,190,220,280,360,590,890,2600,2700,2700,2340,0,120.0,166.16219043540212,32.82345800107578,2720.7615840015933,60510.444444444445
1791643691,10,,Aggregated,4.600000,0.000000,120,160,190,220,280,360,590,890,2600,2700,2700,2344,0,120.0,166.13692679643324,32.82345800107578,2720.7615840015933,60469.13694539249
1791643692,10,,Aggregated,4.100000,0.000000,120,160,190,220,280,360,590,890,2600,2700,2700,2347,0,120.0,166.04453706639978,32.82345800107578,2720.7615840015933,60418.172134639964
1791643693,10,,Aggregated,4.700000,0.000000,120,160,190,220,280,360,590,890,2600,2700,2700,2355,0,120.0,165.91108610821482,32.82345800107578,2720.7615840015933,60496.85944798301
1791643694,10,,Aggregated,4.500000,0.000000,120,160,190,210,280,360,590,890,2600,2700,2700,2357,0,120.0,165.88203682004274,32.82345800107578,2720.7615840015933,60453.64870598218
1791643695,10,,Aggregated,4.300000,0.000000,120,160,190,210,280,360,590,890,2600,2700,2700,2362,0,120.0,165.87316890425066,32.82345800107578,2720.7615840015933,60633.73370025402
1791643696,10,,Aggregated,4.600000,0.000000,120,160,190,220,280,360,590,890,2600,2700,2700,2365,0,120.0,165.86794004306168,32.82345800107578,2720.7615840015933,60861.23298097251
1791643697,10,,Aggregated,4.400000,0.000000,120,160,190,210,280,360,590,890,2600,2700,2700,2371,0,120.0,165.68644388563072,32.82345800107578,2720.7615840015933,60840.54365246731
1791643698,10,,Aggregated,4.300000,0.000000,120,160,190,210,280,360,590,890,2600,2700,2700,2374,0,120.0,165.66309684533795,32.82345800107578,2720.7615840015933,60785.57540016849
1791643699,10,,Aggregated,4.400000,0.000000,120,160,190,210,280,360,590,890,2600,2700,2700,2381,0,120.0,165.68075250013672,32.82345800107578,2720.7615840015933,60737.87400251995
1791643700,10,,Aggregated,4.400000,0.000000,120,160,190,220,280,360,590,890,2600,2700,2700,2386,0,120.0,165.7505982446901,32.82345800107578,2720.7615840015933,60949.701173512156
1791643701,10,,Aggregated,4.600000,0.000000,120,160,190,220,280,360,590,890,2600,2700,2700,2391,0,120.0,165.77481193133505,32.82345800107578,2720.7615840015933,60913.64450020912
1791643702,10,,Aggregated,4.800000,0.000000,120,160,190,220,280,360,590,890,2600,2700,2700,2395,0,120.0,165.86846673353742,32.82345800107578,2720.7615840015933,60919.14196242171
1791643703,10,,Aggregated,4.500000,0.000000,120,160,190,220,280,360,590,890,2600,2700,2700,2398,0,120.0,165.87030796197647,32.82345800107578,2720.7615840015933,61163.6046705588
1791643704,10,,Aggregated,4.700000,0.000000,120,160,190,220,280,350,570,870,2600,2700,2700,2404,0,120.0,165.8823210931036,32.82345800107578,2720.7615840015933,61142.65141430948
1791643705,10,,Aggregated,4.800000,0.000000,120,160,190,220,280,350,570,870,2600,2700,2700,2408,0,120.0,165.73663414984304,32.82345800107578,2720.7615840015933,61082.1042358804
1791643706,10,,Aggregated,4.400000,0.000000,120,160,190,220,280,350,570,870,2600,2700,2700,2411,0,120.0,165.72883267267764,32.82345800107578,2720.7615840015933,61123.83409373704
1791643707,10,,Aggregated,4.600000,0.000000,120,160,190,220,280,350,570,870,2600,2700,2700,2415,0,120.0,165.82047594485826,32.82345800107578,2720.7615840015933,61256.220289855075
1791643708,10,,Aggregated,4.700000,0.000000,120,160,190,220,280,350,570,870,2600,2700,2700,2420,0,120.0,165.73914428050813,32.82345800107578,2720.7615840015933,61214.61157024794
1791643709,10,,Aggregated,4.600000,0.000000,120,160,190,220,280,350,570,870,2600,2700,2700,2424,0,120.0,165.68964474745462,32.82345800107578,2720.7615840015933,61431.9451320132
1791643710,10,,Aggregated,4.400000,0.000000,120,160,190,220,280,350,570,870,2600,2700,2700,2431,0,120.0,165.5817228485489,32.82345800107578,2720.7615840015933,61408.136157959685
1791643711,10,,Aggregated,4.500000,0.000000,120,160,190,220,280,350,570,870,2600,2700,2700,2435,0,120.0,165.54992299541152,32.82345800107578,2720.7615840015933,61404.892402464066
1791643712,10,,Aggregated,4.300000,0.000000,120,160,190,220,280,350,570,870,2600,2700,2700,2441,0,120.0,165.34708881025335,32.82345800107578,2720.7615840015933,61326.328963539534
1791643713,10,,Aggregated,4.500000,0.000000,120,160,190,220,280,350,570,870,2600,2700,2700,2445,0,120.0,165.26522496353027,32.82345800107578,2720.7615840015933,61281.38241308794
1791643714,10,,Aggregated,4.400000,0.000000,120,160,190,220,280,350,570,870,2600,2700,2700,2451,0,120.0,165.38501444669012,32.82345800107578,2720.7615840015933,61631.90208078335
1791643715,10,,Aggregated,4.500000,0.000000,120,160,190,220,280,350,570,870,2600,2700,2700,2455,0,120.0,165.31556399871405,32.82345800107578,2720.7615840015933,61563.88391038697
1791643716,10,,Aggregated,4.600000,0.000000,120,160,190,220,280,350,570,870,2600,2700,2700,2460,0,120.0,165.27588255074937,32.82345800107578,2720.7615840015933,61785.38292682927
1791643717,10,,Aggregated,4.700000,0.000000,120,160,190,220,280,350,570,870,2600,2700,2700,2462,0,120.0,165.20953602755745,32.82345800107578,2720.7615840015933,61741.73639317628
1791643718,10,,Aggregated,4.600000,0.000000,120,160,190,220,280,350,570,870,2600,2700,2700,2468,0,120.0,165.18410077019715,32.82345800107578,2720.7615840015933,61695.81523500811
1791643719,10,,Aggregated,4.800000,0.000000,120,160,190,220,280,350,570,870,2600,2700,2700,2472,0,120.0,165.06498981709058,32.82345800107578,2720.7615840015933,61638.49312297734
1791643720,10,,Aggregated,4.800000,0.000000,120,160,190,220,280,350,570,870,2600,2700,2700,2477,0,120.0,165.1636142490313,32.82345800107578,2720.7615840015933,61687.773516350426
1791643721,10,,Aggregated,4.600000,0.000000,120,160,190,220,280,350,570,870,2600,2700,2700,2481,0,120.0,165.13669089876979,32.82345800107578,2720.7615840015933,61612.98871422814
1791643722,10,,Aggregated,4.700000,0.000000,120,160,190,220,280,350,570,870,2600,2700,2700,2489,0,120.0,165.2018079698015,32.82345800107578,2720.7615840015933,61498.376456408194
1791643723,10,,Aggregated,4.500000,0.000000,120,160,190,220,280,350,570,870,2600,2700,2700,2492,0,120.0,165.0821455308334,32.82345800107578,2720.7615840015933,61445.865569823436
1791643724,10,,Aggregated,4.600000,0.000000,120,160,190,220,280,350,570,870,2600,2700,2700,2495,0,120.0,164.9978127073448,32.82345800107578,2720.7615840015933,61415.63046092184
1791643725,10,,Aggregated,4.900000,0.000000,120,160,190,220,280,360,570,870,2600,2700,2700,2499,0,120.0,165.1755797806405,32.82345800107578,2720.7615840015933,61353.45698279312
1791643726,10,,Aggregated,4.700000,0.000000,120,160,190,220,280,360,570,840,2600,2700,2700,2503,0,120.0,165.55191626600964,32.82345800107578,2720.7615840015933,61544.43108270076
1791643727,10,,Aggregated,4.400000,0.000000,120,160,190,220,280,360,570,840,2600,2700,2700,2509,0,120.0,165.71386264361826,32.82345800107578,2720.7615840015933,61469.34196891192
1791643728,10,,Aggregated,4.400000,0.000000,120,160,190,220,280,360,570,840,2600,2700,2700,2513,0,120.0,165.62658527211974,32.82345800107578,2720.7615840015933,61403.8635097493
1791643729,10,,Aggregated,4.300000,0.000000,120,160,190,220,280,360,570,840,2600,2700,2700,2516,0,120.0,165.59382970542026,32.82345800107578,2720.7615840015933,61356.71899841017
1791643730,10,,Aggregated,4.500000,0.000000,120,160,190,220,280,360,570,840,2600,2700,2700,2524,0,120.0,165.84823806411308,32.82345800107578,2720.7615840015933,61217.70721077654
1791643731,10,,Aggregated,4.500000,0.000000,120,160,190,220,280,360,570,840,2600,2700,2700,2528,0,120.0,165.98083776654641,32.82345800107578,2720.7615840015933,61366.19738924051
1791643732,10,,Aggregated,4.400000,0.000000,120,160,190,220,280,360,570,840,2600,2700,2700,2532,0,120.0,166.16069844226985,32.82345800107578,2720.7615840015933,61363.080568720376
1791643733,10,,Aggregated,4.700000,0.000000,120,160,190,220,280,360,570,840,2600,2700,2700,2536,0,120.0,166.29843071286268,32.82345800107578,2720.7615840015933,61368.175078864355
1791643735,10,,Aggregated,4.600000,0.000000,120,160,190,220,280,360,570,840,2600,2700,2700,2541,0,120.0,166.24091136868378,32.82345800107578,2720.7615840015933,61497.89138134593
1791643736,10,,Aggregated,4.200000,0.000000,120,160,190,220,280,360,570,840,2600,2700,2700,2544,0,120.0,166.19898525779044,32.82345800107578,2720.7615840015933,61463.76218553459
1791643737,10,,Aggregated,4.400000,0.000000,120,160,190,220,280,360,570,840,2600,2700,2700,2549,0,120.0,166.0998324820819,32.82345800107578,2720.7615840015933,61363.453118870144
1791643738,10,,Aggregated,4.600000,0.000000,120,160,190,220,280,360,560,840,2600,2700,2700,2554,0,120.0,166.05430686993924,32.82345800107578,2720.7615840015933,61515.215348472986
1791643739,10,,Aggregated,4.500000,0.000000,120,160,190,220,280,360,560,840,2600,2700,2700,2557,0,120.0,166.1307268591406,32.82345800107578,2720.7615840015933,61581.20179898318
1791643740,10,,Aggregated,4.600000,0.000000,120,160,190,220,280,360,560,840,2600,2700,2700,2563,0,120.0,166.18424608030742,32.82345800107578,2720.7615840015933,61689.88412017167
1791643741,10,,Aggregated,4.500000,0.000000,120,160,190,220,280,360,560,840,2600,2700,2700,2568,0,120.0,166.1986303687063,32.82345800107578,2720.7615840015933,61744.40498442367
1791643742,10,,Aggregated,4.400000,0.000000,120,160,190,220,280,360,560,840,2600,2700,2700,2573,0,120.0,166.10618498050567,32.82345800107578,2720.7615840015933,61739.59269335406
1791643743,10,,Aggregated,4.700000,0.000000,120,160,190,220,280,360,560,840,2600,2700,2700,2578,0,120.0,166.07105078038973,32.82345800107578,2720.7615840015933,61681.43793638479
1791643744,10,,Aggregated,4.400000,0.000000,120,160,190,220,280,360,560,840,2600,2700,2700,2582,0,120.0,166.00832006616923,32.82345800107578,2720.7615840015933,61721.802091402016
1791643745,10,,Aggregated,4.500000,0.000000,120,160,190,220,280,360,560,840,2600,2700,2700,2588,0,120.0,165.93555406176316,32.82345800107578,2720.7615840015933,61825.72642967542
1791643746,10,,Aggregated,4.600000,0.000000,120,160,190,220,280,360,560,840,2600,2700,2700,2590,0,120.0,165.88034116635004,32.82345800107578,2720.7615840015933,61802.01505791506
1791643747,10,,Aggregated,4.600000,0.000000,120,160,190,220,280,360,560,840,2600,2700,2700,2598,0,120.0,165.72213609617086,32.82345800107578,2720.7615840015933,61715.83140877598
1791643748,10,,Aggregated,4.700000,0.000000,120,160,190,220,280,360,560,840,2600,2700,2700,2600,0,120.0,165.73308546263712,32.82345800107578,2720.7615840015933,61746.85538461539
1791643749,10,,Aggregated,4.900000,0.000000,120,160,190,220,280,360,560,820,2600,2700,2700,2607,0,120.0,165.80877253273997,32.82345800107578,2720.7615840015933,61900.05715381665
1791643750,10,,Aggregated,4.900000,0.000000,120,160,190,220,280,360,560,820,2600,2700,2700,2610,0,120.0,165.81100392446052,32.82345800107578,2720.7615840015933,61913.29885057471
1791643751,10,,Aggregated,4.600000,0.000000,120,160,190,220,280,360,560,820,2600,2700,2700,2618,0,120.0,165.69037643003333,32.82345800107578,2720.7615840015933,61852.67226890756
1791643752,10,,Aggregated,4.900000,0.000000,120,160,190,220,280,350,560,820,2600,2700,2700,2623,0,120.0,165.59092025422618,32.82345800107578,2720.7615840015933,61771.37781166603
1791643753,10,,Aggregated,4.700000,0.000000,120,160,190,220,280,350,560,820,2600,2700,2700,2628,0,120.0,165.5139325825106,32.82345800107578,2720.7615840015933,61745.324200913245
1791643754,10,,Aggregated,5.000000,0.000000,120,160,190,220,280,350,560,820,2600,2700,2700,2632,0,120.0,165.52660702919806,32.82345800107578,2720.7615840015933,61729.55357142857
1791643755,10,,Aggregated,5.000000,0.000000,120,160,190,220,280,350,560,820,2600,2700,2700,2638,0,120.0,165.38140489683568,32.82345800107578,2720.7615840015933,61647.054965883246
