Timestamp,User Count,Type,Name,Requests/s,Failures/s,50%,66%,75%,80%,90%,95%,98%,99%,99.9%,99.99%,100%,Total Request Count,Total Failure Count,Total Median Response Time,Total Average Response Time,Total Min Response Time,Total Max Response Time,Total Average Content Size
1791644141,0,,Aggregated,0.000000,0.000000,N/A,N/A,N/A,N/A,N/A,N/A,N/A,N/A,N/A,N/A,N/A,0,0,0,0.0,0,0,0
1791644142,10,,Aggregated,0.000000,0.000000,680,680,830,830,830,830,830,830,830,830,830,6,0,530.0,630.6186043342071,399.1476250012056,832.1197090044734,4322.0
1791644143,10,,Aggregated,0.000000,0.000000,1100,1200,1300,1300,1300,1600,1600,1600,1600,1600,1600,16,0,1000.0,989.0971198751686,399.1476250012056,1563.849707999907,2988.5
1791644144,10,,Aggregated,3.000000,0.000000,680,930,1000,1200,1300,1300,1600,1600,1600,1600,1600,34,0,670.0,767.4722622646453,355.7253750041127,1563.849707999907,4729.676470588235
1791644145,10,,Aggregated,4.500000,0.000000,690,990,1000,1200,1200,1300,1600,1600,1600,1600,1600,41,0,690.0,788.7915356097836,244.57662500208244,1563.849707999907,12629.365853658537
1791644146,10,,Aggregated,9.666667,0.000000,690,960,1000,1200,1200,1300,1600,1600,1600,1600,1600,42,0,680.0,772.018684571473,84.33179200073937,1563.849707999907,12676.02380952381
1791644147,10,,Aggregated,9.500000,0.000000,600,910,1000,1100,1200,1300,1600,1600,1600,1600,1600,49,0,600.0,683.7147576734424,59.222999996563885,1563.849707999907,15492.204081632653
1791644148,10,,Aggregated,8.200000,0.000000,560,830,990,1000,1200,1300,1300,1600,1600,1600,1600,54,0,530.0,632.3026126851296,55.88766699656844,1563.849707999907,17837.61111111111
1791644149,10,,Aggregated,7.833333,0.000000,520,790,960,1000,1200,1300,1300,1600,1600,1600,1600,58,0,520.0,596.8086681206277,52.57291599991731,1563.849707999907,20209.05172413793
1791644150,10,,Aggregated,7.428571,0.000000,490,680,930,1000,1200,1300,1300,1600,1600,1600,1600,64,0,480.0,551.1602669374724,52.57291599991731,1563.849707999907,21574.359375
1791644151,10,,Aggregated,7.000000,0.000000,470,670,910,990,1200,1300,1300,1600,1600,1600,1600,68,0,450.0,525.5963382500983,52.57291599991731,1563.849707999907,21826.83823529412
1791644152,10,,Aggregated,6.888889,0.000000,450,600,830,960,1200,1300,1300,1600,1600,1600,1600,71,0,450.0,509.57780929579906,52.57291599991731,1563.849707999907,30390.591549295776
1791644153,10,,Aggregated,6.600000,0.000000,400,570,830,960,1200,1300,1300,1600,1600,1600,1600,75,0,400.0,489.53894833335653,52.57291599991731,1563.849707999907,31096.133333333335
1791644154,10,,Aggregated,6.700000,0.000000,360,530,790,930,1200,1300,1300,1600,1600,1600,1600,80,0,360.0,468.236814062584,48.71416699461406,1563.849707999907,32355.5875
1791644155,10,,Aggregated,6.500000,0.000000,250,520,680,910,1200,1200,1300,1600,1600,1600,1600,85,0,250.0,446.4369558823391,48.71416699461406,1563.849707999907,33046.42352941177
1791644156,10,,Aggregated,4.800000,0.000000,240,500,680,830,1200,1200,1300,1600,1600,1600,1600,90,0,240.0,427.26093425541575,48.71416699461406,1563.849707999907,32286.71111111111
1791644157,10,,Aggregated,4.600000,0.000000,240,490,670,830,1100,1200,1300,1600,1600,1600,1600,93,0,240.0,418.4803669354209,34.931792004499584,1563.849707999907,37397.0
1791644158,10,,Aggregated,4.800000,0.000000,220,470,600,790,1100,1200,1300,1600,1600,1600,1600,98,0,180.0,402.2405480407505,34.931792004499584,1563.849707999907,36391.37755102041
1791644159,10,,Aggregated,4.500000,0.000000,180,450,570,690,1000,1200,1300,1300,1600,1600,1600,104,0,180.0,387.5580821442362,34.931792004499584,1563.849707999907,38601.96153846154
1791644160,10,,Aggregated,4.400000,0.000000,180,440,560,680,1000,1200,1300,1300,1600,1600,1600,108,0,170.0,378.80290240738964,34.931792004499584,1563.849707999907,37620.63888888889
1791644161,10,,Aggregated,4.700000,0.000000,170,360,530,680,1000,1200,1300,1300,1600,1600,1600,112,0,170.0,369.51911311591954,34.931792004499584,1563.849707999907,38100.78571428572
1791644162,10,,Aggregated,4.300000,0.000000,160,360,520,670,1000,1200,1300,1300,1600,1600,1600,116,0,160.0,359.42645405157236,34.931792004499584,1563.849707999907,38017.379310344826
1791644163,10,,Aggregated,4.400000,0.000000,160,260,500,600,1000,1200,1300,1300,1600,1600,1600,122,0,140.0,347.7319815899479,34.931792004499584,1563.849707999907,38667.737704918036
1791644164,10,,Aggregated,4.400000,0.000000,140,260,490,570,1000,1200,1300,1300,1600,1600,1600,126,0,140.0,339.83205888869145,34.931792004499584,1563.849707999907,39396.11111111111
1791644165,10,,Aggregated,4.400000,0.000000,140,250,480,570,1000,1200,1300,1300,1600,1600,1600,130,0,140.0,332.24548079211115,34.931792004499584,1563.849707999907,39706.23846153846
1791644166,10,,Aggregated,4.700000,0.000000,140,260,470,560,990,1200,1300,1300,1600,1600,1600,135,0,140.0,328.8732367479329,34.931792004499584,1563.849707999907,42682.05925925926
1791644167,10,,Aggregated,4.300000,0.000000,140,260,470,560,960,1200,1300,1300,1600,1600,1600,141,0,140.0,328.17536762390034,34.931792004499584,1563.849707999907,49312.78014184397
1791644168,10,,Aggregated,4.300000,0.000000,140,260,480,570,960,1200,1300,1300,1600,1600,1600,147,0,140.0,328.11991895898836,34.931792004499584,1563.849707999907,49446.04081632653
1791644169,10,,Aggregated,4.700000,0.000000,140,260,470,570,960,1200,1300,1300,1600,1600,1600,150,0,140.0,323.4500119664881,34.931792004499584,1563.849707999907,49175.04666666667
1791644170,10,,Aggregated,4.600000,0.000000,140,250,450,530,930,1200,1300,1300,1600,1600,1600,156,0,140.0,314.8217110318887,34.931792004499584,1563.849707999907,48341.92307692308
1791644171,10,,Aggregated,4.600000,0.000000,140,250,450,530,930,1200,1300,1300,1600,1600,1600,157,0,140.0,313.42016377691687,34.931792004499584,1563.849707999907,48126.93630573248
1791644172,10,,Aggregated,4.800000,0.000000,140,240,450,520,910,1200,1300,1300,1600,1600,1600,164,0,140.0,308.389981993747,34.931792004499584,1563.849707999907,47840.37195121951
1791644173,10,,Aggregated,4.700000,0.000000,140,240,440,520,910,1200,1300,1300,1600,1600,1600,168,0,140.0,304.1132567320909,34.931792004499584,1563.849707999907,47566.03571428572
1791644174,10,,Aggregated,4.900000,0.000000,140,240,360,500,830,1200,1300,1300,1600,1600,1600,174,0,140.0,296.7945649310339,34.931792004499584,1563.849707999907,47968.097701149425
1791644175,10,,Aggregated,4.800000,0.000000,140,230,360,490,830,1200,1300,1300,1600,1600,1600,178,0,140.0,292.72906932585124,34.931792004499584,1563.849707999907,47706.089887640446
1791644176,10,,Aggregated,4.600000,0.000000,140,230,360,480,830,1100,1300,1300,1600,1600,1600,183,0,140.0,288.4825722076179,34.931792004499584,1563.849707999907,50315.229508196724
1791644177,10,,Aggregated,4.800000,0.000000,140,220,350,470,830,1100,1300,1300,1600,1600,1600,187,0,140.0,284.3342968288801,34.39079200325068,1563.849707999907,50644.245989304814
1791644178,10,,Aggregated,4.900000,0.000000,140,230,300,460,790,1100,1300,1300,1600,1600,1600,191,0,140.0,281.75498956543333,34.39079200325068,1563.849707999907,52417.1780104712
1791644179,10,,Aggregated,4.500000,0.000000,140,200,270,450,790,1100,1300,1300,1600,1600,1600,198,0,140.0,274.7730337070625,34.39079200325068,1563.849707999907,51860.0101010101
1791644180,10,,Aggregated,4.500000,0.000000,140,200,270,450,790,1100,1300,1300,1600,1600,1600,200,0,140.0,273.93520399997215,34.39079200325068,1563.849707999907,52414.745
1791644181,10,,Aggregated,4.500000,0.000000,140,200,260,440,770,1000,1200,1300,1600,1600,1600,206,0,140.0,270.0136100776362,34.39079200325068,1563.849707999907,53960.679611650485
1791644182,10,,Aggregated,4.700000,0.000000,140,200,260,440,770,1000,1200,1300,1600,1600,1600,207,0,140.0,269.1733893381383,34.39079200325068,1563.849707999907,53930.19323671498
1791644183,10,,Aggregated,4.600000,0.000000,140,200,260,360,690,1000,1200,1300,1600,1600,1600,217,0,140.0,264.91269666811803,34.39079200325068,1563.849707999907,53552.57142857143
1791644184,10,,Aggregated,4.300000,0.000000,140,200,260,360,680,1000,1200,1300,1600,1600,1600,221,0,140.0,261.65427530766596,34.39079200325068,1563.849707999907,53042.92307692308
1791644185,10,,Aggregated,4.700000,0.000000,140,200,260,360,680,1000,1200,1300,1600,1600,1600,228,0,130.0,258.38553055696696,34.39079200325068,1563.849707999907,54363.5350877193
1791644186,10,,Aggregated,4.800000,0.000000,130,190,250,350,680,1000,1200,1300,1600,1600,1600,233,0,130.0,255.27249037764906,34.39079200325068,1563.849707999907,54350.3991416309
1791644187,10,,Aggregated,4.700000,0.000000,130,180,250,340,680,1000,1200,1300,1600,1600,1600,237,0,130.0,252.35811360336336,34.39079200325068,1563.849707999907,54127.70464135021
1791644188,10,,Aggregated,4.800000,0.000000,130,180,250,320,670,1000,1200,1300,1600,1600,1600,242,0,130.0,250.23559679749638,34.39079200325068,1563.849707999907,53320.545454545456
1791644189,10,,Aggregated,4.900000,0.000000,130,180,240,300,670,1000,1200,1300,1600,1600,1600,248,0,130.0,246.8004029193077,34.39079200325068,1563.849707999907,52889.60080645161
1791644190,10,,Aggregated,4.700000,0.000000,130,180,240,300,640,1000,1200,1300,1600,1600,1600,251,0,130.0,245.42264478077414,34.39079200325068,1563.849707999907,52436.42629482072
1791644191,10,,Aggregated,5.000000,0.000000,130,180,240,290,640,1000,1200,1300,1600,1600,1600,256,0,130.0,242.91414585928806,34.39079200325068,1563.849707999907,52597.4921875
1791644192,10,,Aggregated,4.900000,0.000000,130,180,240,280,640,990,1200,1300,1600,1600,1600,261,0,130.0,241.12868217619913,34.39079200325068,1563.849707999907,53618.12643678161
1791644193,10,,Aggregated,4.900000,0.000000,130,180,240,280,640,990,1200,1300,1600,1600,1600,264,0,130.0,239.48074134464014,34.39079200325068,1563.849707999907,53297.125
1791644194,10,,Aggregated,5.000000,0.000000,130,180,240,260,600,990,1200,1300,1600,1600,1600,271,0,130.0,236.81409151658048,34.39079200325068,1563.849707999907,52941.76383763838
1791644195,10,,Aggregated,5.000000,0.000000,130,180,240,260,600,990,1200,1300,1600,1600,1600,273,0,130.0,236.19238739926945,34.39079200325068,1563.849707999907,52621.10256410256
1791644196,10,,Aggregated,4.700000,0.000000,130,170,240,260,600,990,1200,1300,1600,1600,1600,278,0,130.0,233.37289271941648,34.39079200325068,1563.849707999907,52736.10791366907
1791644197,10,,Aggregated,4.900000,0.000000,130,170,240,260,590,960,1200,1300,1600,1600,1600,284,0,130.0,230.0163594859121,34.39079200325068,1563.849707999907,52260.31338028169
1791644198,10,,Aggregated,4.600000,0.000000,130,170,240,260,590,960,1200,1300,1600,1600,1600,289,0,130.0,227.74795634600244,34.39079200325068,1563.849707999907,51646.98615916955
1791644199,10,,Aggregated,4.800000,0.000000,120,160,240,260,570,960,1200,1300,1600,1600,1600,292,0,120.0,226.3099702089028,34.39079200325068,1563.849707999907,51375.517123287675
1791644200,10,,Aggregated,4.900000,0.000000,120,170,240,260,570,960,1200,1300,1600,1600,1600,296,0,120.0,225.4327398952621,34.39079200325068,1563.849707999907,52213.53040540541
1791644201,10,,Aggregated,4.800000,0.000000,120,170,230,250,560,930,1200,1300,1600,1600,1600,302,0,120.0,222.79846664571699,34.39079200325068,1563.849707999907,51895.92715231788
1791644202,10,,Aggregated,4.300000,0.000000,120,170,230,260,560,930,1200,1300,1600,1600,1600,303,0,120.0,223.6144539670127,34.39079200325068,1563.849707999907,53449.851485148516
1791644203,10,,Aggregated,4.700000,0.000000,130,170,240,260,560,930,1200,1300,1600,1600,1600,310,0,120.0,223.78344869357534,34.39079200325068,1563.849707999907,54889.67419354839
1791644204,10,,Aggregated,4.600000,0.000000,130,170,240,260,530,930,1200,1300,1600,1600,1600,312,0,130.0,223.33224309297808,34.39079200325068,1563.849707999907,54701.30128205128
1791644205,10,,Aggregated,4.000000,0.000000,130,170,240,250,530,930,1200,1300,1600,1600,1600,316,0,120.0,221.70090642089522,34.39079200325068,1563.849707999907,54397.39240506329
1791644206,10,,Aggregated,4.500000,0.000000,130,170,240,260,520,910,1200,1300,1600,1600,1600,322,0,130.0,220.79718482299828,34.39079200325068,1563.849707999907,55266.0
1791644207,10,,Aggregated,4.100000,0.000000,130,170,240,260,520,910,1200,1300,1600,1600,1600,325,0,130.0,220.4164804246214,34.39079200325068,1563.849707999907,55242.907692307694
1791644208,10,,Aggregated,4.400000,0.000000,130,170,230,250,520,910,1200,1300,1600,1600,1600,331,0,130.0,218.73349701515133,34.39079200325068,1563.849707999907,54771.29003021148
1791644209,10,,Aggregated,4.200000,0.000000,130,170,230,250,520,910,1200,1300,1600,1600,1600,335,0,130.0,217.3148076269131,34.39079200325068,1563.849707999907,54861.68955223881
1791644210,10,,Aggregated,4.100000,0.000000,130,170,230,250,500,830,1200,1300,1600,1600,1600,343,0,130.0,216.32205981056276,34.39079200325068,1563.849707999907,55580.65597667638
1791644211,10,,Aggregated,4.000000,0.000000,130,170,230,250,500,830,1200,1300,1600,1600,1600,345,0,130.0,215.7800620001027,34.39079200325068,1563.849707999907,55829.65507246377
1791644212,10,,Aggregated,4.300000,0.000000,130,170,230,250,500,830,1200,1300,1600,1600,1600,347,0,130.0,215.1942917090265,34.39079200325068,1563.849707999907,55563.04610951008
1791644213,10,,Aggregated,4.400000,0.000000,130,170,230,250,490,830,1200,1300,1600,1600,1600,353,0,130.0,214.3716590397641,34.39079200325068,1563.849707999907,54789.98866855524
1791644214,10,,Aggregated,4.400000,0.000000,130,170,230,250,490,830,1200,1300,1600,1600,1600,356,0,130.0,213.83000578101968,34.39079200325068,1563.849707999907,55035.02808988764
1791644215,10,,Aggregated,4.400000,0.000000,130,170,230,250,480,830,1200,1300,1600,1600,1600,361,0,130.0,212.88832299179674,34.39079200325068,1563.849707999907,54566.717451523546
1791644216,10,,Aggregated,4.600000,0.000000,130,170,230,240,480,830,1200,1300,1600,1600,1600,368,0,130.0,210.96117350555727,34.39079200325068,1563.849707999907,54420.22282608696
1791644217,10,,Aggregated,4.500000,0.000000,130,170,230,240,470,830,1200,1300,1600,1600,1600,371,0,130.0,210.0353766146594,34.39079200325068,1563.849707999907,54033.70080862533
1791644218,10,,Aggregated,4.300000,0.000000,130,170,220,240,470,830,1200,1300,1600,1600,1600,376,0,130.0,209.0926570692821,34.39079200325068,1563.849707999907,54315.11436170213
1791644219,10,,Aggregated,4.600000,0.000000,130,170,220,240,470,790,1200,1300,1600,1600,1600,382,0,130.0,208.04195793729406,34.39079200325068,1563.849707999907,53793.924083769634
1791644220,10,,Aggregated,4.500000,0.000000,130,160,220,240,470,790,1200,1300,1600,1600,1600,386,0,130.0,206.75611931878825,34.39079200325068,1563.849707999907,53373.248704663216
1791644221,10,,Aggregated,4.600000,0.000000,130,160,210,240,470,790,1200,1300,1600,1600,1600,390,0,130.0,205.77232279758437,34.39079200325068,1563.849707999907,53371.717948717946
1791644222,10,,Aggregated,4.800000,0.000000,130,160,210,240,460,790,1200,1300,1600,1600,1600,396,0,130.0,204.90160999504565,34.39079200325068,1563.849707999907,53417.48484848485
1791644223,10,,Aggregated,4.300000,0.000000,130,160,210,240,460,790,1200,1300,1600,1600,1600,399,0,130.0,204.2035200878157,34.39079200325068,1563.849707999907,53547.57142857143
1791644224,10,,Aggregated,4.500000,0.000000,130,160,200,240,450,770,1200,1200,1600,1600,1600,408,0,120.0,201.87934041674524,34.39079200325068,1563.849707999907,54490.904411764706
1791644225,10,,Aggregated,4.900000,0.000000,130,160,200,240,450,770,1200,1200,1600,1600,1600,411,0,130.0,201.2293508078848,34.39079200325068,1563.849707999907,54617.32846715328
1791644226,10,,Aggregated,4.600000,0.000000,130,160,200,240,450,770,1200,1200,1600,1600,1600,416,0,120.0,200.19960850731877,34.39079200325068,1563.849707999907,54343.637019230766
1791644227,10,,Aggregated,5.100000,0.000000,120,160,190,240,440,690,1200,1200,1600,1600,1600,421,0,120.0,199.03983702623748,34.12295800080756,1563.849707999907,54388.48456057007
1791644228,10,,Aggregated,4.900000,0.000000,120,160,190,240,440,690,1200,1200,1600,1600,1600,423,0,120.0,198.5667665793232,34.12295800080756,1563.849707999907,54252.13711583924
1791644229,10,,Aggregated,4.700000,0.000000,130,160,190,240,440,690,1200,1200,1600,1600,1600,430,0,120.0,197.43590632800098,34.12295800080756,1563.849707999907,55078.44418604651
1791644230,10,,Aggregated,4.900000,0.000000,130,160,190,240,410,690,1200,1200,1600,1600,1600,434,0,120.0,196.85528900702045,34.12295800080756,1563.849707999907,56335.467741935485
1791644231,10,,Aggregated,4.600000,0.000000,120,160,190,240,410,690,1200,1200,1600,1600,1600,438,0,120.0,195.78091079692055,34.12295800080756,1563.849707999907,56095.04794520548
1791644232,10,,Aggregated,4.700000,0.000000,120,160,190,240,410,690,1200,1200,1600,1600,1600,440,0,120.0,195.46793222512363,34.12295800080756,1563.849707999907,56054.336363636365
1791644233,10,,Aggregated,4.800000,0.000000,120,160,190,240,410,680,1200,1200,1600,1600,1600,447,0,120.0,195.64080707618763,34.12295800080756,1563.849707999907,56135.41163310962
1791644234,10,,Aggregated,4.800000,0.000000,120,160,190,240,400,680,1100,1200,1600,1600,1600,452,0,120.0,194.94928561071958,34.12295800080756,1563.849707999907,56971.46681415929
1791644235,10,,Aggregated,4.400000,0.000000,120,160,190,240,400,680,1100,1200,1600,1600,1600,459,0,120.0,193.33209579746523,34.12295800080756,1563.849707999907,56469.55337690632
1791644236,10,,Aggregated,4.500000,0.000000,120,160,190,240,360,680,1100,1200,1600,1600,1600,462,0,120.0,192.85254972304386,34.12295800080756,1563.849707999907,56762.768398268396
1791644237,10,,Aggregated,4.500000,0.000000,120,160,190,240,360,680,1100,1200,1600,1600,1600,466,0,120.0,192.5785458112603,34.12295800080756,1563.849707999907,56825.20386266094
1791644238,10,,Aggregated,4.800000,0.000000,120,160,190,240,360,680,1100,1200,1600,1600,1600,471,0,120.0,191.98377798522122,34.12295800080756,1563.849707999907,56917.95541401274
1791644239,10,,Aggregated,4.600000,0.000000,120,160,190,240,360,680,1100,1200,1600,1600,1600,475,0,120.0,192.39100204852693,34.12295800080756,1563.849707999907,58136.77052631579
1791644240,10,,Aggregated,4.600000,0.000000,120,160,190,240,360,680,1100,1200,1600,1600,1600,478,0,120.0,192.03358676370584,34.12295800080756,1563.849707999907,57974.55648535565
1791644241,10,,Aggregated,4.800000,0.000000,120,160,190,240,360,670,1100,1200,1600,1600,1600,486,0,120.0,190.92330155357476,34.12295800080756,1563.849707999907,57891.90946502057
1791644242,10,,Aggregated,4.500000,0.000000,120,160,190,240,360,670,1100,1200,1600,1600,1600,489,0,120.0,191.2493000450766,34.12295800080756,1563.849707999907,57652.439672801636
1791644243,10,,Aggregated,4.500000,0.000000,130,160,190,240,350,670,1100,1200,1600,1600,1600,494,0,120.0,190.89348998994706,34.12295800080756,1563.849707999907,58580.8056680162
1791644244,10,,Aggregated,4.800000,0.000000,120,160,190,240,350,670,1100,1200,1600,1600,1600,498,0,120.0,190.05344405226913,34.12295800080756,1563.849707999907,58443.29919678715
1791644245,10,,Aggregated,5.000000,0.000000,120,160,190,240,350,640,1000,1200,1600,1600,1600,505,0,120.0,189.2771579446225,34.12295800080756,1563.849707999907,58678.07524752475
1791644246,10,,Aggregated,4.700000,0.000000,120,160,190,240,340,640,1000,1200,1600,1600,1600,511,0,120.0,188.79851682199103,34.12295800080756,1563.849707999907,58313.029354207436
1791644247,10,,Aggregated,4.500000,0.000000,120,160,190,240,340,640,1000,1200,1600,1600,1600,513,0,120.0,188.37384481099207,34.12295800080756,1563.849707999907,58207.17153996101
1791644248,10,,Aggregated,4.600000,0.000000,120,150,190,230,340,640,1000,1200,1600,1600,1600,521,0,120.0,187.46619268721363,34.12295800080756,1563.849707999907,57647.63147792706
1791644249,10,,Aggregated,4.900000,0.000000,120,150,190,230,340,640,1000,1200,1600,1600,1600,526,0,120.0,186.50309159892123,34.12295800080756,1563.849707999907,57359.33079847909
1791644250,10,,Aggregated,4.600000,0.000000,120,150,190,230,340,640,1000,1200,1600,1600,1600,532,0,120.0,186.08630634029177,34.12295800080756,1563.849707999907,57101.34586466166
1791644252,10,,Aggregated,5.000000,0.000000,120,150,190,230,340,640,1000,1200,1600,1600,1600,534,0,120.0,185.7354834083139,34.12295800080756,1563.849707999907,56979.95505617977
1791644253,10,,Aggregated,5.100000,0.000000,120,150,190,230,340,600,1000,1200,1600,1600,1600,543,0,120.0,185.0012287754229,34.12295800080756,1563.849707999907,56921.62615101289
1791644254,10,,Aggregated,5.300000,0.000000,120,150,190,230,340,600,1000,1200,1600,1600,1600,544,0,120.0,184.93027469310832,34.12295800080756,1563.849707999907,56843.80882352941
1791644255,10,,Aggregated,4.800000,0.000000,120,150,190,230,340,600,1000,1200,1600,1600,1600,548,0,120.0,185.03075041066253,34.12295800080756,1563.849707999907,56911.06569343065
1791644256,10,,Aggregated,5.300000,0.000000,120,150,190,230,340,600,1000,1200,1600,1600,1600,554,0,120.0,185.0891844459304,34.12295800080756,1563.849707999907,56964.89711191336
1791644257,10,,Aggregated,5.000000,0.000000,120,150,190,230,340,600,1000,1200,1600,1600,1600,557,0,120.0,184.90084884748086,34.12295800080756,1563.849707999907,57047.391382405745
1791644258,10,,Aggregated,5.000000,0.000000,120,150,190,230,320,590,1000,1200,1600,1600,1600,563,0,120.0,184.12882951518603,34.12295800080756,1563.849707999907,56968.113676731795
1791644259,10,,Aggregated,4.900000,0.000000,120,150,190,230,320,590,1000,1200,1600,1600,1600,569,0,120.0,183.3851975976272,34.12295800080756,1563.849707999907,56838.353251318105
1791644260,10,,Aggregated,5.000000,0.000000,120,150,190,230,300,590,1000,1200,1600,1600,1600,574,0,120.0,182.61559258196317,34.12295800080756,1563.849707999907,56794.17421602787
1791644261,10,,Aggregated,5.000000,0.000000,120,150,190,220,300,590,1000,1200,1600,1600,1600,579,0,120.0,182.16194310542724,34.12295800080756,1563.849707999907,56828.07599309154
1791644262,10,,Aggregated,4.700000,0.000000,120,150,190,220,300,570,1000,1200,1600,1600,1600,586,0,120.0,181.4731140052091,34.12295800080756,1563.849707999907,56827.05290102389
1791644263,10,,Aggregated,4.700000,0.000000,120,150,190,220,300,570,1000,1200,1600,1600,1600,588,0,120.0,181.4424257619951,34.12295800080756,1563.849707999907,57531.448979591834
1791644264,10,,Aggregated,4.700000,0.000000,120,150,190,230,300,570,1000,1200,1600,1600,1600,594,0,120.0,181.63341311286393,34.12295800080756,1563.849707999907,58863.45622895623
1791644265,10,,Aggregated,5.100000,0.000000,120,150,190,230,300,570,1000,1200,1600,1600,1600,597,0,120.0,181.48200127980942,34.12295800080756,1563.849707999907,58851.76716917923
1791644266,10,,Aggregated,4.500000,0.000000,120,150,190,230,300,560,1000,1200,1600,1600,1600,603,0,120.0,180.93423613275536,34.12295800080756,1563.849707999907,58353.50414593698
1791644267,10,,Aggregated,5.000000,0.000000,120,150,190,230,300,560,1000,1200,1600,1600,1600,606,0,120.0,180.6078728218606,34.12295800080756,1563.849707999907,58121.60891089109
1791644268,10,,Aggregated,4.900000,0.000000,120,150,190,230,300,560,1000,1200,1600,1600,1600,609,0,120.0,180.21486339086718,34.12295800080756,1563.849707999907,58316.03776683087
1791644269,10,,Aggregated,4.900000,0.000000,120,150,190,220,290,560,1000,1200,1600,1600,1600,616,0,120.0,179.58293813316905,34.12295800080756,1563.849707999907,58992.7987012987
1791644270,10,,Aggregated,4.900000,0.000000,120,150,190,220,290,530,1000,1200,1600,1600,1600,623,0,120.0,178.91540759717282,34.12295800080756,1563.849707999907,58565.01284109149
1791644271,10,,Aggregated,4.600000,0.000000,120,150,180,220,290,530,1000,1200,1600,1600,1600,626,0,120.0,178.42765078440686,34.12295800080756,1563.849707999907,58511.05271565495
1791644272,10,,Aggregated,5.000000,0.000000,120,150,180,220,290,530,1000,1200,1600,1600,1600,634,0,120.0,178.28564986911624,34.12295800080756,1563.849707999907,58736.099369085176
1791644273,10,,Aggregated,5.000000,0.000000,120,150,180,220,290,530,1000,1200,1600,1600,1600,637,0,120.0,178.236636081673,34.12295800080756,1563.849707999907,58563.9262166405
1791644274,10,,Aggregated,4.700000,0.000000,120,150,190,230,290,530,1000,1200,1600,1600,1600,641,0,120.0,178.58931580970912,34.12295800080756,1563.849707999907,58742.007800312014
1791644275,10,,Aggregated,4.900000,0.000000,120,150,190,230,290,530,1000,1200,1600,1600,1600,645,0,120.0,178.56127102018917,34.12295800080756,1563.849707999907,58789.30852713178
1791644276,10,,Aggregated,4.900000,0.000000,120,150,190,230,290,530,1000,1200,1600,1600,1600,650,0,120.0,178.41835451540717,34.12295800080756,1563.849707999907,58533.878461538465
1791644277,10,,Aggregated,4.700000,0.000000,120,160,190,230,290,530,990,1200,1600,1600,1600,654,0,120.0,178.71554475385577,34.12295800080756,1563.849707999907,59043.87155963303
1791644278,10,,Aggregated,4.700000,0.000000,120,160,190,230,290,530,990,1200,1600,1600,1600,657,0,120.0,178.8537871917986,34.12295800080756,1563.849707999907,59585.19939117199
1791644279,10,,Aggregated,4.700000,0.000000,120,160,190,230,290,530,990,1200,1600,1600,1600,660,0,120.0,178.6314630333381,34.12295800080756,1563.849707999907,59400.63333333333
1791644280,10,,Aggregated,4.800000,0.000000,130,160,190,230,300,520,990,1200,1600,1600,1600,667,0,130.0,179.60353894452635,34.12295800080756,1563.849707999907,59478.842578710646
1791644281,10,,Aggregated,4.600000,0.000000,130,160,190,240,300,520,990,1200,1600,1600,1600,670,0,120.0,179.49938167909764,34.12295800080756,1563.849707999907,59290.620895522385
1791644282,10,,Aggregated,4.600000,0.000000,130,160,190,240,300,520,990,1200,1600,1600,1600,674,0,130.0,179.46915012313718,34.12295800080756,1563.849707999907,59353.3353115727
1791644283,10,,Aggregated,4.300000,0.000000,130,160,190,240,300,520,990,1200,1600,1600,1600,679,0,130.0,179.65629267304118,34.12295800080756,1563.849707999907,59517.9469808542
1791644284,10,,Aggregated,4.300000,0.000000,130,160,190,240,300,520,990,1200,1600,1600,1600,681,0,130.0,179.58815115125404,34.12295800080756,1563.849707999907,60178.364170337736
1791644285,10,,Aggregated,4.100000,0.000000,130,160,190,240,300,530,990,1200,1600,1600,1600,686,0,130.0,181.89825931780427,34.12295800080756,1563.849707999907,60422.14868804665
1791644286,10,,Aggregated,4.100000,0.000000,130,160,200,240,320,540,990,1200,1600,1600,1600,689,0,130.0,183.58459720612015,34.12295800080756,1563.849707999907,60254.91436865022
1791644287,10,,Aggregated,4.100000,0.000000,130,160,200,240,340,540,990,1200,1600,1600,1600,696,0,130.0,183.98596739368895,34.12295800080756,1563.849707999907,60141.238505747126
1791644288,10,,Aggregated,3.900000,0.000000,130,160,200,240,320,540,960,1200,1600,1600,1600,701,0,130.0,183.4045759843319,34.12295800080756,1563.849707999907,59911.49215406562
1791644289,10,,Aggregated,4.000000,0.000000,130,160,200,240,340,540,960,1200,1600,1600,1600,705,0,130.0,183.9691627276826,34.12295800080756,1563.849707999907,61139.94042553192
1791644290,10,,Aggregated,4.300000,0.000000,130,160,200,240,340,540,960,1200,1600,1600,1600,711,0,130.0,183.28941451902324,34.12295800080756,1563.849707999907,60805.93108298172
1791644291,10,,Aggregated,4.400000,0.000000,130,160,190,240,340,540,960,1200,1600,1600,1600,717,0,130.0,182.71297497630658,34.12295800080756,1563.849707999907,60605.22175732218
1791644292,10,,Aggregated,4.100000,0.000000,130,160,190,240,320,530,960,1200,1600,1600,1600,724,0,130.0,182.16610890747245,34.12295800080756,1563.849707999907,60659.67955801105
1791644293,10,,Aggregated,4.100000,0.000000,130,160,190,240,320,530,960,1200,1600,1600,1600,726,0,130.0,182.28101855924095,34.12295800080756,1563.849707999907,60517.652892561986
1791644294,10,,Aggregated,4.600000,0.000000,130,160,200,240,340,530,960,1200,1600,1600,1600,730,0,130.0,183.0118992219281,34.12295800080756,1563.849707999907,60292.25479452055
1791644295,10,,Aggregated,4.800000,0.000000,130,160,200,240,340,540,960,1200,1600,1600,1600,732,0,130.0,184.07815860383712,34.12295800080756,1563.849707999907,60397.64071038251
1791644296,10,,Aggregated,4.900000,0.000000,130,160,200,240,350,570,1000,1200,1600,1600,1600,741,0,130.0,189.20017489609452,34.12295800080756,1649.408625002252,61084.23886639676
1791644297,10,,Aggregated,4.900000,0.000000,130,160,200,240,350,570,1000,1200,1600,1600,1600,743,0,130.0,189.10593491117228,34.12295800080756,1649.408625002252,60975.3001345895
1791644298,10,,Aggregated,4.700000,0.000000,130,160,200,240,350,570,1000,1200,1600,1600,1600,745,0,130.0,189.04331674228575,34.12295800080756,1649.408625002252,60880.6067114094
1791644299,10,,Aggregated,5.100000,0.000000,130,170,210,240,350,570,990,1200,1600,1600,1600,752,0,130.0,189.09317139627518,34.12295800080756,1649.408625002252,60834.16223404255
1791644300,10,,Aggregated,4.500000,0.000000,130,160,210,240,350,570,990,1200,1600,1600,1600,757,0,130.0,188.31077632759357,34.12295800080756,1649.408625002252,60699.161162483484
1791644301,10,,Aggregated,4.500000,0.000000,130,160,200,240,340,560,990,1200,1600,1600,1600,761,0,130.0,187.7306203626579,34.12295800080756,1649.408625002252,60643.14060446781
1791644302,10,,Aggregated,4.800000,0.000000,130,160,200,240,340,560,990,1200,1600,1600,1600,764,0,130.0,187.64395136908806,34.12295800080756,1649.408625002252,60909.64397905759
1791644303,10,,Aggregated,4.600000,0.000000,130,160,200,240,340,560,990,1200,1600,1600,1600,771,0,130.0,187.2896152347502,34.12295800080756,1649.408625002252,60613.312581063554
1791644304,10,,Aggregated,4.600000,0.000000,130,160,200,240,340,560,990,1200,1600,1600,1600,774,0,130.0,187.10963971188573,34.12295800080756,1649.408625002252,60652.67054263566
1791644305,10,,Aggregated,4.300000,0.000000,130,160,200,240,340,560,990,1200,1600,1600,1600,778,0,130.0,186.72824937273472,34.12295800080756,1649.408625002252,60664.15552699229
1791644306,10,,Aggregated,4.400000,0.000000,130,160,200,240,340,540,990,1200,1600,1600,1600,784,0,130.0,185.85248454974135,34.12295800080756,1649.408625002252,60461.0943877551
1791644307,10,,Aggregated,4.400000,0.000000,130,160,200,240,340,540,990,1200,1600,1600,1600,788,0,130.0,185.42896374238637,34.12295800080756,1649.408625002252,60201.6230964467
1791644308,10,,Aggregated,4.200000,0.000000,130,160,200,240,340,540,990,1200,1600,1600,1600,792,0,130.0,185.06950106817533,34.12295800080756,1649.408625002252,59946.81313131313
1791644309,10,,Aggregated,4.500000,0.000000,130,160,200,240,340,540,990,1200,1600,1600,1600,798,0,130.0,184.64223555386988,34.12295800080756,1649.408625002252,60324.85964912281
1791644310,10,,Aggregated,4.600000,0.000000,130,160,190,240,340,540,960,1200,1600,1600,1600,801,0,130.0,184.46293338074406,34.12295800080756,1649.408625002252,60540.57677902622
1791644311,10,,Aggregated,4.500000,0.000000,130,160,190,240,340,540,960,1200,1600,1600,1600,807,0,130.0,183.99725213378642,34.12295800080756,1649.408625002252,60452.42874845106
1791644312,10,,Aggregated,4.700000,0.000000,130,160,190,240,340,540,960,1200,1600,1600,1600,810,0,130.0,183.83387172466036,34.12295800080756,1649.408625002252,60350.81975308642
1791644313,10,,Aggregated,4.400000,0.000000,130,160,200,240,340,540,960,1200,1600,1600,1600,816,0,130.0,184.02659713599718,34.12295800080756,1649.408625002252,60071.01960784314
1791644314,10,,Aggregated,4.400000,0.000000,130,160,200,240,340,540,960,1200,1600,1600,1600,819,0,130.0,184.25723404148064,34.12295800080756,1649.408625002252,59862.44932844933
1791644315,10,,Aggregated,4.500000,0.000000,130,160,200,240,340,530,960,1200,1600,1600,1600,827,0,130.0,184.414911746042,34.12295800080756,1649.408625002252,60046.3022974607
1791644316,10,,Aggregated,4.500000,0.000000,130,160,200,240,340,530,960,1200,1600,1600,1600,831,0,130.0,184.06005221297403,34.12295800080756,1649.408625002252,60000.71239470517
1791644317,10,,Aggregated,4.800000,0.000000,130,160,200,240,340,530,960,1200,1600,1600,1600,834,0,130.0,183.81676905152244,34.12295800080756,1649.408625002252,60139.19904076739
1791644318,10,,Aggregated,4.600000,0.000000,130,160,200,240,340,530,960,1200,1600,1600,1600,840,0,130.0,183.28997248686176,34.12295800080756,1649.408625002252,60098.538095238095
1791644319,10,,Aggregated,4.500000,0.000000,130,160,190,240,320,530,960,1200,1600,1600,1600,845,0,130.0,182.89071983900942,34.12295800080756,1649.408625002252,59884.28047337278
1791644320,10,,Aggregated,4.700000,0.000000,120,160,190,240,320,530,950,1200,1600,1600,1600,851,0,120.0,182.40596975906305,34.12295800080756,1649.408625002252,60391.48061104583
1791644321,10,,Aggregated,4.700000,0.000000,120,160,190,240,320,530,950,1200,1600,1600,1600,856,0,120.0,182.27194194855443,34.12295800080756,1649.408625002252,60767.477803738315
1791644322,10,,Aggregated,4.800000,0.000000,120,160,190,240,320,530,950,1200,1600,1600,1600,859,0,120.0,182.02070655524895,34.12295800080756,1649.408625002252,60707.62980209546
1791644323,10,,Aggregated,4.900000,0.000000,120,160,190,240,320,530,950,1200,1600,1600,1600,866,0,120.0,181.36952595145246,34.12295800080756,1649.408625002252,60600.74018475751
1791644324,10,,Aggregated,4.800000,0.000000,120,160,190,240,320,530,950,1200,1600,1600,1600,870,0,120.0,181.16384072638394,34.12295800080756,1649.408625002252,60384.65287356322
1791644325,10,,Aggregated,5.000000,0.000000,120,160,190,240,310,530,950,1200,1600,1600,1600,873,0,120.0,181.04343329433138,34.12295800080756,1649.408625002252,60205.947308132876
1791644326,10,,Aggregated,4.900000,0.000000,120,160,190,240,310,530,950,1200,1600,1600,1600,878,0,120.0,180.6978350124778,34.12295800080756,1649.408625002252,59981.357630979495
1791644327,10,,Aggregated,4.700000,0.000000,120,160,190,240,310,520,950,1200,1600,1600,1600,882,0,120.0,180.36523102601674,34.12295800080756,1649.408625002252,59899.077097505666
1791644328,10,,Aggregated,4.800000,0.000000,120,160,190,240,310,520,950,1200,1600,1600,1600,889,0,120.0,180.11180743075946,34.12295800080756,1649.408625002252,59745.14173228347
1791644329,10,,Aggregated,4.800000,0.000000,120,160,190,240,310,520,950,1200,1600,1600,1600,893,0,120.0,179.8781467591749,34.12295800080756,1649.408625002252,59542.92273236282
1791644330,10,,Aggregated,5.000000,0.000000,120,160,190,240,310,520,950,1200,1600,1600,1600,898,0,120.0,179.93473989971605,34.12295800080756,1649.408625002252,59402.023385300665
1791644331,10,,Aggregated,4.900000,0.000000,120,160,190,240,310,520,930,1200,1600,1600,1600,903,0,120.0,179.3813324705963,34.12295800080756,1649.408625002252,59238.35880398671
1791644332,10,,Aggregated,4.800000,0.000000,120,160,190,240,310,520,930,1200,1600,1600,1600,905,0,120.0,179.19017722425295,34.12295800080756,1649.408625002252,59211.52817679558
1791644333,10,,Aggregated,4.800000,0.000000,120,160,190,240,310,520,930,1200,1600,1600,1600,910,0,120.0,178.79506475819053,34.12295800080756,1649.408625002252,59027.98901098901
1791644334,10,,Aggregated,4.700000,0.000000,120,160,190,240,310,520,930,1200,1600,1600,1600,918,0,120.0,178.19105484527634,34.12295800080756,1649.408625002252,58837.66884531591
1791644335,10,,Aggregated,4.600000,0.000000,120,160,190,230,310,500,930,1200,1600,1600,1600,922,0,120.0,177.89941749671644,34.12295800080756,1649.408625002252,58850.83947939263
1791644336,10,,Aggregated,4.600000,0.000000,120,160,190,230,310,500,930,1200,1600,1600,1600,925,0,120.0,177.82716397943315,34.12295800080756,1649.408625002252,58704.50378378378
1791644337,10,,Aggregated,4.800000,0.000000,120,160,190,230,310,500,930,1200,1600,1600,1600,930,0,120.0,177.63678334836138,34.12295800080756,1649.408625002252,58421.18924731183
1791644338,10,,Aggregated,4.900000,0.000000,120,160,190,230,300,500,930,1200,1600,1600,1600,935,0,120.0,177.43047323205693,34.12295800080756,1649.408625002252,58222.689839572195
1791644339,10,,Aggregated,4.900000,0.000000,120,160,190,230,300,500,930,1200,1600,1600,1600,937,0,120.0,177.49765080681004,34.12295800080756,1649.408625002252,58297.61686232658
1791644340,10,,Aggregated,4.400000,0.000000,120,160,190,240,310,520,930,1200,1600,1600,1600,945,0,120.0,178.48979190262816,34.12295800080756,1649.408625002252,57950.18835978836
1791644341,10,,Aggregated,4.400000,0.000000,120,160,190,240,310,520,930,1200,1600,1600,1600,949,0,120.0,178.87559599472254,34.12295800080756,1649.408625002252,57757.767123287675
1791644342,10,,Aggregated,4.700000,0.000000,120,160,190,240,310,520,910,1200,1600,1600,1600,951,0,120.0,178.9708358475236,34.12295800080756,1649.408625002252,57642.83806519453
1791644343,10,,Aggregated,4.900000,0.000000,120,160,190,240,310,520,910,1200,1600,1600,1600,959,0,120.0,178.51908817099985,34.12295800080756,1649.408625002252,57491.572471324296
1791644344,10,,Aggregated,4.600000,0.000000,120,160,190,240,310,500,910,1200,1600,1600,1600,961,0,120.0,178.30927824036505,34.12295800080756,1649.408625002252,57436.6878251821
1791644345,10,,Aggregated,4.600000,0.000000,120,160,190,240,310,500,910,1200,1600,1600,1600,966,0,120.0,178.1996552505142,34.12295800080756,1649.408625002252,57570.21428571428
1791644346,10,,Aggregated,4.300000,0.000000,120,160,190,240,310,500,910,1200,1600,1600,1600,970,0,120.0,178.02391264226245,34.12295800080756,1649.408625002252,58075.13608247423
1791644347,10,,Aggregated,4.400000,0.000000,120,160,190,230,310,500,910,1200,1600,1600,1600,976,0,120.0,177.66570557069662,34.12295800080756,1649.408625002252,58240.048155737706
1791644348,10,,Aggregated,4.200000,0.000000,120,160,190,230,310,500,910,1200,1600,1600,1600,979,0,120.0,177.42832577018274,34.12295800080756,1649.408625002252,58106.1797752809
1791644349,10,,Aggregated,4.200000,0.000000,120,160,190,230,310,500,910,1200,1600,1600,1600,985,0,120.0,176.83419358276444,34.12295800080756,1649.408625002252,57964.88426395939
1791644350,10,,Aggregated,4.500000,0.000000,120,150,190,230,310,500,910,1200,1600,1600,1600,989,0,120.0,176.54424567343423,34.12295800080756,1649.408625002252,57835.232558139534
1791644351,10,,Aggregated,4.800000,0.000000,120,150,190,230,310,500,910,1200,1600,1600,1600,994,0,120.0,176.0220249104919,34.12295800080756,1649.408625002252,57608.519114688126
1791644352,10,,Aggregated,4.800000,0.000000,120,150,190,230,310,500,910,1200,1600,1600,1600,998,0,120.0,175.94050806916286,34.12295800080756,1649.408625002252,57684.04809619238
1791644353,10,,Aggregated,4.600000,0.000000,120,150,190,230,300,490,830,1200,1600,1600,1600,1002,0,120.0,175.8252254770698,34.12295800080756,1649.408625002252,58062.478043912175
1791644354,10,,Aggregated,4.800000,0.000000,120,150,190,230,300,490,830,1200,1600,1600,1600,1007,0,120.0,175.6906125144243,34.12295800080756,1649.408625002252,58380.733862959285
1791644355,10,,Aggregated,4.800000,0.000000,120,150,190,230,300,490,830,1200,1600,1600,1600,1012,0,120.0,175.47879563047354,34.12295800080756,1649.408625002252,58310.36660079051
1791644356,10,,Aggregated,4.600000,0.000000,120,150,190,230,300,490,830,1200,1600,1600,1600,1019,0,120.0,175.08927740827437,34.12295800080756,1649.408625002252,58255.07752698724
1791644357,10,,Aggregated,4.800000,0.000000,120,150,190,230,300,490,830,1200,1600,1600,1600,1023,0,120.0,174.7862390977837,34.12295800080756,1649.408625002252,58106.799608993155
1791644358,10,,Aggregated,4.500000,0.000000,120,150,190,230,300,490,830,1200,1600,1600,1600,1026,0,120.0,174.73019709749542,34.12295800080756,1649.408625002252,58143.507797270955
1791644359,10,,Aggregated,4.500000,0.000000,120,150,190,230,300,490,830,1200,1600,1600,1600,1031,0,120.0,174.65483787393404,34.12295800080756,1649.408625002252,57936.50533462658
1791644360,10,,Aggregated,4.700000,0.000000,120,150,190,230,300,490,830,1200,1600,1600,1600,1037,0,120.0,174.21550479463534,34.12295800080756,1649.408625002252,57703.969141755064
1791644361,10,,Aggregated,4.400000,0.000000,120,150,190,230,300,490,830,1200,1600,1600,1600,1040,0,120.0,174.00672729618935,34.12295800080756,1649.408625002252,57561.24615384615
1791644362,10,,Aggregated,4.400000,0.000000,120,150,190,230,300,480,830,1200,1600,1600,1600,1046,0,120.0,174.02122806313258,34.12295800080756,1649.408625002252,57564.76768642447
1791644363,10,,Aggregated,4.700000,0.000000,120,150,190,230,300,480,830,1200,1600,1600,1600,1049,0,120.0,173.96116985514428,34.12295800080756,1649.408625002252,57946.72259294566
1791644364,10,,Aggregated,4.300000,0.000000,120,150,190,230,300,480,830,1200,1600,1600,1600,1052,0,120.0,173.75851375479348,34.12295800080756,1649.408625002252,57854.375475285175
1791644365,10,,Aggregated,4.500000,0.000000,120,150,190,230,300,480,830,1200,1600,1600,1600,1060,0,120.0,173.59199285663567,34.12295800080756,1649.408625002252,57769.92924528302
1791644366,10,,Aggregated,4.600000,0.000000,120,150,190,230,300,480,830,1200,1600,1600,1600,1063,0,120.0,173.42568415901903,34.12295800080756,1649.408625002252,57677.951081843836
1791644367,10,,Aggregated,4.400000,0.000000,120,150,190,230,300,480,830,1200,1600,1600,1600,1069,0,120.0,173.76768756973243,34.12295800080756,1649.408625002252,57429.7736202058
1791644368,10,,Aggregated,4.900000,0.000000,120,150,190,230,300,480,830,1200,1600,1600,1600,1072,0,120.0,173.69600211105848,34.12295800080756,1649.408625002252,57486.40298507463
1791644369,10,,Aggregated,4.600000,0.000000,120,150,190,230,300,480,830,1200,1600,1600,1600,1077,0,120.0,173.374296167185,34.12295800080756,1649.408625002252,57346.76601671309
1791644370,10,,Aggregated,4.600000,0.000000,120,150,190,230,300,480,830,1200,1600,1600,1600,1082,0,120.0,173.1803353096689,34.12295800080756,1649.408625002252,57201.26155268022
1791644371,10,,Aggregated,4.500000,0.000000,120,150,190,230,300,480,830,1200,1600,1600,1600,1086,0,120.0,173.29819407279894,34.12295800080756,1649.408625002252,58000.94290976059
1791644372,10,,Aggregated,4.600000,0.000000,120,150,190,230,300,480,830,1200,1600,1600,1600,1092,0,120.0,172.8414312931022,34.12295800080756,1649.408625002252,57784.15201465201
1791644373,10,,Aggregated,4.500000,0.000000,120,150,190,230,300,480,830,1200,1600,1600,1600,1093,0,120.0,172.82005593601824,34.12295800080756,1649.408625002252,57868.50503202196
1791644374,10,,Aggregated,4.600000,0.000000,120,150,190,230,300,470,790,1100,1600,1600,1600,1101,0,120.0,172.48988159861142,34.12295800080756,1649.408625002252,57663.52497729337
1791644375,10,,Aggregated,4.500000,0.000000,120,150,190,230,300,470,790,1100,1600,1600,1600,1105,0,120.0,172.5306287837782,34.12295800080756,1649.408625002252,57527.97556561086
1791644376,10,,Aggregated,4.700000,0.000000,120,150,190,230,300,470,790,1100,1600,1600,1600,1108,0,120.0,172.5825733051138,34.12295800080756,1649.408625002252,57570.87364620939
1791644377,10,,Aggregated,4.600000,0.000000,120,150,190,230,300,470,790,1100,1600,1600,1600,1113,0,120.0,172.32242809619274,34.12295800080756,1649.408625002252,57554.38364779874
1791644378,10,,Aggregated,4.500000,0.000000,120,150,190,230,300,470,790,1100,1600,1600,1600,1117,0,120.0,172.8135316428466,34.12295800080756,1649.408625002252,57569.75917636527
1791644379,10,,Aggregated,4.600000,0.000000,120,150,190,230,300,470,790,1100,1600,1600,1600,1121,0,120.0,172.54683471905543,34.12295800080756,1649.408625002252,57594.16949152543
1791644380,10,,Aggregated,4.200000,0.000000,120,150,190,230,300,470,790,1100,1600,1600,1600,1126,0,120.0,172.3444577149669,34.12295800080756,1649.408625002252,57392.625222024864
1791644381,10,,Aggregated,4.400000,0.000000,120,150,190,230,300,470,790,1100,1600,1600,1600,1131,0,120.0,172.086960038949,34.12295800080756,1649.408625002252,57442.305923961096
1791644382,10,,Aggregated,4.400000,0.000000,120,150,190,230,300,470,790,1100,1600,1600,1600,1137,0,120.0,171.8860894266252,34.12295800080756,1649.408625002252,57244.35532102023
1791644383,10,,Aggregated,4.400000,0.000000,120,150,190,230,290,470,790,1100,1600,1600,1600,1142,0,120.0,171.8231805412287,34.12295800080756,1649.408625002252,57314.31786339755
1791644384,10,,Aggregated,4.500000,0.000000,120,150,190,230,290,470,790,1100,1600,1600,1600,1145,0,120.0,171.63365001054495,34.12295800080756,1649.408625002252,57376.8384279476
1791644385,10,,Aggregated,4.600000,0.000000,120,150,190,230,300,470,790,1100,1600,1600,1600,1150,0,120.0,171.85703088180796,34.12295800080756,1649.408625002252,57182.675652173915
1791644386,10,,Aggregated,4.500000,0.000000,120,150,190,230,300,470,770,1100,1600,1600,1600,1156,0,120.0,171.91581409868024,34.12295800080756,1649.408625002252,57112.884083044984
1791644387,10,,Aggregated,4.600000,0.000000,120,150,190,230,300,480,770,1100,1600,1600,1600,1159,0,120.0,172.69969529601514,34.12295800080756,1649.408625002252,57003.687661777396
1791644388,10,,Aggregated,4.700000,0.000000,120,150,190,230,300,470,770,1100,1600,1600,1600,1165,0,120.0,172.41887937604935,34.12295800080756,1649.408625002252,57022.424892703864
1791644389,10,,Aggregated,4.700000,0.000000,120,150,190,230,300,470,770,1100,1600,1600,1600,1167,0,120.0,172.45544331456412,34.12295800080756,1649.408625002252,56941.38303341902
1791644390,10,,Aggregated,4.800000,0.000000,120,150,190,230,300,470,770,1100,1600,1600,1600,1172,0,120.0,172.37234049154702,34.12295800080756,1649.408625002252,56753.0819112628
1791644391,10,,Aggregated,4.900000,0.000000,120,150,190,230,300,470,770,1100,1600,1600,1600,1177,0,120.0,172.38126088028434,34.12295800080756,1649.408625002252,57201.46134239592
1791644392,10,,Aggregated,4.500000,0.000000,120,150,190,230,300,470,770,1100,1600,1600,1600,1182,0,120.0,172.4887194484716,34.12295800080756,1649.408625002252,57611.951776649745
1791644393,10,,Aggregated,4.600000,0.000000,120,150,190,230,300,470,770,1100,1600,1600,1600,1186,0,120.0,172.19997980951342,34.12295800080756,1649.408625002252,57557.46627318719
1791644394,10,,Aggregated,4.600000,0.000000,120,150,190,230,300,470,770,1100,1600,1600,1600,1191,0,120.0,171.80417360375944,34.12295800080756,1649.408625002252,57447.72795969773
1791644395,10,,Aggregated,4.400000,0.000000,120,150,190,230,300,470,770,1100,1600,1600,1600,1195,0,120.0,171.47960297496178,34.12295800080756,1649.408625002252,57358.92050209205
1791644396,10,,Aggregated,4.400000,0.000000,120,150,190,230,300,470,690,1000,1600,1600,1600,1201,0,120.0,171.26293915909892,34.12295800080756,1649.408625002252,57621.91590341382
1791644397,10,,Aggregated,4.300000,0.000000,120,150,190,230,300,470,690,1000,1600,1600,1600,1204,0,120.0,171.18799153079414,34.12295800080756,1649.408625002252,57964.41528239202
1791644398,10,,Aggregated,4.400000,0.000000,120,150,190,230,300,470,690,1000,1600,1600,1600,1210,0,120.0,170.74847772982298,34.12295800080756,1649.408625002252,57857.67438016529
1791644399,10,,Aggregated,4.600000,0.000000,120,150,190,230,300,470,690,1000,1600,1600,1600,1213,0,120.0,170.67586724657403,34.12295800080756,1649.408625002252,57880.37262984336
1791644400,10,,Aggregated,4.400000,0.000000,120,150,190,230,300,470,690,1000,1600,1600,1600,1219,0,120.0,170.5487445415067,34.12295800080756,1649.408625002252,58010.7432321575
1791644401,10,,Aggregated,4.400000,0.000000,120,150,190,230,290,460,690,1000,1600,1600,1600,1224,0,120.0,170.57736316429904,34.12295800080756,1649.408625002252,58991.77369281046
1791644402,10,,Aggregated,4.600000,0.000000,120,150,190,230,290,460,690,1000,1600,1600,1600,1227,0,120.0,170.61053818019548,34.12295800080756,1649.408625002252,58946.20130399348
1791644403,10,,Aggregated,4.800000,0.000000,120,150,190,230,290,460,690,1000,1600,1600,1600,1234,0,120.0,170.28936332747256,34.12295800080756,1649.408625002252,59335.487844408424
1791644404,10,,Aggregated,4.700000,0.000000,120,150,190,230,290,460,690,1000,1600,1600,1600,1237,0,120.0,170.11081960072886,34.12295800080756,1649.408625002252,59252.64915117219
1791644405,10,,Aggregated,4.500000,0.000000,120,150,190,230,290,450,690,1000,1600,1600,1600,1242,0,120.0,169.95017073680432,34.12295800080756,1649.408625002252,59217.04186795491
1791644406,10,,Aggregated,4.700000,0.000000,120,150,190,230,290,450,690,1000,1600,1600,1600,1247,0,120.0,169.7253383232717,34.12295800080756,1649.408625002252,59190.7016840417
1791644407,10,,Aggregated,4.700000,0.000000,120,150,190,230,290,450,690,1000,1600,1600,1600,1250,0,120.0,169.76537077849497,34.12295800080756,1649.408625002252,59119.228
1791644408,10,,Aggregated,4.700000,0.000000,120,150,190,230,290,450,690,1000,1600,1600,1600,1254,0,120.0,169.62275742115457,34.12295800080756,1649.408625002252,59037.97687400319
1791644409,10,,Aggregated,4.500000,0.000000,120,150,190,230,290,450,690,1000,1600,1600,1600,1259,0,120.0,169.39364212162872,34.12295800080756,1649.408625002252,59080.402700556
1791644410,10,,Aggregated,4.500000,0.000000,120,150,190,230,280,450,690,1000,1600,1600,1600,1264,0,120.0,169.20326062668383,34.12295800080756,1649.408625002252,59071.11075949367
1791644411,10,,Aggregated,4.600000,0.000000,120,150,190,220,280,450,690,1000,1600,1600,1600,1269,0,120.0,168.96059887558917,34.12295800080756,1649.408625002252,59074.5145784082
1791644412,10,,Aggregated,4.500000,0.000000,120,150,190,220,280,450,690,1000,1600,1600,1600,1277,0,120.0,168.76503466335402,34.12295800080756,1649.408625002252,58803.27173061864
1791644413,10,,Aggregated,4.500000,0.000000,120,150,190,220,280,450,690,1000,1600,1600,1600,1278,0,120.0,168.764093908532,34.12295800080756,1649.408625002252,58785.795774647886
1791644414,10,,Aggregated,4.400000,0.000000,120,150,190,220,280,440,690,1000,1600,1600,1600,1282,0,120.0,168.5948661069518,34.12295800080756,1649.408625002252,58653.8736349454
1791644415,10,,Aggregated,5.100000,0.000000,120,150,190,220,280,440,690,1000,1600,1600,1600,1290,0,120.0,168.26227517373152,34.12295800080756,1649.408625002252,58458.224031007754
1791644416,10,,Aggregated,4.600000,0.000000,120,150,190,220,280,440,690,1000,1600,1600,1600,1292,0,120.0,168.20867886928326,34.12295800080756,1649.408625002252,58390.17105263158
1791644417,10,,Aggregated,4.400000,0.000000,120,150,190,220,280,440,690,1000,1600,1600,1600,1298,0,120.0,168.07611191533647,34.12295800080756,1649.408625002252,58891.95146379045
1791644418,10,,Aggregated,4.700000,0.000000,120,150,190,220,280,430,680,1000,1600,1600,1600,1303,0,120.0,168.01308155419,34.12295800080756,1649.408625002252,58711.37221795856
1791644419,10,,Aggregated,4.700000,0.000000,120,150,190,220,280,450,680,1000,1600,1600,1600,1310,0,120.0,168.3953900863441,34.12295800080756,1649.408625002252,58620.32900763359
1791644420,10,,Aggregated,4.900000,0.000000,120,150,190,220,280,450,680,1000,1600,1600,1600,1312,0,120.0,168.2533021570934,34.12295800080756,1649.408625002252,58577.65548780488
1791644421,10,,Aggregated,4.600000,0.000000,120,150,190,220,280,450,680,1000,1600,1600,1600,1318,0,120.0,168.2218001480305,34.12295800080756,1649.408625002252,58395.99393019727
1791644422,10,,Aggregated,5.100000,0.000000,120,150,190,220,280,440,680,1000,1600,1600,1600,1322,0,120.0,168.21034969902755,34.12295800080756,1649.408625002252,58248.4084720121
1791644423,10,,Aggregated,4.900000,0.000000,120,150,190,220,280,440,680,1000,1600,1600,1600,1327,0,120.0,167.90302092096158,34.12295800080756,1649.408625002252,58234.504144687264
1791644424,10,,Aggregated,4.900000,0.000000,120,150,190,220,280,440,680,1000,1600,1600,1600,1333,0,120.0,167.76374707060845,34.12295800080756,1649.408625002252,58109.651162790695
1791644425,10,,Aggregated,4.500000,0.000000,120,150,190,220,280,440,680,1000,1600,1600,1600,1335,0,120.0,167.65129401582124,34.12295800080756,1649.408625002252,58037.67191011236
1791644426,10,,Aggregated,4.800000,0.000000,120,150,190,220,280,430,680,1000,1600,1600,1600,1341,0,120.0,167.41891018128808,34.12295800080756,1649.408625002252,57934.92170022371
1791644427,10,,Aggregated,5.100000,0.000000,120,150,190,220,280,430,680,1000,1600,1600,1600,1345,0,120.0,167.31938275324762,34.12295800080756,1649.408625002252,57921.89888475837
1791644428,10,,Aggregated,4.600000,0.000000,120,150,190,220,280,430,680,1000,1600,1600,1600,1351,0,120.0,167.17797897417753,34.12295800080756,1649.408625002252,57967.18726868986
1791644429,10,,Aggregated,4.700000,0.000000,120,150,190,220,280,430,680,1000,1600,1600,1600,1355,0,120.0,167.03335289749734,34.12295800080756,1649.408625002252,58166.364575645755
1791644430,10,,Aggregated,4.600000,0.000000,120,150,190,220,280,430,680,1000,1600,1600,1600,1360,0,120.0,166.81210521625925,34.12295800080756,1649.408625002252,57981.1375
1791644431,10,,Aggregated,4.800000,0.000000,120,150,190,220,280,430,680,1000,1600,1600,1600,1362,0,120.0,166.88218723282586,34.12295800080756,1649.408625002252,58389.43906020558
1791644432,10,,Aggregated,4.500000,0.000000,120,150,180,220,280,430,680,1000,1600,1600,1600,1371,0,120.0,166.507375678415,34.12295800080756,1649.408625002252,58220.848285922686
1791644433,10,,Aggregated,4.800000,0.000000,120,150,180,220,280,430,680,1000,1600,1600,1600,1374,0,120.0,166.47200710633916,34.12295800080756,1649.408625002252,58118.57860262009
1791644434,10,,Aggregated,4.400000,0.000000,120,150,180,220,280,430,680,1000,1600,1600,1600,1379,0,120.0,166.3976835976128,34.12295800080756,1649.408625002252,58009.15881073241
1791644435,10,,Aggregated,4.800000,0.000000,120,150,180,220,280,420,680,1000,1600,1600,1600,1384,0,120.0,166.16761185484177,34.12295800080756,1649.408625002252,58279.3338150289
1791644436,10,,Aggregated,4.600000,0.000000,120,150,180,220,280,420,680,1000,1600,1600,1600,1387,0,120.0,166.04016100078564,34.12295800080756,1649.408625002252,58194.90915645278
1791644437,10,,Aggregated,4.800000,0.000000,120,150,180,220,280,420,680,1000,1600,1600,1600,1393,0,120.0,166.1105505312961,34.12295800080756,1649.408625002252,58380.149318018666
1791644438,10,,Aggregated,4.700000,0.000000,120,150,180,220,280,420,680,1000,1600,1600,1600,1397,0,120.0,166.03148077315046,34.12295800080756,1649.408625002252,58364.95275590551
1791644439,10,,Aggregated,4.600000,0.000000,120,150,180,220,280,420,670,1000,1600,1600,1600,1402,0,120.0,165.8459598595576,34.12295800080756,1649.408625002252,58664.57845934379
1791644440,10,,Aggregated,4.800000,0.000000,120,150,180,220,280,420,670,1000,1600,1600,1600,1405,0,120.0,165.669590669113,34.12295800080756,1649.408625002252,58586.597864768686
1791644441,10,,Aggregated,4.600000,0.000000,120,150,190,220,280,440,690,1000,1600,1600,1600,1411,0,120.0,167.35747015599205,34.12295800080756,1649.408625002252,58651.90290574061
1791644442,10,,Aggregated,4.700000,0.000000,120,150,190,220,280,450,690,1000,1600,1600,1600,1415,0,120.0,168.1729034559045,34.12295800080756,1649.408625002252,58629.09752650177
1791644443,10,,Aggregated,4.500000,0.000000,120,150,190,220,280,460,710,1000,1600,1600,1600,1419,0,120.0,168.6992124842215,34.12295800080756,1649.408625002252,58557.82593375617
1791644444,10,,Aggregated,4.900000,0.000000,120,150,190,220,280,460,710,1000,1600,1600,1600,1424,0,120.0,168.92567182803043,34.12295800080756,1649.408625002252,58930.04213483146
1791644446,10,,Aggregated,4.400000,0.000000,120,150,190,220,280,460,710,1000,1600,1600,1600,1430,0,120.0,169.03304301895395,34.12295800080756,1649.408625002252,58775.93986013986
1791644447,10,,Aggregated,4.500000,0.000000,120,150,190,230,280,470,710,1000,1600,1600,1600,1435,0,120.0,169.38139199867814,34.12295800080756,1649.408625002252,58616.61045296167
1791644448,10,,Aggregated,4.300000,0.000000,120,150,190,230,280,470,710,1000,1600,1600,1600,1439,0,120.0,169.26329037672178,34.12295800080756,1649.408625002252,58739.8318276581
1791644449,10,,Aggregated,4.600000,0.000000,120,150,190,220,280,460,710,1000,1600,1600,1600,1443,0,120.0,169.1944362280769,34.12295800080756,1649.408625002252,58784.99099099099
1791644450,10,,Aggregated,4.800000,0.000000,120,150,190,220,280,460,710,1000,1600,1600,1600,1447,0,120.0,169.14097527788834,34.12295800080756,1649.408625002252,58698.24187975121
1791644451,10,,Aggregated,4.600000,0.000000,120,150,190,230,280,460,700,1000,1600,1600,1600,1452,0,120.0,169.51128734579785,34.12295800080756,1649.408625002252,58967.60812672176
1791644452,10,,Aggregated,4.600000,0.000000,120,150,190,220,280,460,700,1000,1600,1600,1600,1456,0,120.0,169.45295365253565,34.12295800080756,1649.408625002252,58904.756868131866
1791644453,10,,Aggregated,4.500000,0.000000,120,150,190,220,280,460,700,1000,1600,1600,1600,1459,0,120.0,169.45336059088444,34.12295800080756,1649.408625002252,58950.3187114462
1791644454,10,,Aggregated,4.600000,0.000000,120,150,190,230,290,460,700,1000,1600,1600,1600,1466,0,120.0,170.25247596868428,34.12295800080756,1649.408625002252,58719.12278308322
1791644455,10,,Aggregated,4.500000,0.000000,120,150,190,230,290,460,700,1000,1600,1600,1600,1467,0,120.0,170.22186459038105,34.12295800080756,1649.408625002252,58711.63326516701
1791644456,10,,Aggregated,4.700000,0.000000,120,160,190,230,290,460,700,1000,1600,1600,1600,1474,0,120.0,170.1942890509424,34.12295800080756,1649.408625002252,58764.63772048847
1791644457,10,,Aggregated,4.700000,0.000000,120,160,190,230,290,460,700,1000,1600,1600,1600,1477,0,120.0,170.19993304203646,34.12295800080756,1649.408625002252,58733.4989844279
1791644458,10,,Aggregated,4.300000,0.000000,120,160,190,230,290,450,700,1000,1600,1600,1600,1482,0,120.0,170.17680506213742,34.12295800080756,1649.408625002252,58584.49190283401
1791644459,10,,Aggregated,4.200000,0.000000,120,160,190,230,290,450,700,1000,1600,1600,1600,1485,0,120.0,170.23631168422776,34.12295800080756,1649.408625002252,58846.230976430976
1791644460,10,,Aggregated,4.300000,0.000000,120,160,190,230,290,450,700,1000,1600,1600,1600,1493,0,120.0,169.95830465577873,34.12295800080756,1649.408625002252,59185.087073007366
1791644461,10,,Aggregated,4.300000,0.000000,120,160,190,230,290,450,700,1000,1600,1600,1600,1495,0,120.0,170.02672228099192,34.12295800080756,1649.408625002252,59215.55719063545
1791644462,10,,Aggregated,4.100000,0.000000,120,160,190,230,290,450,690,990,1600,1600,1600,1502,0,120.0,169.87464393214069,34.12295800080756,1649.408625002252,59050.02263648469
1791644463,10,,Aggregated,4.500000,0.000000,120,160,190,230,290,450,690,990,1600,1600,1600,1507,0,120.0,169.65743183083617,34.12295800080756,1649.408625002252,59029.49037823491
1791644464,10,,Aggregated,4.300000,0.000000,120,160,190,230,290,450,690,990,1600,1600,1600,1509,0,120.0,170.0237096441836,34.12295800080756,1649.408625002252,58978.441351888665
1791644465,10,,Aggregated,4.800000,0.000000,120,160,190,230,290,450,690,990,1600,1600,1600,1515,0,120.0,169.71109784031503,34.12295800080756,1649.408625002252,58820.17887788779
1791644466,10,,Aggregated,4.800000,0.000000,120,160,190,230,290,450,690,990,1600,1600,1600,1520,0,120.0,169.53558734807973,34.12295800080756,1649.408625002252,58732.125
1791644467,10,,Aggregated,4.300000,0.000000,120,160,190,230,290,450,690,990,1600,1600,1600,1525,0,120.0,169.50289523021937,34.12295800080756,1649.408625002252,59117.82229508197
1791644468,10,,Aggregated,4.700000,0.000000,120,160,190,230,290,450,690,990,1600,1600,1600,1529,0,120.0,169.26470461156825,34.12295800080756,1649.408625002252,59044.03989535644
1791644469,10,,Aggregated,4.800000,0.000000,120,150,190,220,280,450,690,990,1600,1600,1600,1536,0,120.0,168.98099781515916,34.12295800080756,1649.408625002252,58911.303385416664
1791644470,10,,Aggregated,4.800000,0.000000,120,160,190,220,280,450,690,990,1600,1600,1600,1538,0,120.0,168.9399031866625,34.12295800080756,1649.408625002252,58888.87581274382
1791644471,10,,Aggregated,5.000000,0.000000,120,150,190,220,280,450,690,990,1600,1600,1600,1545,0,120.0,168.55613412757003,34.12295800080756,1649.408625002252,58713.54692556634
1791644472,10,,Aggregated,5.000000,0.000000,120,150,190,220,280,450,690,990,1600,1600,1600,1548,0,120.0,168.47762084049484,34.12295800080756,1649.408625002252,58834.98837209302
1791644473,10,,Aggregated,4.900000,0.000000,120,150,190,220,280,450,690,990,1600,1600,1600,1553,0,120.0,168.23819342890025,34.12295800080756,1649.408625002252,58869.147456535735
1791644474,10,,Aggregated,4.600000,0.000000,120,150,190,220,280,450,690,990,1600,1600,1600,1559,0,120.0,168.05979539581443,34.12295800080756,1649.408625002252,59050.81847338037
1791644475,10,,Aggregated,4.500000,0.000000,120,150,190,220,280,440,690,990,1600,1600,1600,1564,0,120.0,168.17263495145116,34.12295800080756,1649.408625002252,59023.16176470588
1791644476,10,,Aggregated,4.500000,0.000000,120,150,190,220,280,440,690,990,1600,1600,1600,1569,0,120.0,168.24364689679464,34.12295800080756,1649.408625002252,58998.418100701085
1791644477,10,,Aggregated,4.900000,0.000000,120,150,190,220,280,440,690,990,1600,1600,1600,1573,0,120.0,168.2161793414256,34.12295800080756,1649.408625002252,58887.806102987925
1791644478,10,,Aggregated,4.900000,0.000000,120,160,190,220,290,460,690,990,1600,1600,1600,1578,0,120.0,169.37378357418604,34.12295800080756,1649.408625002252,59352.307984790874
1791644479,10,,Aggregated,4.800000,0.000000,120,160,190,230,290,450,690,990,1600,1600,1600,1582,0,120.0,169.573243719381,34.12295800080756,1649.408625002252,59273.16308470291
1791644480,10,,Aggregated,4.800000,0.000000,120,160,190,230,290,450,690,990,1600,1600,1600,1585,0,120.0,169.73651100193555,34.12295800080756,1649.408625002252,59176.13249211357
1791644481,10,,Aggregated,4.600000,0.000000,120,160,190,230,290,450,690,990,1600,1600,1600,1591,0,120.0,169.69930105598715,34.12295800080756,1649.408625002252,59490.514142049025
1791644482,10,,Aggregated,4.600000,0.000000,120,160,190,230,290,450,690,990,1600,1600,1600,1593,0,120.0,169.62329013689782,34.12295800080756,1649.408625002252,59539.208411801636
1791644483,10,,Aggregated,4.700000,0.000000,120,160,190,230,290,450,690,990,1600,1600,1600,1598,0,120.0,169.40451586613173,34.12295800080756,1649.408625002252,59500.33792240301
1791644484,10,,Aggregated,4.500000,0.000000,120,160,190,230,290,450,690,960,1600,1600,1600,1604,0,120.0,169.35138127374012,34.12295800080756,1649.408625002252,59514.32418952618
1791644485,10,,Aggregated,4.600000,0.000000,120,160,190,230,290,450,690,960,1600,1600,1600,1609,0,120.0,169.39869506220091,34.12295800080756,1649.408625002252,59466.32566811684
1791644486,10,,Aggregated,4.500000,0.000000,120,160,190,230,290,450,690,960,1600,1600,1600,1612,0,120.0,169.35080478541667,34.12295800080756,1649.408625002252,59436.18548387097
1791644487,10,,Aggregated,4.500000,0.000000,120,160,190,230,290,450,690,960,1600,1600,1600,1616,0,120.0,169.38495533050437,34.12295800080756,1649.408625002252,59402.75371287129
1791644488,10,,Aggregated,4.500000,0.000000,120,160,190,230,290,450,690,960,1600,1600,1600,1621,0,120.0,169.60734715058913,34.12295800080756,1649.408625002252,59285.50771128933
1791644489,10,,Aggregated,4.200000,0.000000,120,160,190,230,290,450,690,960,1600,1600,1600,1628,0,120.0,169.64539019048237,34.12295800080756,1649.408625002252,59268.259213759215
1791644490,10,,Aggregated,4.600000,0.000000,120,160,190,230,290,450,690,960,1600,1600,1600,1634,0,120.0,170.1604994260059,34.12295800080756,1649.408625002252,59086.732558139534
1791644491,10,,Aggregated,4.800000,0.000000,120,160,190,230,290,450,690,960,1600,1600,1600,1638,0,120.0,170.0767176807636,34.12295800080756,1649.408625002252,59012.868131868134
1791644492,10,,Aggregated,4.800000,0.000000,120,160,190,230,290,450,690,960,1600,1600,1600,1641,0,120.0,170.24789260822047,34.12295800080756,1649.408625002252,59550.36075563681
1791644493,10,,Aggregated,4.700000,0.000000,120,160,190,230,290,450,690,960,1600,1600,1600,1647,0,120.0,170.1496887401944,34.12295800080756,1649.408625002252,59517.826350941104
1791644494,10,,Aggregated,4.800000,0.000000,120,160,190,230,290,450,680,960,1600,1600,1600,1652,0,120.0,170.07050473007914,34.12295800080756,1649.408625002252,59428.032082324455
1791644495,10,,Aggregated,4.900000,0.000000,120,160,190,230,290,450,680,960,1600,1600,1600,1660,0,120.0,169.8870381663244,34.12295800080756,1649.408625002252,59582.3921686747
1791644496,10,,Aggregated,4.800000,0.000000,120,160,190,230,290,450,680,960,1600,1600,1600,1662,0,120.0,169.81600964025196,34.12295800080756,1649.408625002252,59528.16847172082
1791644497,10,,Aggregated,4.800000,0.000000,120,160,190,230,290,450,680,960,1600,1600,1600,1668,0,120.0,169.63977534298544,34.12295800080756,1649.408625002252,59419.27338129497
1791644498,10,,Aggregated,5.000000,0.000000,120,160,190,230,290,450,680,960,1600,1600,1600,1672,0,120.0,169.48938513104747,34.12295800080756,1649.408625002252,59405.737440191384
1791644499,10,,Aggregated,5.000000,0.000000,120,160,190,230,290,450,680,960,1600,1600,1600,1679,0,120.0,169.32333989822533,34.12295800080756,1649.408625002252,59256.12983918999
1791644500,10,,Aggregated,5.100000,0.000000,120,160,190,230,290,440,680,960,1600,1600,1600,1683,0,120.0,169.21620473269246,34.12295800080756,1649.408625002252,59195.07664884136
1791644501,10,,Aggregated,5.100000,0.000000,120,160,190,230,290,440,680,960,1600,1600,1600,1688,0,120.0,169.05711585611343,34.12295800080756,1649.408625002252,59110.13684834123
1791644502,10,,Aggregated,4.800000,0.000000,120,160,190,230,290,440,680,960,1600,1600,1600,1693,0,120.0,168.90452044129606,34.12295800080756,1649.408625002252,59193.57826343768
1791644503,10,,Aggregated,5.100000,0.000000,120,160,190,230,290,440,680,960,1600,1600,1600,1699,0,120.0,168.72440576640963,34.12295800080756,1649.408625002252,59158.098881695114
1791644504,10,,Aggregated,5.100000,0.000000,120,160,190,230,290,440,680,950,1600,1600,1600,1703,0,120.0,168.4940161603807,34.12295800080756,1649.408625002252,59070.70522607164
1791644505,10,,Aggregated,5.000000,0.000000,120,160,190,230,290,440,680,950,1600,1600,1600,1708,0,120.0,168.35418741576802,34.12295800080756,1649.408625002252,58953.39344262295
1791644506,10,,Aggregated,5.100000,0.000000,120,160,190,230,290,440,680,950,1600,1600,1600,1710,0,120.0,168.57470542230158,34.12295800080756,1649.408625002252,59009.58187134503
1791644507,10,,Aggregated,4.900000,0.000000,120,160,190,230,290,440,680,950,1600,1600,1600,1717,0,120.0,168.28410814685122,34.12295800080756,1649.408625002252,58977.90099009901
1791644508,10,,Aggregated,4.900000,0.000000,120,160,190,230,290,440,680,950,1600,1600,1600,1719,0,120.0,168.2642750268438,34.12295800080756,1649.408625002252,58938.905759162306
1791644509,10,,Aggregated,4.700000,0.000000,120,160,190,230,290,430,680,950,1600,1600,1600,1726,0,120.0,168.12973004758945,34.12295800080756,1649.408625002252,58842.84646581692
1791644510,10,,Aggregated,4.700000,0.000000,120,160,190,230,290,430,680,950,1600,1600,1600,1729,0,120.0,168.12821003246535,34.12295800080756,1649.408625002252,58838.426836321574
1791644511,10,,Aggregated,4.500000,0.000000,120,160,190,230,290,430,680,950,1600,1600,1600,1734,0,120.0,167.98548290261527,34.12295800080756,1649.408625002252,58802.12572087659
1791644512,10,,Aggregated,4.900000,0.000000,120,160,190,230,290,430,680,950,1600,1600,1600,1740,0,120.0,167.85640243053902,34.12295800080756,1649.408625002252,58668.01896551724
1791644513,10,,Aggregated,4.900000,0.000000,120,160,190,220,280,430,680,950,1600,1600,1600,1744,0,120.0,167.8293908034068,34.12295800080756,1649.408625002252,58585.35665137615
1791644514,10,,Aggregated,4.300000,0.000000,120,160,190,220,280,430,680,950,1600,1600,1600,1749,0,120.0,167.58743575995283,34.12295800080756,1649.408625002252,58438.03945111492
1791644515,10,,Aggregated,4.700000,0.000000,120,160,190,220,280,430,670,950,1600,1600,1600,1754,0,120.0,167.58521276348046,34.12295800080756,1649.408625002252,58350.79817559863
1791644516,10,,Aggregated,4.700000,0.000000,120,160,190,220,280,430,670,950,1600,1600,1600,1757,0,120.0,167.48829103821794,34.12295800080756,1649.408625002252,58319.01024473534
1791644517,10,,Aggregated,4.600000,0.000000,120,160,190,220,280,430,670,950,1600,1600,1600,1763,0,120.0,167.38279921675672,34.12295800080756,1649.408625002252,58406.62280204197
1791644518,10,,Aggregated,4.800000,0.000000,120,160,190,220,280,430,670,950,1600,1600,1600,1766,0,120.0,167.30694576904762,34.12295800080756,1649.408625002252,58330.14156285391
1791644519,10,,Aggregated,4.600000,0.000000,120,160,190,220,280,430,670,950,1600,1600,1600,1774,0,120.0,167.2487860406592,34.12295800080756,1649.408625002252,58180.47350620067
1791644520,10,,Aggregated,4.600000,0.000000,120,160,190,220,280,430,670,950,1600,1600,1600,1776,0,120.0,167.24963092293683,34.12295800080756,1649.408625002252,58417.502252252256
1791644521,10,,Aggregated,4.800000,0.000000,120,160,190,220,280,420,670,950,1600,1600,1600,1783,0,120.0,167.14265111392714,34.12295800080756,1649.408625002252,58653.20246775098
1791644522,10,,Aggregated,4.700000,0.000000,120,160,190,220,280,420,670,950,1600,1600,1600,1787,0,120.0,167.07361076504688,34.12295800080756,1649.408625002252,58580.595970900955
1791644523,10,,Aggregated,5.100000,0.000000,120,160,190,220,280,420,670,950,1600,1600,1600,1792,0,120.0,166.92857434550288,34.12295800080756,1649.408625002252,58600.41517857143
1791644524,10,,Aggregated,4.900000,0.000000,120,160,190,220,280,420,670,950,1600,1600,1600,1797,0,120.0,166.83524342578417,34.12295800080756,1649.408625002252,58581.97774067891
1791644525,10,,Aggregated,4.500000,0.000000,120,160,190,220,280,420,660,930,1600,1600,1600,1802,0,120.0,166.85558856999694,34.12295800080756,1649.408625002252,59028.69200887902
1791644526,10,,Aggregated,4.500000,0.000000,120,160,190,220,280,420,660,930,1600,1600,1600,1805,0,120.0,166.77993075908265,34.12295800080756,1649.408625002252,58959.3296398892
1791644527,10,,Aggregated,4.500000,0.000000,120,160,190,220,280,420,660,930,1600,1600,1600,1809,0,120.0,166.66106973197753,34.12295800080756,1649.408625002252,58892.203427307904
1791644528,10,,Aggregated,4.800000,0.000000,120,160,190,220,280,420,660,930,1600,1600,1600,1815,0,120.0,166.58820067721575,34.12295800080756,1649.408625002252,58797.743250688705
1791644529,10,,Aggregated,4.700000,0.000000,120,160,190,220,280,420,660,930,1600,1600,1600,1818,0,120.0,166.53334129765582,34.12295800080756,1649.408625002252,58731.41859185918
1791644530,10,,Aggregated,4.900000,0.000000,120,160,190,220,280,410,660,930,1600,1600,1600,1825,0,120.0,166.2588642800764,34.12295800080756,1649.408625002252,58613.66794520548
1791644531,10,,Aggregated,4.900000,0.000000,120,160,190,220,280,410,660,930,1600,1600,1600,1826,0,120.0,166.22263735549944,34.12295800080756,1649.408625002252,58607.70865279299
1791644532,10,,Aggregated,4.600000,0.000000,120,160,190,220,280,410,660,930,1600,1600,1600,1831,0,120.0,166.16789751673377,34.12295800080756,1649.408625002252,58776.3495357728
1791644533,10,,Aggregated,4.500000,0.000000,120,160,190,220,280,410,660,930,1600,1600,1600,1839,0,120.0,166.1335740772845,34.12295800080756,1649.408625002252,58716.50244698206
1791644534,10,,Aggregated,4.400000,0.000000,120,160,190,220,280,410,660,930,1600,1600,1600,1843,0,120.0,166.04315756653352,34.12295800080756,1649.408625002252,58812.40857297884
1791644535,10,,Aggregated,4.600000,0.000000,120,160,190,220,280,410,660,930,1600,1600,1600,1845,0,120.0,166.02450466348358,34.12295800080756,1649.408625002252,58776.41029810298
1791644536,10,,Aggregated,4.400000,0.000000,120,160,190,220,280,410,650,930,1600,1600,1600,1851,0,120.0,165.9141662275058,34.12295800080756,1649.408625002252,58757.24689357104
1791644537,10,,Aggregated,4.600000,0.000000,120,160,190,220,280,410,650,930,1600,1600,1600,1855,0,120.0,165.79764646204924,34.12295800080756,1649.408625002252,58781.363881401616
1791644538,10,,Aggregated,4.400000,0.000000,120,160,190,220,280,410,650,930,1600,1600,1600,1860,0,120.0,165.72417261403086,34.12295800080756,1649.408625002252,58742.53064516129
1791644539,10,,Aggregated,4.500000,0.000000,120,160,190,220,280,410,650,930,1600,1600,1600,1863,0,120.0,165.71474318899493,34.12295800080756,1649.408625002252,58937.7423510467
1791644540,10,,Aggregated,4.300000,0.000000,120,160,190,220,280,410,650,930,1600,1600,1600,1869,0,120.0,165.69337719480342,34.12295800080756,1649.408625002252,59249.890315676836
1791644541,10,,Aggregated,4.300000,0.000000,120,160,190,220,280,410,650,930,1600,1600,1600,1874,0,120.0,165.56087476578432,34.12295800080756,1649.408625002252,59252.168089647814
1791644542,10,,Aggregated,4.500000,0.000000,120,160,190,220,280,410,650,930,1600,1600,1600,1879,0,120.0,165.5118928840283,34.12295800080756,1649.408625002252,59245.870675891434
1791644543,10,,Aggregated,4.700000,0.000000,120,160,190,220,280,410,650,930,1600,1600,1600,1884,0,120.0,165.3504090695789,34.12295800080756,1649.408625002252,59237.27919320595
1791644544,10,,Aggregated,4.600000,0.000000,120,160,190,220,280,410,650,930,1600,1600,1600,1889,0,120.0,165.17149334891022,34.12295800080756,1649.408625002252,59187.86659608258
1791644545,10,,Aggregated,4.800000,0.000000,120,160,190,220,280,410,650,930,1600,1600,1600,1894,0,120.0,164.9665255734395,34.12295800080756,1649.408625002252,59219.39651531151
1791644546,10,,Aggregated,4.600000,0.000000,120,160,190,220,280,410,650,930,1600,1600,1600,1897,0,120.0,164.9311997770669,34.12295800080756,1649.408625002252,59164.70268845546
1791644547,10,,Aggregated,4.700000,0.000000,120,160,190,220,280,400,640,910,1600,1600,1600,1901,0,120.0,164.87363042351416,34.12295800080756,1649.408625002252,59064.67490794319
1791644548,10,,Aggregated,4.700000,0.000000,120,160,190,220,280,400,640,910,1600,1600,1600,1905,0,120.0,164.7864284220942,34.12295800080756,1649.408625002252,59049.23254593176
1791644549,10,,Aggregated,4.600000,0.000000,120,160,190,220,280,400,640,910,1600,1600,1600,1910,0,120.0,164.79181824716375,34.12295800080756,1649.408625002252,58950.35497382199
1791644550,10,,Aggregated,4.700000,0.000000,120,160,190,220,280,400,640,910,1600,1600,1600,1916,0,120.0,164.65704952666226,34.12295800080756,1649.408625002252,58832.70354906054
1791644551,10,,Aggregated,4.700000,0.000000,120,160,190,220,280,400,640,910,1600,1600,1600,1919,0,120.0,164.54115872907016,34.12295800080756,1649.408625002252,58780.11881188119
1791644552,10,,Aggregated,4.500000,0.000000,120,160,190,220,280,390,640,910,1600,1600,1600,1925,0,120.0,164.56170868940043,34.12295800080756,1649.408625002252,58761.95272727273
1791644553,10,,Aggregated,4.400000,0.000000,120,160,190,220,280,390,640,910,1600,1600,1600,1929,0,120.0,164.48678826288344,34.12295800080756,1649.408625002252,58686.634525660964
1791644554,10,,Aggregated,4.500000,0.000000,120,160,190,220,280,390,640,910,1600,1600,1600,1932,0,120.0,164.59330491775393,34.12295800080756,1649.408625002252,58606.94461697723
1791644555,10,,Aggregated,4.300000,0.000000,120,160,190,220,280,390,640,910,1600,1600,1600,1938,0,120.0,164.47269462491766,34.12295800080756,1649.408625002252,58481.513415892674
1791644556,10,,Aggregated,4.400000,0.000000,120,160,190,220,280,390,640,910,1600,1600,1600,1943,0,120.0,164.45734998255168,34.12295800080756,1649.408625002252,58730.53988677303
1791644557,10,,Aggregated,4.300000,0.000000,120,160,190,220,280,390,640,910,1600,1600,1600,1948,0,120.0,164.39294863095256,34.12295800080756,1649.408625002252,58693.52156057495
1791644558,10,,Aggregated,4.300000,0.000000,120,160,190,220,280,390,640,910,1600,1600,1600,1955,0,120.0,164.18234357191503,34.12295800080756,1649.408625002252,58693.861381074166
1791644559,10,,Aggregated,4.500000,0.000000,120,160,190,220,280,390,640,910,1600,1600,1600,1959,0,120.0,164.11755147988546,34.12295800080756,1649.408625002252,58685.15467075038
1791644560,10,,Aggregated,4.500000,0.000000,120,160,190,220,280,390,640,910,1600,1600,1600,1963,0,120.0,164.0406561253659,34.12295800080756,1649.408625002252,58696.43402954661
1791644561,10,,Aggregated,4.900000,0.000000,120,160,190,220,280,390,640,910,1600,1600,1600,1970,0,120.0,163.92691238126025,34.12295800080756,1649.408625002252,58791.02081218274
1791644562,10,,Aggregated,4.900000,0.000000,120,150,190,220,280,390,640,910,1600,1600,1600,1975,0,120.0,163.81357920662236,34.12295800080756,1649.408625002252,58685.608101265825
1791644563,10,,Aggregated,5.100000,0.000000,120,150,190,220,280,390,640,910,1600,1600,1600,1978,0,120.0,163.8008548913417,34.12295800080756,1649.408625002252,58681.71132457027
1791644564,10,,Aggregated,5.000000,0.000000,120,150,190,220,280,390,640,910,1600,1600,1600,1984,0,120.0,163.64674183824394,34.12295800080756,1649.408625002252,58615.344758064515
1791644565,10,,Aggregated,5.100000,0.000000,120,150,180,220,280,390,640,910,1600,1600,1600,1990,0,120.0,163.45529351662054,34.12295800080756,1649.408625002252,58539.02663316583
1791644566,10,,Aggregated,5.000000,0.000000,120,150,180,220,280,390,640,910,1600,1600,1600,1995,0,120.0,163.4413037880099,34.12295800080756,1649.408625002252,58446.22155388471
1791644567,10,,Aggregated,5.100000,0.000000,120,150,180,220,280,390,640,910,1600,1600,1600,1998,0,120.0,163.40375136289887,34.12295800080756,1649.408625002252,58454.656656656654
1791644568,10,,Aggregated,5.100000,0.000000,120,150,180,220,280,390,630,860,1600,1600,1600,2004,0,120.0,163.2001156093123,34.12295800080756,1649.408625002252,58350.451596806386
1791644569,10,,Aggregated,5.200000,0.000000,120,150,180,220,280,390,630,860,1600,1600,1600,2008,0,120.0,163.1532535562996,34.12295800080756,1649.408625002252,58506.586653386454
1791644570,10,,Aggregated,5.000000,0.000000,120,150,180,220,280,390,630,860,1600,1600,1600,2013,0,120.0,162.97189860410288,34.12295800080756,1649.408625002252,58469.16592151018
1791644571,10,,Aggregated,4.900000,0.000000,120,150,180,220,280,390,630,860,1600,1600,1600,2018,0,120.0,162.78137919823993,34.12295800080756,1649.408625002252,58419.66551040634
1791644572,10,,Aggregated,4.900000,0.000000,120,150,180,220,280,390,630,860,1600,1600,1600,2021,0,120.0,162.72683810244862,34.12295800080756,1649.408625002252,58432.60860959921
1791644573,10,,Aggregated,4.600000,0.000000,120,150,180,220,280,390,630,860,1600,1600,1600,2026,0,120.0,162.80725889094168,34.12295800080756,1649.408625002252,58590.87117472853
1791644574,10,,Aggregated,4.900000,0.000000,120,150,180,210,280,390,630,860,1600,1600,1600,2031,0,120.0,162.58938216546127,34.12295800080756,1649.408625002252,58523.55834564254
1791644575,10,,Aggregated,4.600000,0.000000,120,150,180,210,280,390,630,860,1600,1600,1600,2033,0,120.0,162.49921366800743,34.12295800080756,1649.408625002252,58490.24003935071
1791644576,10,,Aggregated,4.800000,0.000000,120,150,180,210,280,390,630,860,1600,1600,1600,2041,0,120.0,162.37870566539146,34.12295800080756,1649.408625002252,58453.43116119549
1791644577,10,,Aggregated,4.700000,0.000000,120,150,180,210,280,390,630,860,1600,1600,1600,2043,0,120.0,162.44213601961184,34.12295800080756,1649.408625002252,58415.89623103279
1791644578,10,,Aggregated,4.400000,0.000000,120,150,180,210,280,390,630,860,1600,1600,1600,2048,0,120.0,162.31132286185357,34.12295800080756,1649.408625002252,58581.2421875
1791644579,10,,Aggregated,4.600000,0.000000,120,150,180,210,280,390,620,860,1600,1600,1600,2053,0,120.0,162.25473636730928,34.12295800080756,1649.408625002252,58617.77886020458
1791644580,10,,Aggregated,4.400000,0.000000,120,150,180,210,280,390,620,860,1600,1600,1600,2058,0,120.0,162.14694766913152,34.12295800080756,1649.408625002252,58507.80029154519
1791644581,10,,Aggregated,4.600000,0.000000,120,150,180,210,280,390,620,860,1600,1600,1600,2064,0,120.0,162.51665910226444,34.12295800080756,1649.408625002252,59128.90358527132
1791644582,10,,Aggregated,4.400000,0.000000,120,150,180,210,280,390,620,860,1600,1600,1600,2068,0,120.0,162.44757147102044,34.12295800080756,1649.408625002252,59063.881044487425
1791644583,10,,Aggregated,4.500000,0.000000,120,150,180,210,280,390,620,860,1600,1600,1600,2073,0,120.0,162.32058046458243,34.12295800080756,1649.408625002252,58982.406657018815
1791644584,10,,Aggregated,4.500000,0.000000,120,150,180,210,280,390,620,860,1600,1600,1600,2075,0,120.0,162.24736454365046,34.12295800080756,1649.408625002252,58948.37108433735
1791644585,10,,Aggregated,4.500000,0.000000,120,150,180,210,280,390,620,860,1600,1600,1600,2082,0,120.0,162.17152522097263,34.12295800080756,1649.408625002252,58872.423150816525
1791644586,10,,Aggregated,4.600000,0.000000,120,150,180,210,280,390,620,860,1600,1600,1600,2085,0,120.0,162.25486233528525,34.12295800080756,1649.408625002252,58933.94004796163
1791644587,10,,Aggregated,4.500000,0.000000,120,150,180,210,280,390,620,860,1600,1600,1600,2091,0,120.0,162.14326558826883,34.12295800080756,1649.408625002252,58877.153036824486
1791644588,10,,Aggregated,4.900000,0.000000,120,150,180,210,280,390,620,860,1600,1600,1600,2097,0,120.0,162.18797234767973,34.12295800080756,1649.408625002252,59078.023366714355
1791644589,10,,Aggregated,4.500000,0.000000,120,150,180,210,280,390,620,860,1600,1600,1600,2099,0,120.0,162.2145513797488,34.12295800080756,1649.408625002252,59031.007146260126
1791644590,10,,Aggregated,4.800000,0.000000,120,150,180,210,280,380,610,830,1600,1600,1600,2105,0,120.0,162.12520978342042,34.12295800080756,1649.408625002252,59033.69121140143
1791644591,10,,Aggregated,4.700000,0.000000,120,150,180,210,280,380,610,830,1600,1600,1600,2109,0,120.0,161.98907033859706,34.12295800080756,1649.408625002252,59047.3262209578
1791644592,10,,Aggregated,4.600000,0.000000,120,150,180,210,280,380,610,830,1600,1600,1600,2112,0,120.0,162.0134982486289,34.12295800080756,1649.408625002252,59076.357954545456
1791644593,10,,Aggregated,4.600000,0.000000,120,150,180,210,280,380,610,830,1600,1600,1600,2117,0,120.0,161.9831790902668,34.12295800080756,1649.408625002252,59029.818138875766
1791644594,10,,Aggregated,4.500000,0.000000,120,150,180,210,280,380,610,830,1600,1600,1600,2122,0,120.0,162.01274010843755,34.12295800080756,1649.408625002252,58941.559377945334
1791644595,10,,Aggregated,4.500000,0.000000,120,150,180,210,280,380,610,830,1600,1600,1600,2125,0,120.0,162.01924045604434,34.12295800080756,1649.408625002252,59132.850352941176
1791644596,10,,Aggregated,4.500000,0.000000,120,150,180,220,280,380,610,830,1600,1600,1600,2133,0,120.0,162.2266864805853,34.12295800080756,1649.408625002252,59068.75386779184
1791644597,10,,Aggregated,4.500000,0.000000,120,150,180,220,280,380,610,830,1600,1600,1600,2138,0,120.0,162.207490787693,34.12295800080756,1649.408625002252,59284.72076707203
1791644598,10,,Aggregated,4.300000,0.000000,120,150,180,220,280,370,610,830,1600,1600,1600,2141,0,120.0,162.15465262124414,34.12295800080756,1649.408625002252,59319.1251751518
1791644599,10,,Aggregated,4.700000,0.000000,120,150,180,220,280,370,610,830,1600,1600,1600,2147,0,120.0,162.08039808108632,34.12295800080756,1649.408625002252,59313.718211457846
1791644600,10,,Aggregated,4.700000,0.000000,120,150,180,210,280,370,610,830,1600,1600,1600,2153,0,120.0,161.98292845893906,34.12295800080756,1649.408625002252,59294.6474686484
1791644601,10,,Aggregated,4.400000,0.000000,120,150,180,210,280,370,610,830,1600,1600,1600,2156,0,120.0,161.96533449911672,34.12295800080756,1649.408625002252,59242.85296846011
1791644602,10,,Aggregated,4.700000,0.000000,120,150,180,210,280,370,610,830,1600,1600,1600,2161,0,120.0,161.81256052989417,34.12295800080756,1649.408625002252,59150.6881073577
1791644603,10,,Aggregated,4.800000,0.000000,120,150,180,210,280,370,610,830,1600,1600,1600,2167,0,120.0,161.774172537653,34.12295800080756,1649.408625002252,59047.23119520074
1791644604,10,,Aggregated,4.600000,0.000000,120,150,180,210,270,370,610,830,1600,1600,1600,2171,0,120.0,161.7320168761375,34.12295800080756,1649.408625002252,58975.56517733763
1791644605,10,,Aggregated,4.800000,0.000000,120,150,180,210,270,370,610,830,1600,1600,1600,2177,0,120.0,161.60359470789936,34.12295800080756,1649.408625002252,58907.17179604961
1791644606,10,,Aggregated,4.800000,0.000000,120,150,180,210,270,370,610,830,1600,1600,1600,2180,0,120.0,161.56690078903654,34.12295800080756,1649.408625002252,59031.601834862384
1791644607,10,,Aggregated,5.000000,0.000000,120,150,180,210,270,370,610,830,1600,1600,1600,2185,0,120.0,161.43892736938258,34.12295800080756,1649.408625002252,59002.06361556064
1791644608,10,,Aggregated,5.100000,0.000000,120,150,180,210,270,370,610,830,1600,1600,1600,2188,0,120.0,161.39686942509402,34.12295800080756,1649.408625002252,59167.09277879342
1791644609,10,,Aggregated,4.700000,0.000000,120,150,180,210,270,370,610,830,1600,1600,1600,2194,0,120.0,161.53692214134327,34.12295800080756,1649.408625002252,59043.129443938014
1791644610,10,,Aggregated,4.800000,0.000000,120,150,180,210,270,370,610,830,1600,1600,1600,2199,0,120.0,161.45209059622394,34.12295800080756,1649.408625002252,59258.19417917235
1791644611,10,,Aggregated,4.600000,0.000000,120,150,180,210,270,370,610,830,1600,1600,1600,2204,0,120.0,161.4040924896059,34.12295800080756,1649.408625002252,59173.33484573503
1791644612,10,,Aggregated,4.700000,0.000000,120,150,180,210,270,370,610,830,1600,1600,1600,2209,0,120.0,161.3611785564049,34.12295800080756,1649.408625002252,59312.45540968764
1791644613,10,,Aggregated,4.600000,0.000000,120,150,180,210,270,370,610,830,1600,1600,1600,2212,0,120.0,161.30289911713209,34.12295800080756,1649.408625002252,59266.66184448463
1791644614,10,,Aggregated,4.800000,0.000000,120,150,180,210,270,370,610,830,1600,1600,1600,2219,0,120.0,161.13523383870614,34.12295800080756,1649.408625002252,59117.1261829653
1791644615,10,,Aggregated,4.900000,0.000000,120,150,180,210,270,370,610,830,1600,1600,1600,2222,0,120.0,161.00304737357644,34.12295800080756,1649.408625002252,59079.56300630063
1791644616,10,,Aggregated,4.700000,0.000000,120,150,180,210,270,370,610,830,1600,1600,1600,2227,0,120.0,160.96215090034644,34.12295800080756,1649.408625002252,58994.932195779074
1791644617,10,,Aggregated,4.700000,0.000000,120,150,180,210,270,370,610,830,1600,1600,1600,2232,0,120.0,161.01675344044682,34.12295800080756,1649.408625002252,59160.73476702509
1791644618,10,,Aggregated,4.600000,0.000000,120,150,180,210,270,370,610,830,1600,1600,1600,2239,0,120.0,160.9135040254899,34.12295800080756,1649.408625002252,59129.38945958017
1791644619,10,,Aggregated,4.700000,0.000000,120,150,180,210,270,370,610,830,1600,1600,1600,2242,0,120.0,160.84033322750477,34.12295800080756,1649.408625002252,59144.66859946476
1791644620,10,,Aggregated,4.600000,0.000000,120,150,180,210,270,370,610,830,1600,1600,1600,2248,0,120.0,160.92713243775583,34.12295800080756,1649.408625002252,59257.72953736655
1791644621,10,,Aggregated,5.100000,0.000000,120,150,180,210,270,370,600,830,1600,1600,1600,2251,0,120.0,160.84284566595778,34.12295800080756,1649.408625002252,59286.977787649936
1791644622,10,,Aggregated,4.800000,0.000000,120,150,180,210,270,370,600,830,1600,1600,1600,2260,0,120.0,160.87830968454725,34.12295800080756,1649.408625002252,59682.160619469025
1791644623,10,,Aggregated,4.900000,0.000000,120,150,180,210,270,370,600,830,1600,1600,1600,2262,0,120.0,160.80741029844074,34.12295800080756,1649.408625002252,59656.942528735635
1791644624,10,,Aggregated,4.800000,0.000000,120,150,180,210,270,370,600,830,1600,1600,1600,2270,0,120.0,160.61276538769476,34.12295800080756,1649.408625002252,59658.308370044055
1791644625,10,,Aggregated,4.800000,0.000000,120,150,180,210,270,370,600,830,1600,1600,1600,2271,0,120.0,160.62575589523095,34.12295800080756,1649.408625002252,59648.18582122413
1791644626,10,,Aggregated,4.800000,0.000000,120,150,180,210,270,370,600,830,1600,1600,1600,2278,0,120.0,160.40376549739915,34.12295800080756,1649.408625002252,59605.87445127305
1791644627,10,,Aggregated,5.200000,0.000000,120,150,180,210,270,370,600,830,1600,1600,1600,2281,0,120.0,160.31458942134165,34.12295800080756,1649.408625002252,59538.30162209557
1791644629,10,,Aggregated,4.800000,0.000000,120,150,180,210,270,370,600,830,1600,1600,1600,2284,0,120.0,160.31600899916057,34.12295800080756,1649.408625002252,59489.02451838879
1791644630,10,,Aggregated,5.000000,0.000000,120,150,180,210,270,370,600,830,1600,1600,1600,2291,0,120.0,160.26369624490607,34.12295800080756,1649.408625002252,59664.712789175035
1791644631,10,,Aggregated,4.900000,0.000000,120,150,180,210,270,370,600,830,1600,1600,1600,2294,0,120.0,160.18544764127813,34.12295800080756,1649.408625002252,59614.47253705318
1791644632,10,,Aggregated,4.500000,0.000000,120,150,180,210,270,370,600,830,1600,1600,1600,2298,0,120.0,160.16600702266686,34.12295800080756,1649.408625002252,59645.00783289817
1791644633,10,,Aggregated,4.900000,0.000000,120,150,180,210,270,360,590,830,1600,1600,1600,2304,0,120.0,159.9523567947377,34.12295800080756,1649.408625002252,59573.78342013889
1791644634,10,,Aggregated,4.600000,0.000000,120,150,180,210,270,360,590,830,1600,1600,1600,2309,0,120.0,159.97255459292927,34.12295800080756,1649.408625002252,59661.70593330446
1791644635,10,,Aggregated,4.600000,0.000000,120,150,180,210,270,360,590,830,1600,1600,1600,2315,0,120.0,159.95368546266377,34.12295800080756,1649.408625002252,59823.597840172784
1791644636,10,,Aggregated,4.400000,0.000000,120,150,180,210,270,360,590,830,1600,1600,1600,2318,0,120.0,159.87476239088264,34.12295800080756,1649.408625002252,59768.916307161344
1791644637,10,,Aggregated,4.700000,0.000000,120,150,180,210,270,360,590,830,1600,1600,1600,2321,0,120.0,159.7851933494478,34.12295800080756,1649.408625002252,59733.49806118052
1791644638,10,,Aggregated,4.400000,0.000000,120,150,180,210,270,360,590,830,1600,1600,1600,2327,0,120.0,159.75027691794804,34.12295800080756,1649.408625002252,59726.17662226042
1791644639,10,,Aggregated,4.700000,0.000000,120,150,180,210,270,360,590,830,1600,1600,1600,2332,0,120.0,159.71256152317832,34.12295800080756,1649.408625002252,59946.15265866209
1791644640,10,,Aggregated,4.300000,0.000000,120,150,180,210,270,360,590,830,1600,1600,1600,2336,0,120.0,159.56085834634231,34.12295800080756,1649.408625002252,59890.43279109589
1791644641,10,,Aggregated,4.600000,0.000000,120,150,180,210,270,360,590,830,1600,1600,1600,2341,0,120.0,159.59511916790035,34.12295800080756,1649.408625002252,59923.2597180692
1791644642,10,,Aggregated,4.600000,0.000000,120,150,180,210,270,360,590,830,1600,1600,1600,2341,0,120.0,159.59511916790035,34.12295800080756,1649.408625002252,59923.2597180692
1791644643,10,,Aggregated,4.700000,0.000000,120,150,180,210,270,370,620,860,1600,1600,1600,2348,0,120.0,161.31343789610082,34.12295800080756,1649.408625002252,60093.14352640545
1791644644,10,,Aggregated,4.300000,0.000000,120,150,180,210,270,370,610,860,1600,1600,1600,2354,0,120.0,161.45485459687845,34.12295800080756,1649.408625002252,60048.6427357689
1791644645,10,,Aggregated,4.300000,0.000000,120,150,180,210,270,370,610,860,1600,1600,1600,2356,0,120.0,161.45254851614988,34.12295800080756,1649.408625002252,60081.58701188455
1791644646,10,,Aggregated,4.400000,0.000000,120,150,180,210,270,370,610,860,1600,1600,1600,2362,0,120.0,161.78221066767637,34.12295800080756,1649.408625002252,60102.69220999153
1791644647,10,,Aggregated,4.400000,0.000000,120,150,180,210,270,370,610,860,1600,1600,1600,2365,0,120.0,161.7614087801531,34.12295800080756,1649.408625002252,60136.83509513742
1791644648,10,,Aggregated,4.100000,0.000000,120,150,180,210,270,370,610,860,1600,1600,1600,2369,0,120.0,161.70439452978803,34.12295800080756,1649.408625002252,60269.41663149008
1791644649,10,,Aggregated,4.200000,0.000000,120,160,180,220,270,370,610,860,1600,1600,1600,2376,0,120.0,161.94640371383565,34.12295800080756,1649.408625002252,60244.003367003366
1791644650,10,,Aggregated,4.400000,0.000000,120,160,180,220,270,370,610,860,1600,1600,1600,2380,0,120.0,162.03118920464843,34.12295800080756,1649.408625002252,60399.09579831933
1791644651,10,,Aggregated,4.200000,0.000000,120,160,180,220,270,370,610,860,1600,1600,1600,2385,0,120.0,162.01541094342247,34.12295800080756,1649.408625002252,60312.30775681342
1791644652,10,,Aggregated,4.400000,0.000000,120,160,180,220,270,370,610,860,1600,1600,1600,2389,0,120.0,161.9821959225879,34.12295800080756,1649.408625002252,60315.49225617413
1791644653,10,,Aggregated,4.400000,0.000000,120,160,180,220,270,370,610,860,1600,1600,1600,2393,0,120.0,161.88265707984175,34.12295800080756,1649.408625002252,60303.630171333054
1791644654,10,,Aggregated,4.400000,0.000000,120,160,180,220,270,370,610,860,1600,1600,1600,2399,0,120.0,161.82098929097555,34.12295800080756,1649.408625002252,60206.51438099208
1791644655,10,,Aggregated,4.600000,0.000000,120,150,180,210,270,370,610,840,1600,1600,1600,2403,0,120.0,161.73829091138143,34.12295800080756,1649.408625002252,60190.73241781107
1791644656,10,,Aggregated,4.600000,0.000000,120,150,180,210,270,370,610,840,1600,1600,1600,2407,0,120.0,161.6911680419814,34.12295800080756,1649.408625002252,60412.42833402576
1791644657,10,,Aggregated,4.600000,0.000000,120,150,180,210,270,370,610,840,1600,1600,1600,2412,0,120.0,161.59361429727957,34.12295800080756,1649.408625002252,60564.84494195688
1791644658,10,,Aggregated,4.500000,0.000000,120,150,180,210,270,370,610,840,1600,1600,1600,2418,0,120.0,161.62584299050465,34.12295800080756,1649.408625002252,60526.03846153846
1791644659,10,,Aggregated,4.700000,0.000000,120,150,180,210,270,370,610,840,1600,1600,1600,2424,0,120.0,161.5140976250181,34.12295800080756,1649.408625002252,60540.885313531355
1791644660,10,,Aggregated,4.900000,0.000000,120,150,180,210,270,370,610,840,1600,1600,1600,2428,0,120.0,161.5949547549627,34.12295800080756,1649.408625002252,60572.12685337727
1791644661,10,,Aggregated,4.900000,0.000000,120,160,180,210,270,370,610,840,1600,1600,1600,2431,0,120.0,161.5687580806461,34.12295800080756,1649.408625002252,60574.4722336487
1791644662,10,,Aggregated,4.700000,0.000000,120,150,180,210,270,370,610,840,1600,1600,1600,2439,0,120.0,161.344991243156,34.12295800080756,1649.408625002252,60440.9770397704
1791644663,10,,Aggregated,4.700000,0.000000,120,150,180,210,270,370,610,840,1600,1600,1600,2440,0,120.0,161.41912415330242,34.12295800080756,1649.408625002252,60477.40860655738
1791644664,10,,Aggregated,4.600000,0.000000,120,150,180,210,270,370,610,840,1600,1600,1600,2443,0,120.0,161.38246396891589,34.12295800080756,1649.408625002252,60411.48137535817
1791644665,10,,Aggregated,4.700000,0.000000,120,150,180,210,270,370,610,840,1600,1600,1600,2451,0,120.0,161.30850939088788,34.12295800080756,1649.408625002252,60321.729498164015
1791644666,10,,Aggregated,4.700000,0.000000,120,150,180,210,270,370,610,840,1600,1600,1600,2454,0,120.0,161.23368869521428,34.12295800080756,1649.408625002252,60296.53993480033
1791644667,10,,Aggregated,4.800000,0.000000,120,150,180,210,270,370,610,840,1600,1600,1600,2459,0,120.0,161.32603986012242,34.12295800080756,1649.408625002252,60254.9963399756
1791644668,10,,Aggregated,4.700000,0.000000,120,150,180,210,270,370,610,840,1600,1600,1600,2463,0,120.0,161.29317640034012,34.12295800080756,1649.408625002252,60206.1904181892
1791644669,10,,Aggregated,4.600000,0.000000,120,160,180,210,270,370,610,840,1600,1600,1600,2468,0,120.0,161.43418696597396,34.12295800080756,1649.408625002252,60123.09521880065
1791644670,10,,Aggregated,4.600000,0.000000,120,160,180,210,270,370,610,840,1600,1600,1600,2472,0,120.0,161.47273379127142,34.12295800080756,1649.408625002252,60070.17799352751
1791644671,10,,Aggregated,4.500000,0.000000,120,160,180,210,270,370,610,840,1600,1600,1600,2478,0,120.0,161.3674930609452,34.12295800080756,1649.408625002252,59978.753430185636
1791644672,10,,Aggregated,4.500000,0.000000,120,160,180,220,270,370,610,840,1600,1600,1600,2483,0,120.0,161.37057676037665,34.12295800080756,1649.408625002252,60168.398711236405
1791644673,10,,Aggregated,4.500000,0.000000,120,160,180,220,270,370,610,840,1600,1600,1600,2485,0,120.0,161.32082346237922,34.12295800080756,1649.408625002252,60144.96498993964
1791644674,10,,Aggregated,4.400000,0.000000,120,160,180,210,270,370,610,840,1600,1600,1600,2491,0,120.0,161.16874341469904,34.12295800080756,1649.408625002252,60078.74869530309
1791644675,10,,Aggregated,4.500000,0.000000,120,150,180,210,270,370,610,840,1600,1600,1600,2496,0,120.0,161.08071344672518,34.12295800080756,1649.408625002252,60046.80809294872
1791644676,10,,Aggregated,4.500000,0.000000,120,150,180,210,270,370,610,840,1600,1600,1600,2499,0,120.0,161.09132140017073,34.12295800080756,1649.408625002252,60055.85674269708
1791644677,10,,Aggregated,4.500000,0.000000,120,150,180,210,270,370,600,830,1600,1600,1600,2503,0,120.0,161.05494625290603,34.12295800080756,1649.408625002252,59984.002796644025
1791644678,10,,Aggregated,4.500000,0.000000,120,150,180,210,270,370,600,830,1600,1600,1600,2509,0,120.0,160.92313199641876,34.12295800080756,1649.408625002252,60021.55121562375
1791644679,10,,Aggregated,4.300000,0.000000,120,150,180,210,270,370,600,830,1600,1600,1600,2516,0,120.0,160.86065166772582,34.12295800080756,1649.408625002252,59934.26470588235
1791644680,10,,Aggregated,4.300000,0.000000,120,160,180,210,270,370,600,830,1600,1600,1600,2517,0,120.0,160.90278894000835,34.12295800080756,1649.408625002252,59911.94437822805
1791644681,10,,Aggregated,4.900000,0.000000,120,160,180,210,270,370,600,830,1600,1600,1600,2526,0,120.0,160.83453027355452,34.12295800080756,1649.408625002252,59977.86183689628
1791644682,10,,Aggregated,4.500000,0.000000,120,160,180,210,270,370,600,830,1600,1600,1600,2529,0,120.0,160.76781485251274,34.12295800080756,1649.408625002252,59912.3839462238
1791644683,10,,Aggregated,4.600000,0.000000,120,150,180,210,270,370,600,830,1600,1600,1600,2534,0,120.0,160.78998305169864,34.12295800080756,1649.408625002252,59874.19771112865
1791644684,10,,Aggregated,4.600000,0.000000,120,150,180,210,270,370,600,830,1600,1600,1600,2540,0,120.0,160.743931041341,34.12295800080756,1649.408625002252,59783.84409448819
1791644685,10,,Aggregated,4.800000,0.000000,120,150,180,210,270,370,600,830,1600,1600,1600,2548,0,120.0,160.60664192935997,34.12295800080756,1649.408625002252,59713.72017268446
1791644686,10,,Aggregated,5.100000,0.000000,120,160,180,210,270,370,600,830,1600,1600,1600,2550,0,120.0,160.65383438353356,34.12295800080756,1649.408625002252,59683.23294117647
1791644687,10,,Aggregated,5.000000,0.000000,120,150,180,210,270,370,590,830,1600,1600,1600,2555,0,120.0,160.57090856595198,34.12295800080756,1649.408625002252,59612.58747553816
1791644688,10,,Aggregated,5.000000,0.000000,120,150,180,210,270,370,590,830,1600,1600,1600,2559,0,120.0,160.48372820164423,34.12295800080756,1649.408625002252,59607.29386479093
1791644689,10,,Aggregated,5.000000,0.000000,120,150,180,210,270,370,590,830,1600,1600,1600,2564,0,120.0,160.38357347348102,34.12295800080756,1649.408625002252,59540.19227769111
1791644690,10,,Aggregated,4.900000,0.000000,120,150,180,210,270,370,590,830,1600,1600,1600,2567,0,120.0,160.40028227308034,34.12295800080756,1649.408625002252,59738.14024152707
1791644691,10,,Aggregated,4.900000,0.000000,120,150,180,210,270,370,590,830,1600,1600,1600,2571,0,120.0,160.32645480474162,34.12295800080756,1649.408625002252,59672.83236094905
1791644692,10,,Aggregated,5.000000,0.000000,120,150,180,210,270,370,590,830,1600,1600,1600,2578,0,120.0,160.2316536283924,34.12295800080756,1649.408625002252,59658.78471683476
1791644693,10,,Aggregated,4.800000,0.000000,120,150,180,210,270,370,590,830,1600,1600,1600,2580,0,120.0,160.17545848333174,34.12295800080756,1649.408625002252,59620.33953488372
1791644694,10,,Aggregated,5.100000,0.000000,120,150,180,210,270,360,590,830,1600,1600,1600,2586,0,120.0,160.17275826991167,34.12295800080756,1649.408625002252,59518.70146945089
1791644695,10,,Aggregated,5.100000,0.000000,120,150,180,210,270,360,590,830,1600,1600,1600,2589,0,120.0,160.1558875094591,34.12295800080756,1649.408625002252,59691.88064889919
1791644696,10,,Aggregated,4.700000,0.000000,120,150,180,210,270,360,590,830,1600,1600,1600,2594,0,120.0,160.1749075956006,34.12295800080756,1649.408625002252,59893.10292983809
1791644697,10,,Aggregated,4.500000,0.000000,120,150,180,210,270,360,590,830,1600,1600,1600,2600,0,120.0,160.13238614307528,34.12295800080756,1649.408625002252,59984.33653846154
1791644698,10,,Aggregated,4.500000,0.000000,120,150,180,210,270,360,580,830,1600,1600,1600,2603,0,120.0,160.08387231617056,34.12295800080756,1649.408625002252,59935.1306185171
1791644699,10,,Aggregated,4.700000,0.000000,120,150,180,210,270,360,580,830,1600,1600,1600,2609,0,120.0,160.0109202652336,34.12295800080756,1649.408625002252,59853.01341510157
1791644700,10,,Aggregated,4.400000,0.000000,120,150,180,210,270,360,580,830,1600,1600,1600,2613,0,120.0,159.92335543933902,34.12295800080756,1649.408625002252,59812.11634137007
1791644701,10,,Aggregated,4.300000,0.000000,120,150,180,210,270,360,580,830,1600,1600,1600,2619,0,120.0,159.8343332905652,34.12295800080756,1649.408625002252,59882.46888125239
1791644702,10,,Aggregated,4.600000,0.000000,120,150,180,210,270,360,580,830,1600,1600,1600,2622,0,120.0,159.9383944877916,34.12295800080756,1649.408625002252,59874.805491990846
1791644703,10,,Aggregated,4.400000,0.000000,120,150,180,210,270,360,580,830,1600,1600,1600,2626,0,120.0,160.07434419192626,34.12295800080756,1649.408625002252,59822.2018278751
1791644704,10,,Aggregated,4.300000,0.000000,120,150,180,210,270,360,580,830,1600,1600,1600,2630,0,120.0,160.06962155170808,34.12295800080756,1649.408625002252,59844.62509505703
1791644705,10,,Aggregated,4.300000,0.000000,120,160,180,210,270,360,580,830,1600,1600,1600,2635,0,120.0,160.28628140948385,34.12295800080756,1649.408625002252,59936.99203036053
1791644706,10,,Aggregated,4.500000,0.000000,120,160,180,210,270,370,580,830,1600,1600,1600,2639,0,120.0,160.57234184842054,34.12295800080756,1649.408625002252,60081.07616521409
1791644707,10,,Aggregated,4.600000,0.000000,120,160,180,210,270,370,580,830,1600,1600,1600,2645,0,120.0,160.9176207512195,34.12295800080756,1649.408625002252,60216.029489603025
1791644708,10,,Aggregated,4.600000,0.000000,120,160,180,210,270,370,580,830,1600,1600,1600,2646,0,120.0,160.89787377625458,34.12295800080756,1649.408625002252,60210.873393801965
1791644709,10,,Aggregated,4.600000,0.000000,120,160,180,220,270,370,590,830,1600,1600,1600,2655,0,120.0,161.5180842169368,34.12295800080756,1649.408625002252,60225.80866290019
1791644710,10,,Aggregated,4.600000,0.000000,120,160,180,220,270,370,590,830,1600,1600,1600,2657,0,120.0,161.50503196460946,34.12295800080756,1649.408625002252,60211.837034249154
1791644711,10,,Aggregated,4.300000,0.000000,120,160,180,220,270,370,590,830,1600,1600,1600,2663,0,120.0,161.3845542042638,34.12295800080756,1649.408625002252,60300.3781449493
1791644712,10,,Aggregated,4.600000,0.000000,120,160,180,220,270,370,590,830,1600,1600,1600,2667,0,120.0,161.4102306790208,34.12295800080756,1649.408625002252,60283.56167979003
1791644713,10,,Aggregated,4.600000,0.000000,120,160,180,220,270,370,590,830,1600,1600,1600,2670,0,120.0,161.42035498275246,34.12295800080756,1649.408625002252,60260.66217228465
1791644714,10,,Aggregated,4.500000,0.000000,120,160,190,220,270,370,590,830,1600,1600,1600,2676,0,120.0,161.49892409863588,34.12295800080756,1649.408625002252,60302.77316890882
1791644715,10,,Aggregated,4.400000,0.000000,120,160,190,220,270,370,590,830,1600,1600,1600,2681,0,120.0,161.44184990598615,34.12295800080756,1649.408625002252,60350.36553524804
1791644716,10,,Aggregated,4.500000,0.000000,120,160,190,220,270,370,590,830,1600,1600,1600,2684,0,120.0,161.56086522539258,34.12295800080756,1649.408625002252,60335.387481371086
1791644717,10,,Aggregated,4.500000,0.000000,120,160,190,220,270,370,590,830,1600,1600,1600,2689,0,120.0,161.56461030046728,34.12295800080756,1649.408625002252,60299.945704722944
1791644718,10,,Aggregated,4.500000,0.000000,120,160,190,220,270,370,590,830,1600,1600,1600,2693,0,120.0,161.52766315965275,34.12295800080756,1649.408625002252,60248.09766060156
1791644719,10,,Aggregated,4.500000,0.000000,120,160,190,220,270,370,590,830,1600,1600,1600,2699,0,120.0,161.53039124525543,34.12295800080756,1649.408625002252,60534.694701741384
1791644720,10,,Aggregated,4.600000,0.000000,120,160,190,220,270,370,580,830,1600,1600,1600,2701,0,120.0,161.5005495234863,34.12295800080756,1649.408625002252,60516.311366160684
1791644721,10,,Aggregated,4.700000,0.000000,120,160,190,220,270,370,580,830,1600,1600,1600,2706,0,120.0,161.4429658987199,34.12295800080756,1649.408625002252,60486.07354028086
1791644722,10,,Aggregated,4.300000,0.000000,120,160,180,220,270,370,580,830,1600,1600,1600,2711,0,120.0,161.36786698189903,34.12295800080756,1649.408625002252,60528.15418664699
1791644723,10,,Aggregated,4.300000,0.000000,120,160,180,220,270,370,580,830,1600,1600,1600,2715,0,120.0,161.31934759518316,34.12295800080756,1649.408625002252,60659.22283609577
1791644724,10,,Aggregated,4.300000,0.000000,120,160,180,220,270,370,580,830,1600,1600,1600,2720,0,120.0,161.2107877341607,34.12295800080756,1649.408625002252,60621.751470588235
1791644725,10,,Aggregated,4.500000,0.000000,120,160,180,220,270,370,580,830,1600,1600,1600,2725,0,120.0,161.0447359827204,34.12295800080756,1649.408625002252,60581.31376146789
1791644726,10,,Aggregated,4.500000,0.000000,120,160,180,220,270,370,580,830,1600,1600,1600,2728,0,120.0,160.95518535041154,34.12295800080756,1649.408625002252,60539.56158357771
1791644727,10,,Aggregated,4.300000,0.000000,120,160,180,210,270,370,580,830,1600,1600,1600,2734,0,120.0,160.89602697948845,34.12295800080756,1649.408625002252,60516.74506217996
1791644728,10,,Aggregated,4.400000,0.000000,120,160,180,210,270,370,580,830,1600,1600,1600,2740,0,120.0,160.8014578361013,34.12295800080756,1649.408625002252,60420.534306569345
1791644729,10,,Aggregated,4.300000,0.000000,120,160,180,210,270,360,580,830,1600,1600,1600,2746,0,120.0,160.85719586559793,34.12295800080756,1649.408625002252,60525.04770575382
1791644730,10,,Aggregated,4.700000,0.000000,120,160,180,210,270,360,580,830,1600,1600,1600,2749,0,120.0,160.83814620950886,34.12295800080756,1649.408625002252,60490.86213168425
1791644731,10,,Aggregated,4.400000,0.000000,120,160,180,210,270,360,580,830,1600,1600,1600,2754,0,120.0,160.8004090308432,34.12295800080756,1649.408625002252,60494.24328249819
1791644732,10,,Aggregated,4.700000,0.000000,120,160,180,210,270,360,580,830,1600,1600,1600,2759,0,120.0,160.70211801193852,34.12295800080756,1649.408625002252,60618.23921710765
1791644733,10,,Aggregated,4.900000,0.000000,120,160,180,210,270,360,580,830,1600,1600,1600,2763,0,120.0,160.63163331304318,34.12295800080756,1649.408625002252,60537.917842924355
1791644734,10,,Aggregated,4.800000,0.000000,120,160,180,210,270,360,580,830,1600,1600,1600,2768,0,120.0,160.57325948661125,34.12295800080756,1649.408625002252,60545.43858381503
1791644735,10,,Aggregated,4.700000,0.000000,120,160,180,210,270,360,580,830,1600,1600,1600,2774,0,120.0,160.4383754390525,34.12295800080756,1649.408625002252,60563.10526315789
1791644736,10,,Aggregated,4.800000,0.000000,120,160,180,210,270,360,580,830,1600,1600,1600,2779,0,120.0,160.34725711008608,34.12295800080756,1649.408625002252,60478.20726880173
1791644737,10,,Aggregated,4.800000,0.000000,120,160,180,210,270,360,580,830,1600,1600,1600,2781,0,120.0,160.2950683092154,34.12295800080756,1649.408625002252,60440.186263933836
1791644738,10,,Aggregated,5.000000,0.000000,120,160,180,210,270,360,580,830,1600,1600,1600,2788,0,120.0,160.24095548275477,34.12295800080756,1649.408625002252,60531.25286944046
1791644739,10,,Aggregated,4.900000,0.000000,120,160,180,210,270,360,580,830,1600,1600,1600,2791,0,120.0,160.1598452959229,34.12295800080756,1649.408625002252,60503.97527767825
1791644740,10,,Aggregated,4.600000,0.000000,120,160,180,210,270,360,580,830,1600,1600,1600,2796,0,120.0,160.08628116484834,34.12295800080756,1649.408625002252,60485.74821173104
1791644741,10,,Aggregated,4.800000,0.000000,120,160,180,210,270,360,580,800,1600,1600,1600,2801,0,120.0,160.51863686037686,34.12295800080756,1649.408625002252,60390.17065333809
1791644742,10,,Aggregated,4.800000,0.000000,120,160,180,210,270,360,580,800,1600,1600,1600,2805,0,120.0,160.42482558357298,34.12295800080756,1649.408625002252,60343.8606060606
1791644743,10,,Aggregated,4.800000,0.000000,120,160,180,210,270,360,580,800,1600,1600,1600,2808,0,120.0,160.4686213244054,34.12295800080756,1649.408625002252,60299.49572649573
1791644744,10,,Aggregated,4.700000,0.000000,120,160,180,210,270,360,580,800,1600,1600,1600,2816,0,120.0,160.36339314450484,34.12295800080756,1649.408625002252,60354.49502840909
1791644745,10,,Aggregated,4.800000,0.000000,120,160,180,210,270,360,580,800,1600,1600,1600,2817,0,120.0,160.45928616823778,34.12295800080756,1649.408625002252,60338.23074192403
1791644746,10,,Aggregated,4.200000,0.000000,120,160,180,210,270,360,580,800,1600,1600,1600,2824,0,120.0,160.60975689445078,34.12295800080756,1649.408625002252,60241.234065155804
1791644747,10,,Aggregated,4.500000,0.000000,120,160,180,210,270,360,580,800,1600,1600,1600,2827,0,120.0,160.50558464907314,34.12295800080756,1649.408625002252,60199.212239122746
1791644748,10,,Aggregated,4.300000,0.000000,120,160,180,210,270,360,580,800,1600,1600,1600,2831,0,120.0,160.52337207521117,34.12295800080756,1649.408625002252,60303.51571882727
1791644749,10,,Aggregated,4.300000,0.000000,120,160,180,210,270,360,580,800,1600,1600,1600,2836,0,120.0,160.58629530004274,34.12295800080756,1649.408625002252,60573.067348378
1791644750,10,,Aggregated,4.400000,0.000000,120,160,180,210,270,360,580,800,1600,1600,1600,2841,0,120.0,160.54446018547458,34.12295800080756,1649.408625002252,60492.64413938754
1791644751,10,,Aggregated,4.400000,0.000000,120,160,180,210,270,360,580,800,1600,1600,1600,2847,0,120.0,160.48015425989757,34.12295800080756,1649.408625002252,60691.62521952933
1791644752,10,,Aggregated,4.200000,0.000000,120,160,180,210,270,360,580,800,1600,1600,1600,2850,0,120.0,160.46617624664162,34.12295800080756,1649.408625002252,60635.77438596491
1791644753,10,,Aggregated,4.500000,0.000000,120,160,180,210,270,360,580,800,1600,1600,1600,2857,0,120.0,160.42421546899882,34.12295800080756,1649.408625002252,60541.038151907596
1791644754,10,,Aggregated,4.400000,0.000000,120,160,180,220,270,360,580,800,1600,1600,1600,2860,0,120.0,160.41205064542916,34.12295800080756,1649.408625002252,60667.17132867133
1791644755,10,,Aggregated,4.200000,0.000000,120,160,180,220,270,360,580,800,1600,1600,1600,2865,0,120.0,160.43641796541996,34.12295800080756,1649.408625002252,60776.1277486911
1791644756,10,,Aggregated,4.800000,0.000000,120,160,180,210,270,360,580,800,1600,1600,1600,2870,0,120.0,160.31606626443468,34.12295800080756,1649.408625002252,60718.29094076655
1791644757,10,,Aggregated,4.500000,0.000000,120,160,180,210,270,360,580,800,1600,1600,1600,2874,0,120.0,160.28202293977785,34.12295800080756,1649.408625002252,60647.74112734864
1791644758,10,,Aggregated,4.700000,0.000000,120,160,180,210,270,360,580,800,1600,1600,1600,2878,0,120.0,160.1979621306205,34.12295800080756,1649.408625002252,60592.05177206393
1791644759,10,,Aggregated,4.700000,0.000000,120,160,180,210,270,360,580,800,1600,1600,1600,2881,0,120.0,160.16007546959995,34.12295800080756,1649.408625002252,60539.93439777855
1791644760,10,,Aggregated,4.700000,0.000000,120,160,180,210,270,360,580,800,1600,1600,1600,2888,0,120.0,160.11085809519133,34.12295800080756,1649.408625002252,60431.88157894737
1791644761,10,,Aggregated,4.600000,0.000000,120,160,180,210,270,360,580,800,1600,1600,1600,2891,0,120.0,160.1010797488455,34.12295800080756,1649.408625002252,60440.91248702871
1791644762,10,,Aggregated,4.600000,0.000000,120,160,180,210,270,360,580,800,1600,1600,1600,2896,0,120.0,160.1443097703438,34.12295800080756,1649.408625002252,60362.88743093923
1791644763,10,,Aggregated,4.600000,0.000000,120,160,180,210,270,360,570,790,1600,1600,1600,2903,0,120.0,160.02727183462466,34.12295800080756,1649.408625002252,60257.66620737169
1791644764,10,,Aggregated,4.400000,0.000000,120,160,180,210,270,360,570,790,1600,1600,1600,2905,0,120.0,160.05465531081376,34.12295800080756,1649.408625002252,60301.15387263339
1791644765,10,,Aggregated,4.900000,0.000000,120,160,180,210,270,360,570,790,1600,1600,1600,2910,0,120.0,159.95681791577715,34.12295800080756,1649.408625002252,60267.10859106529
1791644766,10,,Aggregated,4.600000,0.000000,120,160,180,210,270,360,570,790,1600,1600,1600,2915,0,120.0,159.9471819217563,34.12295800080756,1649.408625002252,60222.71526586621
1791644767,10,,Aggregated,4.400000,0.000000,120,160,180,210,270,360,570,790,1600,1600,1600,2918,0,120.0,159.92877679092277,34.12295800080756,1649.408625002252,60190.932488005485
1791644768,10,,Aggregated,4.600000,0.000000,120,160,180,210,270,360,570,790,1600,1600,1600,2924,0,120.0,159.85901470892753,34.12295800080756,1649.408625002252,60278.17886456908
1791644769,10,,Aggregated,4.600000,0.000000,120,160,180,210,270,360,570,790,1600,1600,1600,2927,0,120.0,159.84301443761663,34.12295800080756,1649.408625002252,60250.316364878716
1791644770,10,,Aggregated,4.300000,0.000000,120,160,180,210,270,360,570,790,1600,1600,1600,2934,0,120.0,159.68914708653523,34.12295800080756,1649.408625002252,60184.46659850034
1791644771,10,,Aggregated,4.800000,0.000000,120,160,180,210,270,360,570,790,1600,1600,1600,2938,0,120.0,159.60093958811828,34.12295800080756,1649.408625002252,60115.43703199455
1791644772,10,,Aggregated,4.800000,0.000000,120,160,180,210,270,360,570,790,1600,1600,1600,2939,0,120.0,159.59345799656032,34.12295800080756,1649.408625002252,60096.533174549164
1791644773,10,,Aggregated,4.600000,0.000000,120,160,180,210,270,360,580,830,1600,1600,1600,2943,0,120.0,160.30263327179475,34.12295800080756,1649.408625002252,60085.89058783554
1791644774,10,,Aggregated,4.700000,0.000000,120,160,180,210,270,370,610,830,1600,1600,1600,2951,0,120.0,161.74473924496868,34.12295800080756,1649.408625002252,59965.985767536426
1791644775,10,,Aggregated,4.000000,0.000000,120,160,180,210,270,370,610,830,1600,1600,1600,2957,0,120.0,161.64307881430898,34.12295800080756,1649.408625002252,59881.41088941495
1791644776,10,,Aggregated,4.100000,0.000000,120,160,180,210,270,370,610,830,1600,1600,1600,2960,0,120.0,161.57331661483653,34.12295800080756,1649.408625002252,59827.74966216216
1791644777,10,,Aggregated,4.600000,0.000000,120,160,180,210,270,370,610,830,1600,1600,1600,2965,0,120.0,161.5218862188558,34.12295800080756,1649.408625002252,59754.56357504216
1791644778,10,,Aggregated,4.500000,0.000000,120,160,180,210,270,370,610,830,1600,1600,1600,2969,0,120.0,161.50011979821954,34.12295800080756,1649.408625002252,59742.051195688786
1791644779,10,,Aggregated,4.400000,0.000000,120,160,180,210,270,370,610,830,1600,1600,1600,2975,0,120.0,161.41037748332923,34.12295800080756,1649.408625002252,59716.68033613446
1791644780,10,,Aggregated,4.600000,0.000000,120,160,180,210,270,370,610,830,1600,1600,1600,2980,0,120.0,161.3518017664148,34.12295800080756,1649.408625002252,59657.92516778524
1791644781,10,,Aggregated,4.200000,0.000000,120,160,180,210,270,370,610,830,1600,1600,1600,2983,0,120.0,161.3122778011773,34.12295800080756,1649.408625002252,59605.21153201475
1791644782,10,,Aggregated,4.700000,0.000000,120,160,180,210,270,370,610,830,1600,1600,1600,2988,0,120.0,161.29509832828342,34.12295800080756,1649.408625002252,59662.90026773762
1791644783,10,,Aggregated,4.600000,0.000000,120,160,180,210,270,370,610,830,1600,1600,1600,2994,0,120.0,161.2613139792641,34.12295800080756,1649.408625002252,59572.090514362055
1791644784,10,,Aggregated,4.400000,0.000000,120,160,180,210,270,370,610,830,1600,1600,1600,2996,0,120.0,161.2103754632553,34.12295800080756,1649.408625002252,59563.79038718291
1791644785,10,,Aggregated,4.900000,0.000000,120,160,180,210,270,360,610,830,1300,1600,1600,3001,0,120.0,161.1909278203631,34.12295800080756,1649.408625002252,59714.089636787736
1791644787,10,,Aggregated,5.000000,0.000000,120,160,180,210,270,360,610,830,1300,1600,1600,3007,0,120.0,161.06712917556337,34.12295800080756,1649.408625002252,59672.31692716994
1791644788,10,,Aggregated,4.400000,0.000000,120,160,180,210,270,360,610,830,1300,1600,1600,3014,0,120.0,160.92048789446352,34.12295800080756,1649.408625002252,59631.634372926346
1791644789,10,,Aggregated,4.400000,0.000000,120,160,180,210,270,370,610,830,1300,1600,1600,3018,0,120.0,160.94987171865947,34.12295800080756,1649.408625002252,59674.91550695825
1791644790,10,,Aggregated,4.700000,0.000000,120,160,180,210,270,360,610,830,1300,1600,1600,3023,0,120.0,160.8577263387095,34.12295800080756,1649.408625002252,59670.341713529604
1791644791,10,,Aggregated,4.800000,0.000000,120,160,180,210,270,360,610,830,1300,1600,1600,3029,0,120.0,160.76322235487658,34.12295800080756,1649.408625002252,59752.121162099706
1791644792,10,,Aggregated,4.900000,0.000000,120,160,180,210,270,360,610,830,1300,1600,1600,3031,0,120.0,160.74993587526356,34.12295800080756,1649.408625002252,59780.02936324645
1791644793,10,,Aggregated,4.800000,0.000000,120,160,180,210,270,360,610,830,1300,1600,1600,3038,0,120.0,160.65910559708473,34.12295800080756,1649.408625002252,59954.95161290323
1791644794,10,,Aggregated,4.800000,0.000000,120,160,180,210,270,360,610,830,1300,1600,1600,3044,0,120.0,160.60022454433388,34.12295800080756,1649.408625002252,59878.81208935611
1791644795,10,,Aggregated,4.800000,0.000000,120,160,180,210,270,360,610,830,1300,1600,1600,3049,0,120.0,160.4886137028346,34.12295800080756,1649.408625002252,59895.95375532962
1791644796,10,,Aggregated,5.000000,0.000000,120,160,180,210,270,360,600,830,1300,1600,1600,3051,0,120.0,160.46064492951152,34.12295800080756,1649.408625002252,59876.69288757785
1791644797,10,,Aggregated,5.000000,0.000000,120,150,180,210,270,360,600,830,1300,1600,1600,3059,0,120.0,160.33095579076365,34.12295800080756,1649.408625002252,59828.17129780974
1791644798,10,,Aggregated,5.300000,0.000000,120,150,180,210,270,360,600,830,1300,1600,1600,3063,0,120.0,160.31093400194416,34.12295800080756,1649.408625002252,59779.57035586027
1791644799,10,,Aggregated,4.900000,0.000000,120,160,180,210,270,360,600,830,1300,1600,1600,3066,0,120.0,160.3051919621484,34.12295800080756,1649.408625002252,59745.24690150032
1791644800,10,,Aggregated,5.200000,0.000000,120,160,180,210,270,360,600,830,1300,1600,1600,3073,0,120.0,160.24188027886785,34.12295800080756,1649.408625002252,59688.95834689229
1791644801,10,,Aggregated,5.000000,0.000000,120,150,180,210,270,360,600,830,1300,1600,1600,3075,0,120.0,160.20299789072223,34.12295800080756,1649.408625002252,59666.15674796748
1791644802,10,,Aggregated,4.800000,0.000000,120,160,180,210,270,360,600,830,1300,1600,1600,3083,0,120.0,160.29595924390821,34.12295800080756,1649.408625002252,59771.79176127149
1791644803,10,,Aggregated,4.600000,0.000000,120,160,180,210,270,360,600,830,1300,1600,1600,3086,0,120.0,160.26223790731143,34.12295800080756,1649.408625002252,59782.10628645496
1791644804,10,,Aggregated,5.200000,0.000000,120,150,180,210,270,360,600,830,1300,1600,1600,3092,0,120.0,160.25928900386748,34.12295800080756,1649.408625002252,59730.50679172057
1791644805,10,,Aggregated,5.200000,0.000000,120,160,180,210,270,360,600,830,1300,1600,1600,3095,0,120.0,160.2954107482901,34.12295800080756,1649.408625002252,59717.83618739903
1791644806,10,,Aggregated,4.700000,0.000000,120,160,180,210,270,360,590,830,1300,1600,1600,3102,0,120.0,160.19421325466317,34.12295800080756,1649.408625002252,59698.38362346873
1791644807,10,,Aggregated,4.700000,0.000000,120,150,180,210,270,360,590,830,1300,1600,1600,3105,0,120.0,160.13398513654093,34.12295800080756,1649.408625002252,59662.21642512077
1791644808,10,,Aggregated,4.600000,0.000000,120,150,180,210,270,360,590,830,1300,1600,1600,3110,0,120.0,160.12853836268775,34.12295800080756,1649.408625002252,59830.3270096463
1791644809,10,,Aggregated,4.600000,0.000000,120,150,180,210,270,360,590,830,1300,1600,1600,3115,0,120.0,160.05807071106452,34.12295800080756,1649.408625002252,59826.611556982345
1791644810,10,,Aggregated,4.700000,0.000000,120,150,180,210,270,360,590,830,1300,1600,1600,3120,0,120.0,160.01295588107845,34.12295800080756,1649.408625002252,59750.69102564103
1791644811,10,,Aggregated,4.800000,0.000000,120,150,180,210,270,360,590,830,1300,1600,1600,3124,0,120.0,159.9394636872505,34.12295800080756,1649.408625002252,59696.733034571065
1791644812,10,,Aggregated,4.800000,0.000000,120,150,180,210,270,360,590,830,1300,1600,1600,3131,0,120.0,160.05628166431705,34.12295800080756,1649.408625002252,59758.501117853724
1791644813,10,,Aggregated,4.600000,0.000000,120,150,180,210,270,360,590,830,1300,1600,1600,3134,0,120.0,160.0029230130734,34.12295800080756,1649.408625002252,59754.68410976388
1791644814,10,,Aggregated,4.800000,0.000000,120,150,180,210,270,360,590,830,1300,1600,1600,3141,0,120.0,159.86971156127834,34.12295800080756,1649.408625002252,59776.208850684496
1791644815,10,,Aggregated,4.900000,0.000000,120,150,180,210,270,360,590,830,1300,1600,1600,3145,0,120.0,159.8334111335383,34.12295800080756,1649.408625002252,59719.23910969793
1791644816,10,,Aggregated,4.900000,0.000000,120,150,180,210,270,360,590,830,1300,1600,1600,3149,0,120.0,159.7615603807503,34.12295800080756,1649.408625002252,59740.43410606542
1791644817,10,,Aggregated,4.900000,0.000000,120,150,180,210,270,360,580,830,1300,1600,1600,3154,0,120.0,159.75063783195074,34.12295800080756,1649.408625002252,59843.72859860495
1791644818,10,,Aggregated,4.900000,0.000000,120,150,180,210,270,360,580,830,1300,1600,1600,3157,0,120.0,159.7177090370494,34.12295800080756,1649.408625002252,59846.02058916693
1791644819,10,,Aggregated,4.700000,0.000000,120,150,180,210,270,360,580,830,1300,1600,1600,3165,0,120.0,159.57775853490276,34.12295800080756,1649.408625002252,59872.140916271725
1791644820,10,,Aggregated,4.700000,0.000000,120,150,180,210,270,360,580,830,1300,1600,1600,3168,0,120.0,159.59185402587565,34.12295800080756,1649.408625002252,59986.7591540404
1791644821,10,,Aggregated,4.800000,0.000000,120,150,180,210,270,360,590,830,1300,1600,1600,3175,0,120.0,160.1848661848738,34.12295800080756,1649.408625002252,59963.9631496063
1791644822,10,,Aggregated,4.800000,0.000000,120,150,180,210,270,360,590,830,1300,1600,1600,3179,0,120.0,160.11089344509807,34.12295800080756,1649.408625002252,59936.9534444794
1791644823,10,,Aggregated,5.000000,0.000000,120,150,180,210,270,360,590,830,1300,1600,1600,3183,0,120.0,160.13136538264453,34.12295800080756,1649.408625002252,60059.91737354697
1791644824,10,,Aggregated,5.000000,0.000000,120,150,180,210,270,360,590,830,1300,1600,1600,3188,0,120.0,160.06742689114276,34.12295800080756,1649.408625002252,60011.67942283563
1791644825,10,,Aggregated,4.800000,0.000000,120,150,180,210,270,360,590,830,1300,1600,1600,3192,0,120.0,160.03711319014946,34.12295800080756,1649.408625002252,59951.3671679198
1791644826,10,,Aggregated,4.800000,0.000000,120,150,180,210,270,360,590,830,1300,1600,1600,3196,0,120.0,160.053022857622,34.12295800080756,1649.408625002252,60002.749374217776
1791644827,10,,Aggregated,4.800000,0.000000,120,150,180,210,270,360,580,830,1300,1600,1600,3203,0,120.0,159.99969640835252,34.12295800080756,1649.408625002252,59988.03153293787
1791644828,10,,Aggregated,4.700000,0.000000,120,150,180,210,270,360,580,830,1300,1600,1600,3207,0,120.0,159.97604877704018,34.12295800080756,1649.408625002252,60096.48861864671
1791644829,10,,Aggregated,5.000000,0.000000,120,150,180,210,270,360,580,830,1300,1600,1600,3211,0,120.0,159.92685136062428,34.12295800080756,1649.408625002252,60094.224540641546
1791644830,10,,Aggregated,4.900000,0.000000,120,150,180,210,270,360,580,830,1300,1600,1600,3215,0,120.0,159.89984549361304,34.12295800080756,1649.408625002252,60033.53094867807
1791644831,10,,Aggregated,4.700000,0.000000,120,150,180,210,270,360,580,830,1300,1600,1600,3221,0,120.0,159.82530640390365,34.12295800080756,1649.408625002252,59963.40049674014
1791644832,10,,Aggregated,4.700000,0.000000,120,150,180,210,270,360,580,830,1300,1600,1600,3222,0,120.0,159.80132481439466,34.12295800080756,1649.408625002252,59946.50744878957
1791644833,10,,Aggregated,4.500000,0.000000,120,150,180,210,270,360,580,830,1300,1600,1600,3230,0,120.0,159.7601452687307,34.12295800080756,1649.408625002252,60023.45325077399
1791644834,10,,Aggregated,4.500000,0.000000,120,150,180,210,270,360,580,830,1300,1600,1600,3232,0,120.0,159.7432682320565,34.12295800080756,1649.408625002252,60015.49071782178
1791644835,10,,Aggregated,4.400000,0.000000,120,150,180,210,270,360,580,830,1300,1600,1600,3237,0,120.0,159.7284664587555,34.12295800080756,1649.408625002252,60067.596540006176
1791644836,10,,Aggregated,4.400000,0.000000,120,150,180,210,270,360,580,830,1300,1600,1600,3244,0,120.0,159.63560595498808,34.12295800080756,1649.408625002252,60037.19235511714
1791644837,10,,Aggregated,4.400000,0.000000,120,150,180,210,270,360,580,830,1300,1600,1600,3248,0,120.0,159.55171598182957,34.12295800080756,1649.408625002252,59993.550184729065
1791644838,10,,Aggregated,4.400000,0.000000,120,150,180,210,270,360,580,830,1300,1600,1600,3252,0,120.0,159.4948029314194,34.12295800080756,1649.408625002252,59928.30996309963
1791644839,10,,Aggregated,4.500000,0.000000,120,150,180,210,270,360,580,830,1300,1600,1600,3258,0,120.0,159.43044046899325,34.12295800080756,1649.408625002252,59889.83302639656
1791644840,10,,Aggregated,4.500000,0.000000,120,150,180,210,270,360,580,830,1300,1600,1600,3261,0,120.0,159.4219588334788,34.12295800080756,1649.408625002252,59855.01441275682
1791644841,10,,Aggregated,4.500000,0.000000,120,150,180,210,270,360,580,830,1300,1600,1600,3268,0,120.0,159.42153928457319,34.12295800080756,1649.408625002252,59979.78794369645
1791644842,10,,Aggregated,4.600000,0.000000,120,150,180,210,270,360,580,830,1300,1600,1600,3271,0,120.0,159.35608761540158,34.12295800080756,1649.408625002252,59958.42250076429
1791644843,10,,Aggregated,4.600000,0.000000,120,150,180,210,270,360,580,830,1300,1600,1600,3277,0,120.0,159.32047941683894,34.12295800080756,1649.408625002252,60078.69453768691
1791644844,10,,Aggregated,4.700000,0.000000,120,150,180,210,270,360,580,830,1300,1600,1600,3282,0,120.0,159.40129678487924,34.12295800080756,1649.408625002252,60283.89945155393
1791644845,10,,Aggregated,5.100000,0.000000,120,150,180,210,270,360,580,830,1300,1600,1600,3285,0,120.0,159.41273933454391,34.12295800080756,1649.408625002252,60244.58112633181
1791644846,10,,Aggregated,5.100000,0.000000,120,150,180,210,270,360,580,830,1300,1600,1600,3290,0,120.0,159.31806189391227,34.12295800080756,1649.408625002252,60189.14133738602
1791644847,10,,Aggregated,4.700000,0.000000,120,150,180,210,270,360,580,830,1300,1600,1600,3293,0,120.0,159.3564176677697,34.12295800080756,1649.408625002252,60138.65229274218
1791644848,10,,Aggregated,5.000000,0.000000,120,150,180,210,270,360,580,830,1300,1600,1600,3299,0,120.0,159.27568869474717,34.12295800080756,1649.408625002252,60072.23310093968
1791644849,10,,Aggregated,4.500000,0.000000,120,150,180,210,270,360,580,830,1300,1600,1600,3303,0,120.0,159.2049789470074,34.12295800080756,1649.408625002252,60033.870420829546
1791644850,10,,Aggregated,4.300000,0.000000,120,150,180,210,270,360,580,830,1300,1600,1600,3306,0,120.0,159.19283819932096,34.12295800080756,1649.408625002252,59989.31367211131
1791644851,10,,Aggregated,4.800000,0.000000,120,150,180,210,270,360,580,830,1300,1600,1600,3313,0,120.0,159.15693028854747,34.12295800080756,1649.408625002252,60063.76426199819
1791644852,10,,Aggregated,4.500000,0.000000,120,150,180,210,270,360,580,830,1300,1600,1600,3317,0,120.0,159.14573161078087,34.12295800080756,1649.408625002252,60072.495327102806
1791644853,10,,Aggregated,4.600000,0.000000,120,150,180,210,270,360,580,830,1300,1600,1600,3320,0,120.0,159.08544372589003,34.12295800080756,1649.408625002252,60081.642771084335
1791644854,10,,Aggregated,4.500000,0.000000,120,150,180,210,270,360,580,830,1300,1600,1600,3325,0,120.0,159.04167365953708,34.12295800080756,1649.408625002252,60061.9569924812
1791644855,10,,Aggregated,4.500000,0.000000,120,150,180,210,270,360,580,830,1300,1600,1600,3329,0,120.0,158.95186333491978,34.12295800080756,1649.408625002252,59997.079303094026
1791644856,10,,Aggregated,4.500000,0.000000,120,150,180,210,270,360,580,830,1300,1600,1600,3332,0,120.0,158.8801690179915,34.12295800080756,1649.408625002252,59963.07953181273
1791644857,10,,Aggregated,4.600000,0.000000,120,150,180,210,270,360,580,830,1300,1600,1600,3340,0,120.0,158.72585839609096,34.12295800080756,1649.408625002252,60014.066467065866
1791644858,10,,Aggregated,4.100000,0.000000,120,150,180,210,270,360,580,830,1300,1600,1600,3343,0,120.0,158.68970021954686,34.12295800080756,1649.408625002252,60035.16302722106
1791644859,10,,Aggregated,4.100000,0.000000,120,150,180,210,270,360,580,830,1300,1600,1600,3346,0,120.0,158.65737897218668,34.12295800080756,1649.408625002252,60114.69246861924
1791644860,10,,Aggregated,4.800000,0.000000,120,150,180,210,270,360,570,830,1300,1600,1600,3353,0,120.0,158.664355838038,34.12295800080756,1649.408625002252,60180.8938264241
1791644861,10,,Aggregated,4.800000,0.000000,120,150,180,210,270,360,570,830,1300,1600,1600,3356,0,120.0,158.71491148925432,34.12295800080756,1649.408625002252,60217.77949940405
1791644862,10,,Aggregated,4.700000,0.000000,120,150,180,210,270,360,570,830,1300,1600,1600,3361,0,120.0,158.5893807521355,34.12295800080756,1649.408625002252,60149.876822374295
1791644863,10,,Aggregated,4.700000,0.000000,120,150,180,210,270,360,570,830,1300,1600,1600,3365,0,120.0,158.52190261275962,34.12295800080756,1649.408625002252,60145.56731054978
1791644864,10,,Aggregated,4.500000,0.000000,120,150,180,210,270,360,570,830,1300,1600,1600,3369,0,120.0,158.47746065863475,34.12295800080756,1649.408625002252,60236.13060255269
1791644865,10,,Aggregated,4.600000,0.000000,120,150,180,210,270,360,570,830,1300,1600,1600,3375,0,120.0,158.56417709894498,34.12295800080756,1649.408625002252,60397.67051851852
1791644866,10,,Aggregated,4.300000,0.000000,120,150,180,210,270,360,570,830,1300,1600,1600,3380,0,120.0,158.5155152860768,34.12295800080756,1649.408625002252,60401.89289940828
1791644867,10,,Aggregated,4.300000,0.000000,120,150,180,210,270,360,570,830,1300,1600,1600,3383,0,120.0,158.52221232366247,34.12295800080756,1649.408625002252,60361.85486254803
1791644868,10,,Aggregated,4.700000,0.000000,120,150,180,210,270,360,570,830,1300,1600,1600,3389,0,120.0,158.467913530819,34.12295800080756,1649.408625002252,60453.62673354972
1791644869,10,,Aggregated,4.700000,0.000000,120,150,180,210,270,360,570,830,1300,1600,1600,3395,0,120.0,158.33723540646326,34.12295800080756,1649.408625002252,60377.468335787926
1791644870,10,,Aggregated,4.300000,0.000000,120,150,180,210,270,360,570,830,1300,1600,1600,3399,0,120.0,158.29302287317861,34.12295800080756,1649.408625002252,60323.29185054428
1791644871,10,,Aggregated,4.700000,0.000000,120,150,180,210,270,350,570,820,1300,1600,1600,3405,0,120.0,158.22482614946773,34.12295800080756,1649.408625002252,60256.29515418502
1791644872,10,,Aggregated,4.700000,0.000000,120,150,180,210,270,350,570,820,1300,1600,1600,3408,0,120.0,158.2631254885356,34.12295800080756,1649.408625002252,60361.833333333336
1791644873,10,,Aggregated,4.500000,0.000000,120,150,180,210,270,350,570,820,1300,1600,1600,3414,0,120.0,158.20853796805494,34.12295800080756,1649.408625002252,60345.022261277096
1791644874,10,,Aggregated,4.900000,0.000000,120,150,180,210,270,350,570,820,1300,1600,1600,3418,0,120.0,158.20741539845932,34.12295800080756,1649.408625002252,60533.84815681685
1791644875,10,,Aggregated,4.300000,0.000000,120,150,180,210,270,350,570,820,1300,1600,1600,3421,0,120.0,158.1501932668627,34.12295800080756,1649.408625002252,60499.75153463899
1791644876,10,,Aggregated,4.900000,0.000000,120,150,180,210,270,350,570,820,1300,1600,1600,3429,0,120.0,158.09426637910428,34.12295800080756,1649.408625002252,60612.05045202683
1791644877,10,,Aggregated,4.600000,0.000000,120,150,180,210,270,350,570,820,1300,1600,1600,3430,0,120.0,158.08782943292968,34.12295800080756,1649.408625002252,60598.592711370264
1791644878,10,,Aggregated,4.700000,0.000000,120,150,180,210,270,350,570,820,1300,1600,1600,3436,0,120.0,158.2480918212886,34.12295800080756,1649.408625002252,60562.372817229334
1791644879,10,,Aggregated,4.600000,0.000000,120,150,180,210,270,350,570,820,1300,1600,1600,3439,0,120.0,158.30039466384306,34.12295800080756,1649.408625002252,60720.52776970049
1791644880,10,,Aggregated,4.600000,0.000000,120,150,180,210,270,350,570,820,1300,1600,1600,3445,0,120.0,158.27849251261665,34.12295800080756,1649.408625002252,60800.670827285925
1791644881,10,,Aggregated,4.500000,0.000000,120,150,180,210,270,350,570,820,1300,1600,1600,3449,0,120.0,158.2652145424648,34.12295800080756,1649.408625002252,60906.530298637284
1791644882,10,,Aggregated,4.300000,0.000000,120,150,180,210,270,350,560,820,1300,1600,1600,3452,0,120.0,158.2506840596652,34.12295800080756,1649.408625002252,60869.76767091541
1791644883,10,,Aggregated,4.500000,0.000000,120,150,180,210,270,350,560,820,1300,1600,1600,3458,0,120.0,158.48458894822693,34.12295800080756,1649.408625002252,61094.74985540775
1791644884,10,,Aggregated,4.200000,0.000000,120,150,180,210,270,350,570,820,1300,1600,1600,3462,0,120.0,158.63159408058232,34.12295800080756,1649.408625002252,61125.67735413056
1791644885,10,,Aggregated,4.600000,0.000000,120,150,180,210,270,350,570,820,1300,1600,1600,3468,0,120.0,158.7630590631387,34.12295800080756,1649.408625002252,61100.12139561707
1791644886,10,,Aggregated,4.400000,0.000000,120,150,180,210,270,350,570,820,1300,1600,1600,3473,0,120.0,158.72852736480263,34.12295800080756,1649.408625002252,61048.5876763605
1791644887,10,,Aggregated,4.500000,0.000000,120,150,180,210,270,350,570,820,1300,1600,1600,3478,0,120.0,158.66977681051281,34.12295800080756,1649.408625002252,61035.42639447959
1791644888,10,,Aggregated,4.500000,0.000000,120,150,180,210,270,350,570,820,1300,1600,1600,3484,0,120.0,158.68886278844923,34.12295800080756,1649.408625002252,61113.090126291616
1791644889,10,,Aggregated,4.800000,0.000000,120,150,180,210,270,350,570,820,1300,1600,1600,3488,0,120.0,158.65087717315464,34.12295800080756,1649.408625002252,61092.04902522936
1791644890,10,,Aggregated,5.000000,0.000000,120,150,180,210,270,350,570,820,1300,1600,1600,3492,0,120.0,158.6178824925442,34.12295800080756,1649.408625002252,61139.969072164946
1791644891,10,,Aggregated,4.700000,0.000000,120,150,180,210,270,350,570,820,1300,1600,1600,3499,0,120.0,158.61973257729446,34.12295800080756,1649.408625002252,61121.77422120606
1791644892,10,,Aggregated,4.900000,0.000000,120,150,180,210,270,350,560,800,1300,1600,1600,3502,0,120.0,158.58647437063013,34.12295800080756,1649.408625002252,61113.7615648201
1791644893,10,,Aggregated,4.700000,0.000000,120,150,180,210,270,350,560,800,1300,1600,1600,3508,0,120.0,158.59645923516425,34.12295800080756,1649.408625002252,61138.07525655644
1791644894,10,,Aggregated,4.700000,0.000000,120,150,180,210,270,350,560,800,1300,1600,1600,3508,0,120.0,158.59645923516425,34.12295800080756,1649.408625002252,61138.07525655644
1791644895,10,,Aggregated,5.100000,0.000000,120,150,180,210,270,350,560,800,1300,1600,1600,3516,0,120.0,158.7110366771733,34.12295800080756,1649.408625002252,61103.97980659841
1791644896,10,,Aggregated,4.800000,0.000000,120,150,180,210,270,350,560,800,1300,1600,1600,3522,0,120.0,158.61807596307585,34.12295800080756,1649.408625002252,61086.81431005111
1791644897,10,,Aggregated,5.000000,0.000000,120,150,180,210,270,350,560,800,1300,1600,1600,3526,0,120.0,158.6388351176838,34.12295800080756,1649.408625002252,61246.07657402156
1791644898,10,,Aggregated,4.700000,0.000000,120,150,180,210,270,350,560,800,1300,1600,1600,3534,0,120.0,158.57107077616115,34.12295800080756,1649.408625002252,61174.88596491228
1791644899,10,,Aggregated,4.700000,0.000000,120,150,180,210,270,350,560,800,1300,1600,1600,3535,0,120.0,158.55318669220617,34.12295800080756,1649.408625002252,61173.69420084866
1791644900,10,,Aggregated,4.500000,0.000000,120,150,180,210,270,350,560,800,1300,1600,1600,3542,0,120.0,158.491118811677,34.12295800080756,1649.408625002252,61138.23630717109
1791644901,10,,Aggregated,5.000000,0.000000,120,150,180,210,270,350,560,800,1300,1600,1600,3544,0,120.0,158.5056856653412,34.12295800080756,1649.408625002252,61264.700902934535
1791644902,10,,Aggregated,4.700000,0.000000,120,150,180,210,270,350,560,800,1300,1600,1600,3550,0,120.0,158.51892631379434,34.12295800080756,1649.408625002252,61288.97718309859
1791644903,10,,Aggregated,5.000000,0.000000,120,150,180,210,270,350,560,800,1300,1600,1600,3556,0,120.0,158.4707989780577,34.12295800080756,1649.408625002252,61227.56271091114
1791644904,10,,Aggregated,4.700000,0.000000,120,150,180,210,270,350,560,800,1300,1600,1600,3558,0,120.0,158.45387811466279,34.12295800080756,1649.408625002252,61210.600618324905
1791644905,10,,Aggregated,4.600000,0.000000,120,150,180,210,270,350,560,800,1300,1600,1600,3563,0,120.0,158.3713073715876,34.12295800080756,1649.408625002252,61175.28038170082
1791644906,10,,Aggregated,4.900000,0.000000,120,150,180,210,270,350,560,800,1300,1600,1600,3569,0,120.0,158.37084569626543,34.12295800080756,1649.408625002252,61115.29980386663
1791644907,10,,Aggregated,4.500000,0.000000,120,150,180,210,270,350,560,800,1300,1600,1600,3575,0,120.0,158.32599608306998,34.12295800080756,1649.408625002252,61056.16083916084
1791644908,10,,Aggregated,4.800000,0.000000,120,150,180,210,270,350,560,800,1300,1600,1600,3580,0,120.0,158.2599716703848,34.12295800080756,1649.408625002252,61020.476536312846
1791644909,10,,Aggregated,4.800000,0.000000,120,150,180,210,270,350,560,800,1300,1600,1600,3586,0,120.0,158.26614372949695,34.12295800080756,1649.408625002252,60984.42498605689
1791644910,10,,Aggregated,5.000000,0.000000,120,150,180,210,270,350,560,800,1300,1600,1600,3589,0,120.0,158.24128514125982,34.12295800080756,1649.408625002252,60949.21872387852
1791644911,10,,Aggregated,4.500000,0.000000,120,150,180,210,270,350,560,800,1300,1600,1600,3594,0,120.0,158.31571946215539,34.12295800080756,1649.408625002252,60909.491652754594
1791644912,10,,Aggregated,5.200000,0.000000,120,150,180,210,270,350,560,790,1300,1600,1600,3601,0,120.0,158.26118508663978,34.12295800080756,1649.408625002252,60949.47014718134
1791644913,10,,Aggregated,4.600000,0.000000,120,150,180,210,270,350,560,790,1300,1600,1600,3604,0,120.0,158.26352293673708,34.12295800080756,1649.408625002252,60925.96420643729
1791644914,10,,Aggregated,5.000000,0.000000,120,150,180,210,270,350,560,790,1300,1600,1600,3608,0,120.0,158.232110494734,34.12295800080756,1649.408625002252,60878.12915742794
1791644915,10,,Aggregated,5.000000,0.000000,120,150,180,210,270,350,560,790,1300,1600,1600,3614,0,120.0,158.191432991697,34.12295800080756,1649.408625002252,60847.99252905368
1791644916,10,,Aggregated,4.700000,0.000000,120,150,180,210,270,350,560,790,1300,1600,1600,3619,0,120.0,158.16943195606316,34.12295800080756,1649.408625002252,60784.77424702956
1791644917,10,,Aggregated,5.100000,0.000000,120,150,180,210,270,350,560,790,1300,1600,1600,3628,0,120.0,158.07525821113438,34.12295800080756,1649.408625002252,60751.6190738699
1791644918,10,,Aggregated,5.100000,0.000000,120,150,180,210,270,350,560,790,1300,1600,1600,3628,0,120.0,158.07525821113438,34.12295800080756,1649.408625002252,60751.6190738699
1791644919,10,,Aggregated,4.900000,0.000000,120,150,180,210,270,350,560,790,1300,1600,1600,3634,0,120.0,158.08335259576063,34.12295800080756,1649.408625002252,60677.457622454596
1791644920,10,,Aggregated,5.200000,0.000000,120,150,180,210,270,350,560,790,1300,1600,1600,3639,0,120.0,158.02674682797127,34.12295800080756,1649.408625002252,60661.52129705963
1791644921,10,,Aggregated,4.800000,0.000000,120,150,180,210,270,350,560,790,1300,1600,1600,3641,0,120.0,157.99090560010762,34.12295800080756,1649.408625002252,60644.952760230706
1791644922,10,,Aggregated,4.600000,0.000000,120,150,180,210,270,350,560,790,1300,1600,1600,3648,0,120.0,158.00120912116097,34.12295800080756,1649.408625002252,60605.44736842105
1791644923,10,,Aggregated,5.000000,0.000000,120,150,180,210,270,350,550,790,1300,1600,1600,3651,0,120.0,158.0349449233059,34.12295800080756,1649.408625002252,60608.09695973706
1791644924,10,,Aggregated,4.600000,0.000000,120,150,180,210,270,350,550,790,1300,1600,1600,3657,0,120.0,157.91921936231728,34.12295800080756,1649.408625002252,60565.42521192234
1791644925,10,,Aggregated,4.700000,0.000000,120,150,180,210,270,350,550,790,1300,1600,1600,3662,0,120.0,157.87200440333197,34.12295800080756,1649.408625002252,60593.50791916985
1791644926,10,,Aggregated,4.800000,0.000000,120,150,180,210,270,350,550,790,1300,1600,1600,3665,0,120.0,157.8625073214185,34.12295800080756,1649.408625002252,60601.776261937244
1791644927,10,,Aggregated,4.700000,0.000000,120,150,180,210,270,350,550,790,1300,1600,1600,3670,0,120.0,157.83489608310416,34.12295800080756,1649.408625002252,60582.04877384196
1791644928,10,,Aggregated,4.700000,0.000000,120,150,180,210,270,350,550,790,1300,1600,1600,3675,0,120.0,157.77799484162983,34.12295800080756,1649.408625002252,60598.52761904762
1791644929,10,,Aggregated,4.600000,0.000000,120,150,180,210,270,350,550,790,1300,1600,1600,3681,0,120.0,157.7056370328702,34.12295800080756,1649.408625002252,60577.781581092095
1791644930,10,,Aggregated,4.200000,0.000000,120,150,180,210,270,350,550,790,1300,1600,1600,3685,0,120.0,157.64720013595257,34.12295800080756,1649.408625002252,60542.46160108548
1791644931,10,,Aggregated,4.700000,0.000000,120,150,180,210,270,350,550,790,1300,1600,1600,3690,0,120.0,157.58273020622883,34.12295800080756,1649.408625002252,60486.670189701894
1791644932,10,,Aggregated,4.800000,0.000000,120,150,180,210,270,350,550,790,1300,1600,1600,3693,0,120.0,157.5239019775223,34.12295800080756,1649.408625002252,60451.84565393988
1791644933,10,,Aggregated,4.600000,0.000000,120,150,180,210,270,350,550,770,1300,1600,1600,3702,0,120.0,157.5436153214479,34.12295800080756,1649.408625002252,60519.46002160994
1791644934,10,,Aggregated,4.800000,0.000000,120,150,180,210,270,350,550,770,1300,1600,1600,3704,0,120.0,157.53583138796174,34.12295800080756,1649.408625002252,60531.17629589633
1791644935,10,,Aggregated,4.500000,0.000000,120,150,180,210,270,350,550,770,1300,1600,1600,3709,0,120.0,157.63777361472566,34.12295800080756,1649.408625002252,60541.96818549474
1791644936,10,,Aggregated,5.000000,0.000000,120,150,180,210,270,350,550,770,1300,1600,1600,3714,0,120.0,157.57244119225004,34.12295800080756,1649.408625002252,60510.86079698439
1791644937,10,,Aggregated,4.700000,0.000000,120,150,180,210,270,350,550,770,1300,1600,1600,3718,0,120.0,157.56476060274642,34.12295800080756,1649.408625002252,60470.97955890263
1791644938,10,,Aggregated,4.700000,0.000000,120,150,180,210,270,350,550,770,1300,1600,1600,3723,0,120.0,157.49691717163978,34.12295800080756,1649.408625002252,60499.756379264036
1791644939,10,,Aggregated,4.800000,0.000000,120,150,180,210,270,350,550,770,1300,1600,1600,3725,0,120.0,157.4994768021509,34.12295800080756,1649.408625002252,60530.68375838926
1791644940,10,,Aggregated,4.800000,0.000000,120,150,180,210,270,350,550,770,1300,1600,1600,3733,0,120.0,157.46757610152866,34.12295800080756,1649.408625002252,60594.203589606215
1791644942,10,,Aggregated,4.800000,0.000000,120,150,180,210,270,350,550,770,1300,1600,1600,3736,0,120.0,157.42980205085945,34.12295800080756,1649.408625002252,60551.891059957175
1791644943,10,,Aggregated,4.300000,0.000000,120,150,180,210,270,350,550,770,1300,1600,1600,3741,0,120.0,157.34953038492765,34.12295800080756,1649.408625002252,60495.576316492916
1791644944,10,,Aggregated,4.800000,0.000000,120,150,180,210,270,350,550,770,1300,1600,1600,3746,0,120.0,157.3158623764082,34.12295800080756,1649.408625002252,60454.68793379605
1791644945,10,,Aggregated,4.600000,0.000000,120,150,180,210,270,350,550,770,1300,1600,1600,3752,0,120.0,157.23168123748064,34.12295800080756,1649.408625002252,60412.235074626864
1791644946,10,,Aggregated,4.400000,0.000000,120,150,180,210,270,350,550,770,1300,1600,1600,3756,0,120.0,157.19646890628914,34.12295800080756,1649.408625002252,60425.450212992546
1791644947,10,,Aggregated,4.400000,0.000000,120,150,180,210,270,350,550,770,1300,1600,1600,3759,0,120.0,157.13729186725692,34.12295800080756,1649.408625002252,60382.03351955307
1791644948,10,,Aggregated,4.800000,0.000000,120,150,180,210,270,350,550,770,1300,1600,1600,3765,0,120.0,157.0871719354622,34.12295800080756,1649.408625002252,60385.76573705179
1791644949,10,,Aggregated,4.600000,0.000000,120,150,180,210,270,350,550,770,1300,1600,1600,3769,0,120.0,157.05301905970262,34.12295800080756,1649.408625002252,60414.952241973995
1791644950,10,,Aggregated,4.500000,0.000000,120,150,180,210,270,350,550,770,1300,1600,1600,3774,0,120.0,156.98866347669014,34.12295800080756,1649.408625002252,60374.99284578696
1791644951,10,,Aggregated,4.700000,0.000000,120,150,180,210,270,350,550,770,1300,1600,1600,3779,0,120.0,156.93067354750474,34.12295800080756,1649.408625002252,60342.01217253241
1791644952,10,,Aggregated,4.600000,0.000000,120,150,180,210,270,350,550,770,1300,1600,1600,3784,0,120.0,157.05277468789848,34.12295800080756,1649.408625002252,60312.63609936575
1791644953,10,,Aggregated,4.900000,0.000000,120,150,180,210,270,350,550,770,1300,1600,1600,3787,0,120.0,157.0020866567234,34.12295800080756,1649.408625002252,60284.46950092421
1791644954,10,,Aggregated,4.600000,0.000000,120,150,180,210,270,350,550,770,1300,1600,1600,3791,0,120.0,156.9940689799539,34.12295800080756,1649.408625002252,60239.1854391981
1791644955,10,,Aggregated,4.800000,0.000000,120,150,180,210,270,350,550,770,1300,1600,1600,3799,0,120.0,156.9082051750447,34.12295800080756,1649.408625002252,60143.603053435116
1791644956,10,,Aggregated,4.500000,0.000000,120,150,180,210,270,350,550,760,1300,1600,1600,3804,0,120.0,156.9228633793361,34.12295800080756,1649.408625002252,60228.45189274448
1791644957,10,,Aggregated,4.500000,0.000000,120,150,180,210,270,350,550,760,1300,1600,1600,3810,0,120.0,156.8778051191559,34.12295800080756,1649.408625002252,60268.43044619422
1791644958,10,,Aggregated,4.800000,0.000000,120,150,180,210,270,350,550,760,1300,1600,1600,3817,0,120.0,156.89094426329183,34.12295800080756,1649.408625002252,60207.76526067592
1791644959,10,,Aggregated,4.800000,0.000000,120,150,180,210,270,350,550,760,1300,1600,1600,3818,0,120.0,156.87962108276062,34.12295800080756,1649.408625002252,60195.78156102671
1791644960,10,,Aggregated,5.100000,0.000000,120,150,180,210,270,350,550,760,1300,1600,1600,3825,0,120.0,156.79810487006117,34.12295800080756,1649.408625002252,60153.238954248365
1791644961,10,,Aggregated,4.900000,0.000000,120,150,180,210,270,350,550,760,1300,1600,1600,3831,0,120.0,156.74688544191358,34.12295800080756,1649.408625002252,60094.35082223963
1791644962,10,,Aggregated,5.000000,0.000000,120,150,180,210,270,350,550,760,1300,1600,1600,3836,0,120.0,156.72405431073153,34.12295800080756,1649.408625002252,60061.84932221063
1791644963,10,,Aggregated,5.000000,0.000000,120,150,180,210,270,350,550,760,1300,1600,1600,3840,0,120.0,156.7249792541607,34.12295800080756,1649.408625002252,60041.070572916666
1791644964,10,,Aggregated,5.100000,0.000000,120,150,180,210,270,350,550,760,1300,1600,1600,3842,0,120.0,156.6750605051993,34.12295800080756,1649.408625002252,60022.3625715773
1791644965,10,,Aggregated,5.300000,0.000000,120,150,180,210,270,350,550,760,1300,1600,1600,3849,0,120.0,156.65155732085725,34.12295800080756,1649.408625002252,60118.841257469474
1791644966,10,,Aggregated,5.300000,0.000000,120,150,180,210,270,350,550,760,1300,1600,1600,3851,0,120.0,156.62424538067683,34.12295800080756,1649.408625002252,60138.658789924695
1791644967,10,,Aggregated,4.800000,0.000000,120,150,180,210,270,350,550,760,1300,1600,1600,3858,0,120.0,156.51193624753188,34.12295800080756,1649.408625002252,60088.755054432346
1791644968,10,,Aggregated,4.800000,0.000000,120,150,180,210,270,350,550,760,1300,1600,1600,3863,0,120.0,156.4334412270206,34.12295800080756,1649.408625002252,60103.02200362413
1791644969,10,,Aggregated,4.800000,0.000000,120,150,180,210,270,350,550,760,1300,1600,1600,3867,0,120.0,156.38157477837584,34.12295800080756,1649.408625002252,60097.81872252392
1791644970,10,,Aggregated,4.700000,0.000000,120,150,180,210,270,350,550,760,1300,1600,1600,3873,0,120.0,156.2898346137301,34.12295800080756,1649.408625002252,60041.540149754714
1791644971,10,,Aggregated,4.900000,0.000000,120,150,180,210,270,350,550,760,1300,1600,1600,3877,0,120.0,156.2890280825318,34.12295800080756,1649.408625002252,60003.50657725045
1791644972,10,,Aggregated,4.700000,0.000000,120,150,180,210,270,350,550,760,1300,1600,1600,3881,0,120.0,156.27982358540925,34.12295800080756,1649.408625002252,60092.72584385468
1791644973,10,,Aggregated,4.600000,0.000000,120,150,180,210,270,350,550,760,1300,1600,1600,3888,0,120.0,156.16463109850181,34.12295800080756,1649.408625002252,60038.324588477364
1791644974,10,,Aggregated,4.600000,0.000000,120,150,180,210,270,350,550,760,1300,1600,1600,3890,0,120.0,156.16980098611165,34.12295800080756,1649.408625002252,60153.7205655527
1791644975,10,,Aggregated,4.400000,0.000000,120,150,180,210,270,350,550,760,1300,1600,1600,3896,0,120.0,156.10984415682,34.12295800080756,1649.408625002252,60111.57623203286
1791644976,10,,Aggregated,4.800000,0.000000,120,150,180,210,270,350,550,760,1300,1600,1600,3900,0,120.0,156.10052251101976,34.12295800080756,1649.408625002252,60080.62435897436
1791644977,10,,Aggregated,4.900000,0.000000,120,150,180,210,270,350,550,740,1300,1600,1600,3906,0,120.0,156.16790763184386,34.12295800080756,1649.408625002252,60160.33179723502
1791644978,10,,Aggregated,4.900000,0.000000,120,150,180,210,270,350,550,740,1300,1600,1600,3909,0,120.0,156.13074054591561,34.12295800080756,1649.408625002252,60147.3121002814
1791644979,10,,Aggregated,4.700000,0.000000,120,150,180,210,270,350,550,740,1300,1600,1600,3915,0,120.0,156.26873630293412,34.12295800080756,1649.408625002252,60096.066411238826
1791644980,10,,Aggregated,4.600000,0.000000,120,150,180,210,270,350,550,740,1300,1600,1600,3919,0,120.0,156.45719406532012,34.12295800080756,1649.408625002252,60057.59785659607
1791644981,10,,Aggregated,4.600000,0.000000,120,150,180,210,270,350,550,740,1300,1600,1600,3926,0,120.0,156.45612985022535,34.12295800080756,1649.408625002252,60014.73586347427
1791644982,10,,Aggregated,4.600000,0.000000,120,150,180,210,270,350,550,740,1300,1600,1600,3927,0,120.0,156.50604153933918,34.12295800080756,1649.408625002252,60000.409218232744
1791644983,10,,Aggregated,4.500000,0.000000,120,150,180,210,270,350,550,740,1300,1600,1600,3934,0,120.0,156.68591906049232,34.12295800080756,1649.408625002252,59983.80935434672
1791644984,10,,Aggregated,4.900000,0.000000,120,150,180,210,270,350,550,740,1300,1600,1600,3940,0,120.0,156.59111557740536,34.12295800080756,1649.408625002252,59950.60558375635
1791644985,10,,Aggregated,4.600000,0.000000,120,150,180,210,270,350,550,740,1300,1600,1600,3942,0,120.0,156.5444427851295,34.12295800080756,1649.408625002252,59924.31202435312
1791644986,10,,Aggregated,4.700000,0.000000,120,150,180,210,270,350,550,740,1300,1600,1600,3948,0,120.0,156.45267525759405,34.12295800080756,1649.408625002252,59883.63145896656
1791644987,10,,Aggregated,4.500000,0.000000,120,150,180,210,270,350,550,740,1300,1600,1600,3953,0,120.0,156.43104550366684,34.12295800080756,1649.408625002252,59836.46471034657
1791644988,10,,Aggregated,4.700000,0.000000,120,150,180,210,270,350,550,740,1300,1600,1600,3956,0,120.0,156.39137109276794,34.12295800080756,1649.408625002252,59808.22826086957
1791644989,10,,Aggregated,4.700000,0.000000,120,150,180,210,270,350,550,740,1300,1600,1600,3960,0,120.0,156.34006343661358,34.12295800080756,1649.408625002252,59770.18661616161
1791644990,10,,Aggregated,4.400000,0.000000,120,150,180,210,270,350,550,740,1300,1600,1600,3966,0,120.0,156.22549457891827,34.12295800080756,1649.408625002252,59704.1555723651
1791644991,10,,Aggregated,4.700000,0.000000,120,150,180,210,270,350,550,740,1300,1600,1600,3970,0,120.0,156.24126400075195,34.12295800080756,1649.408625002252,59747.34005037783
1791644992,10,,Aggregated,4.700000,0.000000,120,150,180,210,270,350,550,740,1300,1600,1600,3975,0,120.0,156.15792159320043,34.12295800080756,1649.408625002252,59689.31220125786
1791644993,10,,Aggregated,4.700000,0.000000,120,150,180,210,270,350,550,740,1300,1600,1600,3979,0,120.0,156.29592956772328,34.12295800080756,1649.408625002252,59680.81955265142
1791644994,10,,Aggregated,4.800000,0.000000,120,150,180,210,270,350,550,740,1300,1600,1600,3987,0,120.0,156.32381409405022,34.12295800080756,1649.408625002252,59832.38048658139
1791644995,10,,Aggregated,4.400000,0.000000,120,150,180,210,270,350,550,740,1300,1600,1600,3991,0,120.0,156.44926857303165,34.12295800080756,1649.408625002252,59800.708844901026
1791644996,10,,Aggregated,4.700000,0.000000,120,150,180,210,270,350,550,740,1300,1600,1600,3996,0,120.0,156.60239336210304,34.12295800080756,1649.408625002252,59743.948698698696
1791644997,10,,Aggregated,4.700000,0.000000,120,150,180,210,270,350,550,720,1300,1600,1600,4001,0,120.0,156.59917704947992,34.12295800080756,1649.408625002252,59872.68607848038
1791644998,10,,Aggregated,4.800000,0.000000,120,150,180,210,270,350,550,720,1300,1600,1600,4007,0,120.0,156.5500127379527,34.12295800080756,1649.408625002252,59815.30521587222
1791644999,10,,Aggregated,5.000000,0.000000,120,150,180,210,270,350,550,720,1300,1600,1600,4011,0,120.0,156.53999639490718,34.12295800080756,1649.408625002252,59807.58015457492
1791645000,10,,Aggregated,5.000000,0.000000,120,150,180,210,270,350,550,720,1300,1600,1600,4015,0,120.0,156.486302355411,34.12295800080756,1649.408625002252,59775.754171855544
1791645001,10,,Aggregated,5.100000,0.000000,120,150,180,210,270,350,550,720,1300,1600,1600,4019,0,120.0,156.42471036476292,34.12295800080756,1649.408625002252,59782.99054491167
1791645002,10,,Aggregated,5.100000,0.000000,120,150,180,210,270,350,550,720,1300,1600,1600,4025,0,120.0,156.45769070359603,34.12295800080756,1649.408625002252,59767.63354037267
1791645003,10,,Aggregated,5.100000,0.000000,120,150,180,210,270,350,550,720,1300,1600,1600,4028,0,120.0,156.44921833564388,34.12295800080756,1649.408625002252,59736.52035749752
1791645004,10,,Aggregated,5.100000,0.000000,120,150,180,210,270,350,550,720,1300,1600,1600,4031,0,120.0,156.5197202612211,34.12295800080756,1649.408625002252,59826.3334160258
1791645005,10,,Aggregated,4.800000,0.000000,120,150,180,210,270,350,550,720,1300,1600,1600,4037,0,120.0,156.46292194004582,34.12295800080756,1649.408625002252,59862.51696804558
1791645006,10,,Aggregated,4.700000,0.000000,120,150,180,210,270,350,550,720,1300,1600,1600,4042,0,120.0,156.4223996674832,34.12295800080756,1649.408625002252,59842.59673428995
1791645007,10,,Aggregated,4.800000,0.000000,120,150,180,210,270,350,550,720,1300,1600,1600,4048,0,120.0,156.36614296096326,34.12295800080756,1649.408625002252,59794.11981225297
1791645008,10,,Aggregated,4.600000,0.000000,120,150,180,210,270,350,550,720,1300,1600,1600,4051,0,120.0,156.30191421796542,34.12295800080756,1649.408625002252,59776.47741298445
1791645009,10,,Aggregated,4.400000,0.000000,120,150,180,210,270,350,550,720,1300,1600,1600,4056,0,120.0,156.3331380870247,34.12295800080756,1649.408625002252,59805.6891025641
1791645010,10,,Aggregated,4.500000,0.000000,120,150,180,210,270,350,550,720,1300,1600,1600,4060,0,120.0,156.33650860959816,34.12295800080756,1649.408625002252,59809.00985221675
1791645011,10,,Aggregated,4.500000,0.000000,120,150,180,210,270,350,550,720,1300,1600,1600,4065,0,120.0,156.33016253553737,34.12295800080756,1649.408625002252,59800.00516605166
1791645012,10,,Aggregated,4.300000,0.000000,120,150,180,210,270,350,550,720,1300,1600,1600,4068,0,120.0,156.32266443361692,34.12295800080756,1649.408625002252,59779.8709439528
1791645013,10,,Aggregated,4.300000,0.000000,120,150,180,210,270,350,550,720,1300,1600,1600,4073,0,120.0,156.21979110384467,34.12295800080756,1649.408625002252,59723.399459857596
1791645014,10,,Aggregated,4.300000,0.000000,120,150,180,210,270,350,550,720,1300,1600,1600,4078,0,120.0,156.1667835944,34.12295800080756,1649.408625002252,59661.49558607161
1791645015,10,,Aggregated,4.800000,0.000000,120,150,180,210,270,350,550,720,1300,1600,1600,4083,0,120.0,156.09930746361957,34.12295800080756,1649.408625002252,59630.09943668871
1791645016,10,,Aggregated,4.800000,0.000000,120,150,180,210,270,350,550,720,1300,1600,1600,4086,0,120.0,156.0673034241202,34.12295800080756,1649.408625002252,59594.45252080274
1791645017,10,,Aggregated,4.200000,0.000000,120,150,180,210,270,350,550,720,1300,1600,1600,4092,0,120.0,155.99629124877117,34.12295800080756,1649.408625002252,59575.118768328444
1791645018,10,,Aggregated,4.600000,0.000000,120,150,180,210,270,350,550,720,1300,1600,1600,4096,0,120.0,156.040400695549,34.12295800080756,1649.408625002252,59624.831298828125
1791645019,10,,Aggregated,4.600000,0.000000,120,150,180,210,270,350,540,720,1300,1600,1600,4102,0,120.0,156.03301230057755,34.12295800080756,1649.408625002252,59560.92613359337
1791645020,10,,Aggregated,4.400000,0.000000,120,150,180,210,270,350,540,720,1300,1600,1600,4107,0,120.0,156.03926191039116,34.12295800080756,1649.408625002252,59570.21012904797
1791645021,10,,Aggregated,4.400000,0.000000,120,150,180,210,270,350,540,720,1300,1600,1600,4109,0,120.0,156.02039874859554,34.12295800080756,1649.408625002252,59543.67242638111
1791645022,10,,Aggregated,4.600000,0.000000,120,150,180,210,270,350,540,720,1300,1600,1600,4115,0,120.0,155.98072011955537,34.12295800080756,1649.408625002252,59488.826002430134
1791645023,10,,Aggregated,4.600000,0.000000,120,150,180,210,270,350,540,720,1300,1600,1600,4120,0,120.0,155.92000780800444,34.12295800080756,1649.408625002252,59493.27669902913
1791645024,10,,Aggregated,4.700000,0.000000,120,150,180,210,270,350,540,720,1300,1600,1600,4125,0,120.0,155.9133211115103,34.12295800080756,1649.408625002252,59575.92484848485
1791645025,10,,Aggregated,4.600000,0.000000,120,150,180,210,270,350,540,720,1300,1600,1600,4131,0,120.0,155.90798757394896,34.12295800080756,1649.408625002252,59555.902929072865
1791645026,10,,Aggregated,4.400000,0.000000,120,150,180,210,270,350,540,720,1300,1600,1600,4133,0,120.0,155.90420727509917,34.12295800080756,1649.408625002252,59576.0198403097
1791645027,10,,Aggregated,5.100000,0.000000,120,150,180,210,270,350,540,720,1300,1600,1600,4137,0,120.0,155.86699533671427,34.12295800080756,1649.408625002252,59545.77036499879
1791645028,10,,Aggregated,4.500000,0.000000,120,150,180,210,270,350,540,720,1300,1600,1600,4142,0,120.0,155.79841701882867,34.12295800080756,1649.408625002252,59531.87228392081
1791645029,10,,Aggregated,4.400000,0.000000,120,150,180,210,270,350,540,720,1300,1600,1600,4146,0,120.0,155.77844545971558,34.12295800080756,1649.408625002252,59490.809937288956
1791645030,10,,Aggregated,4.700000,0.000000,120,150,180,210,270,350,540,720,1300,1600,1600,4152,0,120.0,155.6736437962372,34.12295800080756,1649.408625002252,59451.75626204239
1791645031,10,,Aggregated,4.400000,0.000000,120,150,180,210,270,350,540,720,1300,1600,1600,4157,0,120.0,155.61999869737178,34.12295800080756,1649.408625002252,59432.57324993986
1791645032,10,,Aggregated,4.600000,0.000000,120,150,180,210,270,340,540,720,1300,1600,1600,4162,0,120.0,155.57459840076038,34.12295800080756,1649.408625002252,59421.59730898606
1791645033,10,,Aggregated,4.500000,0.000000,120,150,180,210,270,340,540,720,1300,1600,1600,4165,0,120.0,155.58335840383305,34.12295800080756,1649.408625002252,59388.758463385355
1791645034,10,,Aggregated,4.800000,0.000000,120,150,180,210,270,350,540,720,1300,1600,1600,4170,0,120.0,155.58982815778495,34.12295800080756,1649.408625002252,59363.50743405276
1791645035,10,,Aggregated,4.400000,0.000000,120,150,180,210,270,350,540,720,1300,1600,1600,4174,0,120.0,155.53176581240055,34.12295800080756,1649.408625002252,59322.595352180164
1791645036,10,,Aggregated,4.700000,0.000000,120,150,180,200,270,350,540,720,1300,1600,1600,4179,0,120.0,155.49862501003952,34.12295800080756,1649.408625002252,59287.42426417804
1791645037,10,,Aggregated,4.400000,0.000000,120,150,180,200,270,340,540,720,1300,1600,1600,4185,0,120.0,155.4895082833801,34.12295800080756,1649.408625002252,59311.03703703704
1791645038,10,,Aggregated,4.700000,0.000000,120,150,180,200,270,340,540,720,1300,1600,1600,4189,0,120.0,155.49094715277033,34.12295800080756,1649.408625002252,59289.112676056335
1791645039,10,,Aggregated,4.600000,0.000000,120,150,180,200,270,340,540,720,1300,1600,1600,4194,0,120.0,155.49859579135898,34.12295800080756,1649.408625002252,59375.27515498331
1791645040,10,,Aggregated,4.700000,0.000000,120,150,180,200,270,340,540,720,1300,1600,1600,4198,0,120.0,155.45443868078985,34.12295800080756,1649.408625002252,59335.366841353025
1791645041,10,,Aggregated,4.700000,0.000000,120,150,180,200,270,340,540,710,1300,1600,1600,4202,0,120.0,155.3595057708124,34.12295800080756,1649.408625002252,59294.010233222274
1791645042,10,,Aggregated,4.700000,0.000000,120,150,180,210,270,350,540,710,1300,1600,1600,4207,0,120.0,155.57704137911952,34.12295800080756,1649.408625002252,59282.64083670074
1791645043,10,,Aggregated,4.800000,0.000000,120,150,180,210,270,350,540,710,1300,1600,1600,4212,0,120.0,155.76726798384672,34.12295800080756,1649.408625002252,59371.051044634376
1791645044,10,,Aggregated,4.800000,0.000000,120,150,180,210,270,350,540,710,1300,1600,1600,4215,0,120.0,155.74032753996647,34.12295800080756,1649.408625002252,59344.89347568209
1791645045,10,,Aggregated,4.700000,0.000000,120,150,180,210,270,350,540,710,1300,1600,1600,4221,0,120.0,155.83089558113213,34.12295800080756,1649.408625002252,59653.98578535892
1791645046,10,,Aggregated,4.700000,0.000000,120,150,180,210,270,350,540,710,1300,1600,1600,4226,0,120.0,156.000346031933,34.12295800080756,1649.408625002252,59613.72669190724
1791645047,10,,Aggregated,4.300000,0.000000,120,150,180,210,270,350,540,710,1300,1600,1600,4230,0,120.0,155.98371943426795,34.12295800080756,1649.408625002252,59632.9988179669
1791645048,10,,Aggregated,4.500000,0.000000,120,150,180,210,270,350,540,710,1300,1600,1600,4234,0,120.0,156.06240127490716,34.12295800080756,1649.408625002252,59635.13155408597
1791645049,10,,Aggregated,4.600000,0.000000,120,150,180,210,270,350,540,710,1300,1600,1600,4241,0,120.0,155.98414107261843,34.12295800080756,1649.408625002252,59591.23838717284
1791645050,10,,Aggregated,4.400000,0.000000,120,150,180,210,270,350,540,710,1300,1600,1600,4245,0,120.0,155.96919807561443,34.12295800080756,1649.408625002252,59559.08150765607
1791645051,10,,Aggregated,4.400000,0.000000,120,150,180,210,270,350,540,710,1300,1600,1600,4249,0,120.0,155.93570467521474,34.12295800080756,1649.408625002252,59534.91174393975
1791645052,10,,Aggregated,4.600000,0.000000,120,150,180,210,270,350,540,710,1300,1600,1600,4254,0,120.0,155.94110805429847,34.12295800080756,1649.408625002252,59497.46121297602
1791645053,10,,Aggregated,4.500000,0.000000,120,150,180,210,270,350,540,710,1300,1600,1600,4262,0,120.0,155.9520625086772,34.12295800080756,1649.408625002252,59437.26888784608
1791645054,10,,Aggregated,5.000000,0.000000,120,150,180,210,270,350,540,710,1300,1600,1600,4266,0,120.0,155.89711382512303,34.12295800080756,1649.408625002252,59400.81270511018
1791645055,10,,Aggregated,4.700000,0.000000,120,150,180,210,270,350,540,710,1300,1600,1600,4270,0,120.0,155.91264845690188,34.12295800080756,1649.408625002252,59369.13208430913
1791645056,10,,Aggregated,4.700000,0.000000,120,150,180,210,270,350,540,710,1300,1600,1600,4273,0,120.0,155.91463867001306,34.12295800080756,1649.408625002252,59350.68453077463
1791645057,10,,Aggregated,5.000000,0.000000,120,150,180,210,270,350,540,710,1300,1600,1600,4278,0,120.0,155.84739592004854,34.12295800080756,1649.408625002252,59355.132772323515
1791645058,10,,Aggregated,4.700000,0.000000,120,150,180,210,270,350,540,710,1300,1600,1600,4282,0,120.0,155.78991914688612,34.12295800080756,1649.408625002252,59322.52125175152
1791645059,10,,Aggregated,5.000000,0.000000,120,150,180,210,270,350,540,710,1300,1600,1600,4288,0,120.0,155.87757494635238,34.12295800080756,1649.408625002252,59298.34398320896
1791645060,10,,Aggregated,4.700000,0.000000,120,150,180,210,270,350,540,710,1300,1600,1600,4290,0,120.0,155.87616070185533,34.12295800080756,1649.408625002252,59271.75268065268
1791645061,10,,Aggregated,4.700000,0.000000,120,150,180,210,270,350,540,710,1300,1600,1600,4295,0,120.0,155.80966131035208,34.12295800080756,1649.408625002252,59226.79394644936
1791645062,10,,Aggregated,4.500000,0.000000,120,150,180,210,270,350,540,710,1300,1600,1600,4301,0,120.0,155.75743660241426,34.12295800080756,1649.408625002252,59199.50941641479
1791645063,10,,Aggregated,4.700000,0.000000,120,150,180,210,270,350,540,710,1300,1600,1600,4307,0,120.0,155.75352287786933,34.12295800080756,1649.408625002252,59142.554910610634
1791645064,10,,Aggregated,4.600000,0.000000,120,150,180,210,270,350,540,710,1300,1600,1600,4311,0,120.0,155.74794792251967,34.12295800080756,1649.408625002252,59149.82347483183
1791645065,10,,Aggregated,4.500000,0.000000,120,150,180,210,270,350,540,710,1300,1600,1600,4313,0,120.0,155.74459089635602,34.12295800080756,1649.408625002252,59146.4208207744
1791645066,10,,Aggregated,4.700000,0.000000,120,150,180,210,270,350,540,710,1300,1600,1600,4321,0,120.0,155.71892659731398,34.12295800080756,1649.408625002252,59102.24438787318
1791645067,10,,Aggregated,4.500000,0.000000,120,150,180,210,270,350,540,710,1300,1600,1600,4325,0,120.0,155.68494824531638,34.12295800080756,1649.408625002252,59131.91560693642
1791645068,10,,Aggregated,4.500000,0.000000,120,150,180,210,270,350,540,710,1300,1600,1600,4329,0,120.0,155.66403285839638,34.12295800080756,1649.408625002252,59215.668976668974
1791645069,10,,Aggregated,4.400000,0.000000,120,150,180,210,270,350,540,710,1300,1600,1600,4335,0,120.0,155.6187433474065,34.12295800080756,1649.408625002252,59149.2830449827
1791645070,10,,Aggregated,4.800000,0.000000,120,150,180,210,270,350,540,710,1300,1600,1600,4340,0,120.0,155.56241178825184,34.12295800080756,1649.408625002252,59090.55737327189
1791645071,10,,Aggregated,4.800000,0.000000,120,150,180,210,270,350,540,710,1300,1600,1600,4343,0,120.0,155.5644429143493,34.12295800080756,1649.408625002252,59184.153580474325
1791645072,10,,Aggregated,4.900000,0.000000,120,150,180,210,270,350,540,710,1300,1600,1600,4347,0,120.0,155.52440864251562,34.12295800080756,1649.408625002252,59190.07775477341
1791645073,10,,Aggregated,4.600000,0.000000,120,150,180,210,270,350,530,710,1300,1600,1600,4353,0,120.0,155.48186713990452,34.12295800080756,1649.408625002252,59159.76613829543
1791645074,10,,Aggregated,4.600000,0.000000,120,150,180,210,270,350,530,710,1300,1600,1600,4356,0,120.0,155.43682226469406,34.12295800080756,1649.408625002252,59165.181588613406
1791645075,10,,Aggregated,4.700000,0.000000,120,150,180,210,270,350,530,710,1300,1600,1600,4361,0,120.0,155.39523280073453,34.12295800080756,1649.408625002252,59116.56019261637
1791645076,10,,Aggregated,4.400000,0.000000,120,150,180,210,270,350,530,710,1300,1600,1600,4366,0,120.0,155.36137660169237,34.12295800080756,1649.408625002252,59184.71507100321
1791645077,10,,Aggregated,4.500000,0.000000,120,150,180,210,270,350,530,710,1300,1600,1600,4371,0,120.0,155.3455817876896,34.12295800080756,1649.408625002252,59221.55044612217
1791645078,10,,Aggregated,4.800000,0.000000,120,150,180,210,270,350,530,710,1300,1600,1600,4376,0,120.0,155.31685025159982,34.12295800080756,1649.408625002252,59206.61357404022
1791645079,10,,Aggregated,4.500000,0.000000,120,150,180,200,270,340,530,710,1300,1600,1600,4381,0,120.0,155.26262253480834,34.12295800080756,1649.408625002252,59190.64460168911
1791645080,10,,Aggregated,4.800000,0.000000,120,150,180,200,270,340,530,710,1300,1600,1600,4384,0,120.0,155.25187937956213,34.12295800080756,1649.408625002252,59190.96441605839
1791645081,10,,Aggregated,4.500000,0.000000,120,150,180,200,270,340,530,710,1300,1600,1600,4391,0,120.0,155.16348906649748,34.12295800080756,1649.408625002252,59184.76041903895
1791645082,10,,Aggregated,4.600000,0.000000,120,150,180,200,270,340,530,710,1300,1600,1600,4397,0,120.0,155.12644992585535,34.12295800080756,1649.408625002252,59242.09301796679
1791645083,10,,Aggregated,4.600000,0.000000,120,150,180,200,270,340,530,710,1300,1600,1600,4400,0,120.0,155.11080826499767,34.12295800080756,1649.408625002252,59216.47454545455
1791645084,10,,Aggregated,4.700000,0.000000,120,150,180,200,270,340,530,710,1300,1600,1600,4407,0,120.0,155.0416609164938,34.12295800080756,1649.408625002252,59214.866122078514
1791645085,10,,Aggregated,4.900000,0.000000,120,150,180,200,270,340,530,710,1300,1600,1600,4410,0,120.0,154.99647838095126,34.12295800080756,1649.408625002252,59183.606802721086
1791645086,10,,Aggregated,4.900000,0.000000,120,150,180,200,270,340,530,710,1300,1600,1600,4414,0,120.0,154.98944568282462,34.12295800080756,1649.408625002252,59143.645672859086
1791645087,10,,Aggregated,5.100000,0.000000,120,150,180,200,270,340,530,710,1300,1600,1600,4419,0,120.0,154.92295654084427,34.12295800080756,1649.408625002252,59093.45485403937
1791645088,10,,Aggregated,4.700000,0.000000,120,150,180,200,270,340,530,710,1300,1600,1600,4422,0,120.0,154.90377749434342,34.12295800080756,1649.408625002252,59065.757575757576
1791645089,10,,Aggregated,5.000000,0.000000,120,150,180,200,270,340,530,710,1300,1600,1600,4426,0,120.0,154.9139803804771,34.12295800080756,1649.408625002252,59082.247175779485
1791645090,10,,Aggregated,4.500000,0.000000,120,150,180,200,270,340,530,710,1300,1600,1600,4433,0,120.0,154.88932012677606,34.12295800080756,1649.408625002252,59201.505301150464
1791645091,10,,Aggregated,4.700000,0.000000,120,150,180,200,270,340,530,710,1300,1600,1600,4438,0,120.0,154.89790600044788,34.12295800080756,1649.408625002252,59275.51915277152
1791645092,10,,Aggregated,4.400000,0.000000,120,150,180,200,270,340,530,710,1300,1600,1600,4441,0,120.0,154.85519124746332,34.12295800080756,1649.408625002252,59243.07385723936
1791645093,10,,Aggregated,4.700000,0.000000,120,150,180,200,270,340,530,710,1300,1600,1600,4447,0,120.0,154.81173318079226,34.12295800080756,1649.408625002252,59220.68630537441
1791645094,10,,Aggregated,4.600000,0.000000,120,150,180,200,270,340,530,710,1300,1600,1600,4450,0,120.0,154.7663262633665,34.12295800080756,1649.408625002252,59193.71752808989
1791645095,10,,Aggregated,4.400000,0.000000,120,150,180,200,270,340,530,710,1300,1600,1600,4456,0,120.0,154.74803040776249,34.12295800080756,1649.408625002252,59173.04017055655
1791645096,10,,Aggregated,4.600000,0.000000,120,150,180,200,270,340,530,710,1300,1600,1600,4460,0,120.0,154.7724718511178,34.12295800080756,1649.408625002252,59334.963452914795
1791645097,10,,Aggregated,4.300000,0.000000,120,150,180,200,270,340,530,710,1300,1600,1600,4465,0,120.0,154.6922200539735,34.12295800080756,1649.408625002252,59297.17110862262
1791645098,10,,Aggregated,4.700000,0.000000,120,150,180,200,270,340,530,710,1300,1600,1600,4470,0,120.0,154.63324042662026,34.12295800080756,1649.408625002252,59269.91454138702
1791645099,10,,Aggregated,4.400000,0.000000,120,150,180,200,270,340,530,710,1300,1600,1600,4474,0,120.0,154.63171987214875,34.12295800080756,1649.408625002252,59392.14640143049
1791645100,10,,Aggregated,4.600000,0.000000,120,150,180,200,270,340,530,710,1300,1600,1600,4480,0,120.0,154.53515509665172,34.12295800080756,1649.408625002252,59373.71183035714
1791645101,10,,Aggregated,4.700000,0.000000,120,150,180,200,270,340,530,710,1300,1600,1600,4483,0,120.0,154.50032284006346,34.12295800080756,1649.408625002252,59350.5159491412
1791645102,10,,Aggregated,4.700000,0.000000,120,150,180,200,270,340,530,710,1300,1600,1600,4488,0,120.0,154.5605061831532,34.12295800080756,1649.408625002252,59327.76626559715
1791645103,10,,Aggregated,4.700000,0.000000,120,150,180,200,270,340,540,710,1300,1600,1600,4493,0,120.0,154.84848434653708,34.12295800080756,1649.408625002252,59320.487424883155
1791645104,10,,Aggregated,4.500000,0.000000,120,150,180,200,270,340,540,710,1300,1600,1600,4498,0,120.0,154.79650348376745,34.12295800080756,1649.408625002252,59322.238105824814
1791645106,10,,Aggregated,4.600000,0.000000,120,150,180,200,270,340,530,700,1300,1600,1600,4502,0,120.0,154.73611809639948,34.12295800080756,1649.408625002252,59315.76499333629
1791645107,10,,Aggregated,4.800000,0.000000,120,150,180,200,270,340,530,700,1300,1600,1600,4506,0,120.0,154.76610539724516,34.12295800080756,1649.408625002252,59290.504216600086
1791645108,10,,Aggregated,4.800000,0.000000,120,150,180,200,270,340,530,700,1300,1600,1600,4513,0,120.0,154.91335023908258,34.12295800080756,1649.408625002252,59271.85442056282
1791645109,10,,Aggregated,4.500000,0.000000,120,150,180,200,270,340,530,700,1300,1600,1600,4518,0,120.0,154.81857709981622,34.12295800080756,1649.408625002252,59250.98539176627
1791645110,10,,Aggregated,4.500000,0.000000,120,150,180,200,270,340,530,700,1300,1600,1600,4522,0,120.0,154.81067012272723,34.12295800080756,1649.408625002252,59260.66364440513
1791645111,10,,Aggregated,4.800000,0.000000,120,150,180,200,270,340,530,700,1300,1600,1600,4526,0,120.0,154.79277361422112,34.12295800080756,1649.408625002252,59271.71210782148
1791645112,10,,Aggregated,4.800000,0.000000,120,150,180,200,270,340,530,700,1300,1600,1600,4532,0,120.0,154.80899237929475,34.12295800080756,1649.408625002252,59265.362753751106
1791645113,10,,Aggregated,4.600000,0.000000,120,150,180,200,270,340,530,700,1300,1600,1600,4537,0,120.0,154.7278091170301,34.12295800080756,1649.408625002252,59223.002865329516
1791645114,10,,Aggregated,4.600000,0.000000,120,150,180,200,270,340,530,700,1300,1600,1600,4540,0,120.0,154.7439360693755,34.12295800080756,1649.408625002252,59193.77643171806
1791645115,10,,Aggregated,4.900000,0.000000,120,150,180,200,270,340,530,700,1300,1600,1600,4545,0,120.0,154.7086093155034,34.12295800080756,1649.408625002252,59181.29218921892
1791645116,10,,Aggregated,4.700000,0.000000,120,150,180,200,270,340,530,700,1300,1600,1600,4550,0,120.0,154.6783326388914,34.12295800080756,1649.408625002252,59171.68813186813
1791645117,10,,Aggregated,4.700000,0.000000,120,150,180,200,270,340,530,700,1300,1600,1600,4553,0,120.0,154.63517594793484,34.12295800080756,1649.408625002252,59156.58840325061
1791645118,10,,Aggregated,4.700000,0.000000,120,150,180,200,270,340,530,700,1300,1600,1600,4559,0,120.0,154.617727445479,34.12295800080756,1649.408625002252,59197.96029831103
1791645119,10,,Aggregated,4.800000,0.000000,120,150,180,200,270,340,530,700,1300,1600,1600,4564,0,120.0,154.53364376247396,34.12295800080756,1649.408625002252,59144.62773882559
1791645120,10,,Aggregated,4.800000,0.000000,120,150,180,200,270,340,530,700,1300,1600,1600,4567,0,120.0,154.5161409310114,34.12295800080756,1649.408625002252,59127.00722574995
1791645121,10,,Aggregated,4.600000,0.000000,120,150,180,200,270,340,530,700,1300,1600,1600,4572,0,120.0,154.51416007019523,34.12295800080756,1649.408625002252,59112.2125984252
1791645122,10,,Aggregated,4.400000,0.000000,120,150,180,200,270,340,530,700,1300,1600,1600,4576,0,120.0,154.49805036405812,34.12295800080756,1649.408625002252,59089.415646853144
1791645123,10,,Aggregated,4.600000,0.000000,120,150,180,200,270,340,530,700,1300,1600,1600,4582,0,120.0,154.45430645415274,34.12295800080756,1649.408625002252,59042.71082496726
1791645124,10,,Aggregated,4.600000,0.000000,120,150,180,200,270,340,530,700,1300,1600,1600,4587,0,120.0,154.45282008173717,34.12295800080756,1649.408625002252,59024.48005232178
1791645125,10,,Aggregated,4.400000,0.000000,120,150,180,200,270,340,530,700,1300,1600,1600,4592,0,120.0,154.41301804919826,34.12295800080756,1649.408625002252,59005.808797909405
1791645126,10,,Aggregated,4.500000,0.000000,120,150,180,200,270,340,530,700,1300,1600,1600,4595,0,120.0,154.4074670674472,34.12295800080756,1649.408625002252,59021.85331882481
1791645127,10,,Aggregated,4.700000,0.000000,120,150,180,200,270,340,530,700,1300,1600,1600,4600,0,120.0,154.38585782802483,34.12295800080756,1649.408625002252,59003.294130434784
1791645128,10,,Aggregated,4.700000,0.000000,120,150,180,200,270,340,530,690,1300,1600,1600,4604,0,120.0,154.39344467895404,34.12295800080756,1649.408625002252,59014.641398783664
1791645129,10,,Aggregated,4.600000,0.000000,120,150,180,200,270,340,530,690,1300,1600,1600,4611,0,120.0,154.3409744924986,34.12295800080756,1649.408625002252,59059.62979830839
1791645130,10,,Aggregated,4.600000,0.000000,120,150,180,200,270,340,530,690,1300,1600,1600,4615,0,120.0,154.3214820082143,34.12295800080756,1649.408625002252,59053.28624052004
1791645131,10,,Aggregated,4.800000,0.000000,120,150,180,200,270,340,530,690,1300,1600,1600,4619,0,120.0,154.26438369818308,34.12295800080756,1649.408625002252,59050.89629789998
1791645132,10,,Aggregated,4.800000,0.000000,120,150,180,200,270,340,530,690,1300,1600,1600,4625,0,120.0,154.2048924343596,34.12295800080756,1649.408625002252,59011.89275675676
1791645133,10,,Aggregated,4.600000,0.000000,120,150,180,200,270,340,530,690,1300,1600,1600,4628,0,120.0,154.19679269509876,34.12295800080756,1649.408625002252,58987.76598962835
1791645134,10,,Aggregated,4.600000,0.000000,120,150,180,200,270,340,530,690,1300,1600,1600,4634,0,120.0,154.1428774749502,34.12295800080756,1649.408625002252,58987.028916702635
1791645135,10,,Aggregated,4.600000,0.000000,120,150,180,200,270,340,530,690,1300,1600,1600,4638,0,120.0,154.08841145858688,34.12295800080756,1649.408625002252,58954.434454506256
1791645136,10,,Aggregated,4.600000,0.000000,120,150,180,200,270,340,530,690,1300,1600,1600,4645,0,120.0,154.08735139244854,34.12295800080756,1649.408625002252,59025.400645855756
1791645137,10,,Aggregated,4.700000,0.000000,120,150,180,200,270,340,530,690,1300,1600,1600,4647,0,120.0,154.11022130082162,34.12295800080756,1649.408625002252,59155.45943619539
1791645138,10,,Aggregated,5.000000,0.000000,120,150,180,200,270,340,530,690,1300,1600,1600,4653,0,120.0,154.04654563570148,34.12295800080756,1649.408625002252,59105.452826133675
1791645139,10,,Aggregated,4.800000,0.000000,120,150,180,200,270,340,530,690,1300,1600,1600,4658,0,120.0,154.00978153390218,34.12295800080756,1649.408625002252,59069.289394589956
1791645140,10,,Aggregated,4.800000,0.000000,120,150,180,200,270,340,530,690,1300,1600,1600,4662,0,120.0,154.02764444099483,34.12295800080756,1649.408625002252,59075.72522522522
1791645141,10,,Aggregated,4.600000,0.000000,120,150,180,200,270,340,530,690,1300,1600,1600,4669,0,120.0,153.94974181792858,34.12295800080756,1649.408625002252,59064.28378667809
1791645142,10,,Aggregated,4.700000,0.000000,120,150,180,200,270,340,530,690,1300,1600,1600,4671,0,120.0,153.91625390856598,34.12295800080756,1649.408625002252,59050.14343823592
1791645143,10,,Aggregated,5.000000,0.000000,120,150,180,200,270,340,530,690,1300,1600,1600,4678,0,120.0,153.94940473298797,34.12295800080756,1649.408625002252,59210.48653270629
1791645144,10,,Aggregated,5.000000,0.000000,120,150,180,200,270,340,530,690,1300,1600,1600,4680,0,120.0,153.96075830831612,34.12295800080756,1649.408625002252,59297.95534188034
1791645145,10,,Aggregated,4.900000,0.000000,120,150,180,200,270,340,530,690,1300,1600,1600,4688,0,120.0,153.84635181355134,34.12295800080756,1649.408625002252,59223.59897610921
1791645146,10,,Aggregated,4.600000,0.000000,120,150,180,200,270,340,530,690,1300,1600,1600,4692,0,120.0,153.8084915038215,34.12295800080756,1649.408625002252,59237.26896845695
1791645147,10,,Aggregated,4.900000,0.000000,120,150,180,200,270,340,530,690,1300,1600,1600,4697,0,120.0,153.7948222382226,34.12295800080756,1649.408625002252,59201.079412390885
1791645148,10,,Aggregated,4.900000,0.000000,120,150,180,200,270,340,530,690,1300,1600,1600,4701,0,120.0,153.7575454181959,34.12295800080756,1649.408625002252,59220.559668155714
1791645149,10,,Aggregated,4.500000,0.000000,120,150,180,200,270,340,530,690,1300,1600,1600,4704,0,120.0,153.72851634501254,34.12295800080756,1649.408625002252,59238.458545918365
1791645150,10,,Aggregated,4.900000,0.000000,120,150,180,200,270,340,530,690,1300,1600,1600,4709,0,120.0,153.66758752111463,34.12295800080756,1649.408625002252,59208.7672541941
1791645151,10,,Aggregated,4.900000,0.000000,120,150,180,200,270,340,530,690,1300,1600,1600,4712,0,120.0,153.63451718355944,34.12295800080756,1649.408625002252,59198.63900679117
1791645152,10,,Aggregated,4.800000,0.000000,120,150,180,200,270,340,530,690,1300,1600,1600,4718,0,120.0,153.59306986772395,34.12295800080756,1649.408625002252,59202.48537515897
1791645153,10,,Aggregated,4.400000,0.000000,120,150,180,200,270,340,530,690,1300,1600,1600,4723,0,120.0,153.64176435590514,34.12295800080756,1649.408625002252,59162.07982214694
1791645154,10,,Aggregated,4.800000,0.000000,120,150,180,200,270,340,530,690,1300,1600,1600,4727,0,120.0,153.64127350199604,34.12295800080756,1649.408625002252,59173.16733657711
1791645155,10,,Aggregated,4.600000,0.000000,120,150,180,200,270,340,530,690,1300,1600,1600,4732,0,120.0,153.58722383282617,34.12295800080756,1649.408625002252,59204.59636517329
1791645156,10,,Aggregated,4.500000,0.000000,120,150,180,200,270,340,530,690,1300,1600,1600,4735,0,120.0,153.61716642237133,34.12295800080756,1649.408625002252,59176.809081309395
1791645157,10,,Aggregated,4.400000,0.000000,120,150,180,200,270,340,530,690,1300,1600,1600,4740,0,120.0,153.58449480694898,34.12295800080756,1649.408625002252,59215.641139240506
1791645158,10,,Aggregated,4.400000,0.000000,120,150,180,200,270,340,530,690,1300,1600,1600,4747,0,120.0,153.56804559215004,34.12295800080756,1649.408625002252,59308.6926479882
1791645159,10,,Aggregated,4.400000,0.000000,120,150,180,200,270,340,530,690,1300,1600,1600,4751,0,120.0,153.5835060359802,34.12295800080756,1649.408625002252,59269.863818143545
1791645160,10,,Aggregated,4.400000,0.000000,120,150,180,200,270,340,530,690,1300,1600,1600,4752,0,120.0,153.5785960671185,34.12295800080756,1649.408625002252,59258.35016835017
1791645161,10,,Aggregated,4.600000,0.000000,120,150,180,200,270,340,530,690,1300,1600,1600,4760,0,120.0,153.53165026511297,34.12295800080756,1649.408625002252,59213.37899159664
1791645162,10,,Aggregated,4.400000,0.000000,120,150,180,200,270,340,530,690,1300,1600,1600,4763,0,120.0,153.4831494356347,34.12295800080756,1649.408625002252,59186.59269368045
1791645163,10,,Aggregated,4.500000,0.000000,120,150,180,200,270,340,530,690,1300,1600,1600,4768,0,120.0,153.41959578857654,34.12295800080756,1649.408625002252,59188.91925335571
1791645164,10,,Aggregated,4.400000,0.000000,120,150,180,200,270,340,530,690,1300,1600,1600,4773,0,120.0,153.3975170081598,34.12295800080756,1649.408625002252,59182.01780850618
1791645165,10,,Aggregated,4.400000,0.000000,120,150,180,200,270,340,530,690,1300,1600,1600,4779,0,120.0,153.3241927384285,34.12295800080756,1649.408625002252,59147.11362209667
1791645166,10,,Aggregated,4.700000,0.000000,120,150,180,200,270,340,530,690,1300,1600,1600,4785,0,120.0,153.29651898577734,34.12295800080756,1649.408625002252,59204.50052246604
1791645167,10,,Aggregated,4.700000,0.000000,120,150,180,200,270,340,530,690,1300,1600,1600,4787,0,120.0,153.27523900082284,34.12295800080756,1649.408625002252,59211.12116147901
1791645168,10,,Aggregated,5.000000,0.000000,120,150,180,200,270,340,530,690,1300,1600,1600,4793,0,120.0,153.23537361191805,34.12295800080756,1649.408625002252,59174.35614437722
1791645169,10,,Aggregated,4.800000,0.000000,120,150,180,200,270,340,530,690,1300,1600,1600,4799,0,120.0,153.21297990329575,34.12295800080756,1649.408625002252,59219.72660971036
1791645170,10,,Aggregated,4.800000,0.000000,120,150,180,200,270,340,530,690,1300,1600,1600,4802,0,120.0,153.16924834588133,34.12295800080756,1649.408625002252,59193.154310703874
1791645171,10,,Aggregated,4.700000,0.000000,120,150,180,200,270,340,530,690,1300,1600,1600,4809,0,120.0,153.2029255075741,34.12295800080756,1649.408625002252,59289.92306092743
1791645172,10,,Aggregated,5.000000,0.000000,120,150,180,200,270,340,530,690,1300,1600,1600,4812,0,120.0,153.1736731814046,34.12295800080756,1649.408625002252,59254.42975893599
1791645173,10,,Aggregated,4.800000,0.000000,120,150,180,200,270,340,530,690,1300,1600,1600,4816,0,120.0,153.13788662269857,34.12295800080756,1649.408625002252,59217.955149501664
1791645174,10,,Aggregated,4.700000,0.000000,120,150,180,200,270,340,530,690,1300,1600,1600,4821,0,120.0,153.13634023333495,34.12295800080756,1649.408625002252,59358.089400539306
1791645175,10,,Aggregated,4.700000,0.000000,120,150,180,200,270,340,530,690,1300,1600,1600,4826,0,120.0,153.12795568584735,34.12295800080756,1649.408625002252,59320.80087028595
1791645176,10,,Aggregated,4.600000,0.000000,120,150,180,200,270,340,530,690,1300,1600,1600,4831,0,120.0,153.08234622208522,34.12295800080756,1649.408625002252,59292.59490788657
1791645177,10,,Aggregated,5.000000,0.000000,120,150,180,200,270,340,530,690,1300,1600,1600,4833,0,120.0,153.08071947525224,34.12295800080756,1649.408625002252,59301.947444651356
1791645178,10,,Aggregated,4.500000,0.000000,120,150,180,200,270,340,530,690,1300,1600,1600,4841,0,120.0,153.08632113197416,34.12295800080756,1649.408625002252,59339.23073745094
1791645179,10,,Aggregated,4.500000,0.000000,120,150,180,200,270,340,530,690,1300,1600,1600,4844,0,120.0,153.09046512342732,34.12295800080756,1649.408625002252,59314.29355904211
1791645180,10,,Aggregated,4.900000,0.000000,120,150,180,200,270,340,530,690,1300,1600,1600,4849,0,120.0,153.04073569640892,34.12295800080756,1649.408625002252,59286.14910290782
1791645181,10,,Aggregated,4.700000,0.000000,120,150,180,200,270,340,530,690,1300,1600,1600,4853,0,120.0,153.037366503583,34.12295800080756,1649.408625002252,59283.59097465485
1791645182,10,,Aggregated,4.500000,0.000000,120,150,180,200,270,340,530,690,1300,1600,1600,4858,0,120.0,153.02238842669584,34.12295800080756,1649.408625002252,59349.69946480033
1791645183,10,,Aggregated,4.700000,0.000000,120,150,180,200,270,340,530,690,1300,1600,1600,4862,0,120.0,152.99747465402749,34.12295800080756,1649.408625002252,59331.0156314274
1791645184,10,,Aggregated,4.600000,0.000000,120,150,180,200,270,340,530,690,1300,1600,1600,4867,0,120.0,152.97485510743337,34.12295800080756,1649.408625002252,59294.15450996507
1791645185,10,,Aggregated,4.700000,0.000000,120,150,180,200,270,340,530,690,1300,1600,1600,4873,0,120.0,153.03163831641456,34.12295800080756,1649.408625002252,59318.31069156577
1791645186,10,,Aggregated,4.800000,0.000000,120,150,180,200,270,340,530,690,1300,1600,1600,4878,0,120.0,153.20929865700944,34.12295800080756,1649.408625002252,59478.833333333336
1791645187,10,,Aggregated,4.500000,0.000000,120,150,180,200,270,340,530,690,1300,1600,1600,4882,0,120.0,153.30639019518557,34.12295800080756,1649.408625002252,59444.10405571487
1791645188,10,,Aggregated,4.500000,0.000000,120,150,180,200,270,340,530,690,1300,1600,1600,4886,0,120.0,153.25876429572236,34.12295800080756,1649.408625002252,59427.44289807614
1791645189,10,,Aggregated,4.900000,0.000000,120,150,180,200,270,340,530,690,1300,1600,1600,4891,0,120.0,153.24843582067038,34.12295800080756,1649.408625002252,59399.336536495604
1791645190,10,,Aggregated,4.500000,0.000000,120,150,180,200,270,340,530,690,1300,1600,1600,4897,0,120.0,153.19574141778665,34.12295800080756,1649.408625002252,59411.76577496426
1791645191,10,,Aggregated,4.500000,0.000000,120,150,180,200,270,340,530,690,1300,1600,1600,4899,0,120.0,153.17951953069908,34.12295800080756,1649.408625002252,59391.01592161666
1791645192,10,,Aggregated,4.500000,0.000000,120,150,180,200,270,340,530,680,1300,1600,1600,4904,0,120.0,153.14203533949487,34.12295800080756,1649.408625002252,59381.570350734095
1791645193,10,,Aggregated,4.700000,0.000000,120,150,180,200,270,340,530,680,1300,1600,1600,4909,0,120.0,153.16116475960092,34.12295800080756,1649.408625002252,59479.03035241393
1791645194,10,,Aggregated,4.600000,0.000000,120,150,180,200,270,340,530,680,1300,1600,1600,4912,0,120.0,153.1470953132903,34.12295800080756,1649.408625002252,59469.546213355046
1791645195,10,,Aggregated,4.500000,0.000000,120,150,180,200,270,340,530,680,1300,1600,1600,4916,0,120.0,153.1467294993676,34.12295800080756,1649.408625002252,59435.304312449145
1791645196,10,,Aggregated,4.400000,0.000000,120,150,180,200,270,340,530,680,1300,1600,1600,4922,0,120.0,153.10503426166002,34.12295800080756,1649.408625002252,59427.07781389679
1791645197,10,,Aggregated,4.200000,0.000000,120,150,180,200,270,340,530,680,1300,1600,1600,4927,0,120.0,153.0516803856071,34.12295800080756,1649.408625002252,59403.376090927544
1791645198,10,,Aggregated,4.700000,0.000000,120,150,180,200,270,340,530,680,1300,1600,1600,4932,0,120.0,152.97528499450374,34.12295800080756,1649.408625002252,59358.127534468775
1791645199,10,,Aggregated,4.300000,0.000000,120,150,180,200,270,340,530,680,1300,1600,1600,4934,0,120.0,152.98204056240246,34.12295800080756,1649.408625002252,59335.54114308877
1791645200,10,,Aggregated,4.500000,0.000000,120,150,180,200,270,340,530,680,1300,1600,1600,4941,0,120.0,152.94673690566768,34.12295800080756,1649.408625002252,59360.697227281926
1791645201,10,,Aggregated,4.500000,0.000000,120,150,180,200,270,340,530,680,1300,1600,1600,4945,0,120.0,153.0191679071588,34.12295800080756,1649.408625002252,59449.92800808898
1791645202,10,,Aggregated,4.700000,0.000000,120,150,180,200,270,340,520,680,1300,1600,1600,4951,0,120.0,153.08636104017214,34.12295800080756,1649.408625002252,59497.2981215916
1791645203,10,,Aggregated,4.500000,0.000000,120,150,180,200,270,340,520,680,1300,1600,1600,4957,0,120.0,153.10313501288744,34.12295800080756,1649.408625002252,59602.13778495057
1791645204,10,,Aggregated,4.500000,0.000000,120,150,180,200,270,340,520,680,1300,1600,1600,4960,0,120.0,153.09076472799953,34.12295800080756,1649.408625002252,59608.866532258064
1791645205,10,,Aggregated,4.600000,0.000000,120,150,180,200,270,340,520,680,1300,1600,1600,4966,0,120.0,153.05424006743598,34.12295800080756,1649.408625002252,59664.29017317761
1791645206,10,,Aggregated,4.900000,0.000000,120,150,180,200,270,340,520,680,1300,1600,1600,4971,0,120.0,153.0494722739646,34.12295800080756,1649.408625002252,59618.26051096359
1791645207,10,,Aggregated,4.900000,0.000000,120,150,180,200,270,340,520,680,1300,1600,1600,4974,0,120.0,153.11621401404875,34.12295800080756,1649.408625002252,59792.543425814234
1791645208,10,,Aggregated,4.600000,0.000000,120,150,180,200,270,340,530,680,1300,1600,1600,4979,0,120.0,153.28709167782023,34.12295800080756,1649.408625002252,59780.185378590075
1791645209,10,,Aggregated,5.100000,0.000000,120,150,180,200,270,340,530,680,1300,1600,1600,4984,0,120.0,153.38046110129858,34.12295800080756,1649.408625002252,59741.33908507223
1791645210,10,,Aggregated,5.100000,0.000000,120,150,180,200,270,340,530,680,1300,1600,1600,4987,0,120.0,153.51572194443054,34.12295800080756,1649.408625002252,59847.39161820734
1791645211,10,,Aggregated,5.000000,0.000000,120,150,180,200,270,340,530,690,1300,1600,1600,4994,0,120.0,154.1201687032173,34.12295800080756,1649.408625002252,59881.59150981178
1791645212,10,,Aggregated,4.800000,0.000000,120,150,180,200,270,340,530,690,1300,1600,1600,4997,0,120.0,154.17504661213897,34.12295800080756,1649.408625002252,59958.401040624376
1791645213,10,,Aggregated,4.300000,0.000000,120,150,180,200,270,340,530,690,1300,1600,1600,5002,0,120.0,154.16734034803144,34.12295800080756,1649.408625002252,59967.65433826469
1791645214,10,,Aggregated,4.900000,0.000000,120,150,180,200,270,340,530,690,1300,1600,1600,5007,0,120.0,154.22267491428693,34.12295800080756,1649.408625002252,59979.92869982025
1791645215,10,,Aggregated,4.700000,0.000000,120,150,180,200,270,340,530,690,1300,1600,1600,5011,0,120.0,154.20824907799408,34.12295800080756,1649.408625002252,60051.26162442626
1791645216,10,,Aggregated,4.300000,0.000000,120,150,180,200,270,340,530,690,1300,1600,1600,5014,0,120.0,154.19754583103904,34.12295800080756,1649.408625002252,60057.64698843239
1791645217,10,,Aggregated,4.600000,0.000000,120,150,180,200,270,340,530,690,1300,1600,1600,5019,0,120.0,154.2182946728122,34.12295800080756,1649.408625002252,60320.2241482367
1791645218,10,,Aggregated,4.400000,0.000000,120,150,180,200,270,340,530,690,1300,1600,1600,5023,0,120.0,154.2403410071349,34.12295800080756,1649.408625002252,60288.4037427832
1791645219,10,,Aggregated,4.200000,0.000000,120,150,180,200,270,340,530,690,1300,1600,1600,5029,0,120.0,154.19048116819252,34.12295800080756,1649.408625002252,60243.001789620204
1791645220,10,,Aggregated,4.500000,0.000000,120,150,180,200,270,340,530,690,1300,1600,1600,5032,0,120.0,154.19662022274244,34.12295800080756,1649.408625002252,60224.58525437202
1791645221,10,,Aggregated,4.400000,0.000000,120,150,180,200,270,340,530,690,1300,1600,1600,5037,0,120.0,154.1799782034614,34.12295800080756,1649.408625002252,60207.49573158626
1791645222,10,,Aggregated,4.200000,0.000000,120,150,180,200,270,340,530,690,1300,1600,1600,5042,0,120.0,154.15729565863407,34.12295800080756,1649.408625002252,60269.5928203094
1791645223,10,,Aggregated,4.500000,0.000000,120,150,180,200,270,340,530,690,1300,1600,1600,5046,0,120.0,154.1012826585089,34.12295800080756,1649.408625002252,60254.73483947681
1791645224,10,,Aggregated,4.300000,0.000000,120,150,180,200,270,340,530,690,1300,1600,1600,5050,0,120.0,154.04772053699824,34.12295800080756,1649.408625002252,60252.627326732676
1791645225,10,,Aggregated,4.300000,0.000000,120,150,180,200,270,340,530,690,1300,1600,1600,5056,0,120.0,154.02646479506453,34.12295800080756,1649.408625002252,60358.275712025315
1791645226,10,,Aggregated,4.500000,0.000000,120,150,180,200,270,340,530,690,1300,1600,1600,5061,0,120.0,153.97398210271564,34.12295800080756,1649.408625002252,60324.20786405849
1791645227,10,,Aggregated,4.300000,0.000000,120,150,180,200,270,340,530,690,1300,1600,1600,5064,0,120.0,153.95940340419395,34.12295800080756,1649.408625002252,60331.39790679305
1791645228,10,,Aggregated,4.500000,0.000000,120,150,180,200,270,340,530,690,1300,1600,1600,5071,0,120.0,153.91129267873035,34.12295800080756,1649.408625002252,60307.88384933938
1791645229,10,,Aggregated,4.500000,0.000000,120,150,180,200,270,340,530,690,1300,1600,1600,5075,0,120.0,153.85117851524222,34.12295800080756,1649.408625002252,60276.31290640394
1791645230,10,,Aggregated,4.500000,0.000000,120,150,180,200,270,340,530,690,1300,1600,1600,5078,0,120.0,153.88684847338456,34.12295800080756,1649.408625002252,60260.15537613234
1791645231,10,,Aggregated,4.400000,0.000000,120,150,180,200,270,340,530,690,1300,1600,1600,5083,0,120.0,154.1645222159826,34.12295800080756,1649.408625002252,60254.63545150502
1791645232,10,,Aggregated,4.700000,0.000000,120,150,180,200,270,340,530,690,1300,1600,1600,5088,0,120.0,154.32247635904764,34.12295800080756,1649.408625002252,60245.435141509435
1791645233,10,,Aggregated,4.800000,0.000000,120,150,180,200,270,340,530,690,1300,1600,1600,5092,0,120.0,154.40796083028758,34.12295800080756,1649.408625002252,60239.989787902596
1791645234,10,,Aggregated,4.600000,0.000000,120,150,180,200,270,350,530,690,1300,1600,1600,5095,0,120.0,154.60318443038716,34.12295800080756,1649.408625002252,60315.20078508341
1791645235,10,,Aggregated,4.600000,0.000000,120,150,180,200,270,350,530,690,1300,1600,1600,5102,0,120.0,154.83058890392383,34.12295800080756,1649.408625002252,60388.07330458644
1791645236,10,,Aggregated,4.600000,0.000000,120,150,180,200,270,350,530,690,1300,1600,1600,5104,0,120.0,154.83918761536498,34.12295800080756,1649.408625002252,60396.50039184953
1791645237,10,,Aggregated,4.300000,0.000000,120,150,180,200,270,350,530,690,1300,1600,1600,5109,0,120.0,154.8684168388755,34.12295800080756,1649.408625002252,60422.99275787825
1791645238,10,,Aggregated,4.700000,0.000000,120,150,180,200,270,350,530,690,1300,1600,1600,5114,0,120.0,154.80557638439737,34.12295800080756,1649.408625002252,60386.459718420025
1791645239,10,,Aggregated,4.300000,0.000000,120,150,180,200,270,350,530,690,1300,1600,1600,5116,0,120.0,154.78622729433377,34.12295800080756,1649.408625002252,60392.49843627834
1791645240,10,,Aggregated,4.500000,0.000000,120,150,180,200,270,350,530,690,1300,1600,1600,5123,0,120.0,154.72562329276295,34.12295800080756,1649.408625002252,60334.23170017568
1791645241,10,,Aggregated,4.300000,0.000000,120,150,180,200,270,350,530,690,1300,1600,1600,5126,0,120.0,154.7069419470987,34.12295800080756,1649.408625002252,60318.26667967226
1791645242,10,,Aggregated,4.200000,0.000000,120,150,180,200,270,350,530,690,1300,1600,1600,5130,0,120.0,154.69633241633832,34.12295800080756,1649.408625002252,60278.53235867446
1791645243,10,,Aggregated,4.500000,0.000000,120,150,180,200,270,350,530,690,1300,1600,1600,5135,0,120.0,154.68098193044182,34.12295800080756,1649.408625002252,60240.9193768257
1791645244,10,,Aggregated,4.200000,0.000000,120,150,180,200,270,350,530,690,1300,1600,1600,5140,0,120.0,154.673581842572,34.12295800080756,1649.408625002252,60259.57918287938
1791645245,10,,Aggregated,4.300000,0.000000,120,150,180,200,270,350,530,690,1300,1600,1600,5146,0,120.0,154.74155925395038,34.12295800080756,1649.408625002252,60290.7069568597
1791645246,10,,Aggregated,4.400000,0.000000,120,150,180,200,270,350,530,690,1300,1600,1600,5149,0,120.0,154.7416298319722,34.12295800080756,1649.408625002252,60268.44901922703
1791645247,10,,Aggregated,4.500000,0.000000,120,150,180,200,270,350,530,690,1300,1600,1600,5153,0,120.0,154.72141785655595,34.12295800080756,1649.408625002252,60227.15000970309
1791645248,10,,Aggregated,4.300000,0.000000,120,150,180,200,270,350,530,690,1300,1600,1600,5158,0,120.0,154.69220752672052,34.12295800080756,1649.408625002252,60222.93699108181
1791645249,10,,Aggregated,4.500000,0.000000,120,150,180,200,270,350,530,690,1300,1600,1600,5163,0,120.0,154.65939276386246,34.12295800080756,1649.408625002252,60197.73658725547
1791645250,10,,Aggregated,4.300000,0.000000,120,150,180,200,270,350,530,690,1300,1600,1600,5167,0,120.0,154.6537998207516,34.12295800080756,1649.408625002252,60192.81923746855
1791645251,10,,Aggregated,4.400000,0.000000,120,150,180,200,270,350,530,690,1300,1600,1600,5171,0,120.0,154.67069762576313,34.12295800080756,1649.408625002252,60196.01276348869
1791645252,10,,Aggregated,4.600000,0.000000,120,150,180,200,270,350,530,690,1300,1600,1600,5178,0,120.0,154.6550702342242,34.12295800080756,1649.408625002252,60144.878524526845
1791645253,10,,Aggregated,4.200000,0.000000,120,150,180,200,270,350,530,690,1300,1600,1600,5180,0,120.0,154.66031151173888,34.12295800080756,1649.408625002252,60131.63281853282
1791645254,10,,Aggregated,4.500000,0.000000,120,150,180,200,270,350,530,690,1300,1600,1600,5188,0,120.0,154.67437703292202,34.12295800080756,1649.408625002252,60197.1168080185
1791645255,10,,Aggregated,4.700000,0.000000,120,150,180,200,270,350,530,690,1300,1600,1600,5190,0,120.0,154.7058750410003,34.12295800080756,1649.408625002252,60183.85394990366
1791645256,10,,Aggregated,4.400000,0.000000,120,150,180,200,270,350,530,690,1300,1600,1600,5195,0,120.0,154.73927051737874,34.12295800080756,1649.408625002252,60191.163041385946
1791645257,10,,Aggregated,4.900000,0.000000,120,150,180,200,270,350,530,690,1300,1600,1600,5199,0,120.0,154.8160629534104,34.12295800080756,1649.408625002252,60186.37314868244
1791645258,10,,Aggregated,4.400000,0.000000,120,150,180,200,270,350,530,680,1300,1600,1600,5207,0,120.0,154.77298818144374,34.12295800080756,1649.408625002252,60164.395813328214
1791645259,10,,Aggregated,4.400000,0.000000,120,150,180,200,270,350,530,680,1300,1600,1600,5207,0,120.0,154.77298818144374,34.12295800080756,1649.408625002252,60164.395813328214
1791645260,10,,Aggregated,4.600000,0.000000,120,150,180,200,270,350,530,680,1300,1600,1600,5213,0,120.0,154.88608447665035,34.12295800080756,1649.408625002252,60151.87857279877
1791645261,10,,Aggregated,4.900000,0.000000,120,150,180,200,270,350,530,690,1300,1600,1600,5219,0,120.0,155.03369341229723,34.12295800080756,1649.408625002252,60271.02989078368
1791645262,10,,Aggregated,4.500000,0.000000,120,150,180,200,270,350,530,690,1300,1600,1600,5222,0,120.0,155.01398889348536,34.12295800080756,1649.408625002252,60278.054193795484
1791645263,10,,Aggregated,4.700000,0.000000,120,150,180,200,270,350,530,690,1300,1600,1600,5229,0,120.0,154.96218261173865,34.12295800080756,1649.408625002252,60225.51921973609
1791645264,10,,Aggregated,4.800000,0.000000,120,150,180,200,270,350,530,690,1300,1600,1600,5234,0,120.0,154.93534638131177,34.12295800080756,1649.408625002252,60231.85460450898
1791645265,10,,Aggregated,4.500000,0.000000,120,150,180,200,270,350,530,690,1300,1600,1600,5237,0,120.0,154.91661153041693,34.12295800080756,1649.408625002252,60214.48691999236
1791645266,10,,Aggregated,4.800000,0.000000,120,150,180,200,270,350,530,690,1300,1600,1600,5240,0,120.0,154.8821415476691,34.12295800080756,1649.408625002252,60190.32232824428
1791645267,10,,Aggregated,4.500000,0.000000,120,150,180,200,270,350,530,690,1300,1600,1600,5246,0,120.0,155.01234944944412,34.12295800080756,1649.408625002252,60333.55337399924
1791645269,10,,Aggregated,4.700000,0.000000,120,150,180,210,270,350,530,690,1300,1600,1600,5252,0,120.0,155.3200459039943,34.12295800080756,1649.408625002252,60309.49942878903
1791645270,10,,Aggregated,4.500000,0.000000,120,150,180,210,270,350,530,690,1300,1600,1600,5256,0,120.0,155.31986038275932,34.12295800080756,1649.408625002252,60410.860920852356
1791645271,10,,Aggregated,4.700000,0.000000,120,150,180,210,270,350,530,690,1300,1600,1600,5262,0,120.0,155.26341084735577,34.12295800080756,1649.408625002252,60359.85081717978
1791645272,10,,Aggregated,4.500000,0.000000,120,150,180,210,270,350,530,690,1300,1600,1600,5265,0,120.0,155.23791755361586,34.12295800080756,1649.408625002252,60345.97435897436
1791645273,10,,Aggregated,4.700000,0.000000,120,150,180,210,270,350,530,690,1300,1600,1600,5270,0,120.0,155.30270387491416,34.12295800080756,1649.408625002252,60298.6889943074
1791645274,10,,Aggregated,4.800000,0.000000,120,150,180,210,270,350,530,690,1300,1600,1600,5273,0,120.0,155.35908101115038,34.12295800080756,1649.408625002252,60295.717238763515
1791645275,10,,Aggregated,4.600000,0.000000,120,150,180,210,270,350,530,690,1300,1600,1600,5280,0,120.0,155.3801209370834,34.12295800080756,1649.408625002252,60385.14943181818
1791645276,10,,Aggregated,4.700000,0.000000,120,150,180,210,270,350,530,690,1300,1600,1600,5284,0,120.0,155.35962474106694,34.12295800080756,1649.408625002252,60403.25738077214
1791645277,10,,Aggregated,4.400000,0.000000,120,150,180,210,270,350,530,690,1300,1600,1600,5289,0,120.0,155.3675562657981,34.12295800080756,1649.408625002252,60370.83910001891
1791645278,10,,Aggregated,4.600000,0.000000,120,150,180,210,270,350,530,690,1300,1600,1600,5293,0,120.0,155.34342595669742,34.12295800080756,1649.408625002252,60381.72378613263
1791645279,10,,Aggregated,4.700000,0.000000,120,150,180,210,270,350,530,690,1300,1600,1600,5300,0,120.0,155.31947621939554,34.12295800080756,1649.408625002252,60470.80245283019
1791645280,10,,Aggregated,4.900000,0.000000,120,150,180,210,270,350,530,690,1300,1600,1600,5305,0,120.0,155.30312178827495,34.12295800080756,1649.408625002252,60435.91385485391
1791645281,10,,Aggregated,4.700000,0.000000,120,150,180,210,270,350,530,690,1300,1600,1600,5309,0,120.0,155.2699361704286,34.12295800080756,1649.408625002252,60432.613863251085
1791645282,10,,Aggregated,4.900000,0.000000,120,150,180,200,270,350,530,690,1300,1600,1600,5317,0,120.0,155.18896389821498,34.12295800080756,1649.408625002252,60412.44085010344
1791645283,10,,Aggregated,4.900000,0.000000,120,150,180,200,270,350,530,690,1300,1600,1600,5321,0,120.0,155.19319356546072,34.12295800080756,1649.408625002252,60485.498778425106
1791645284,10,,Aggregated,5.100000,0.000000,120,150,180,200,270,350,530,690,1300,1600,1600,5325,0,120.0,155.1495498204375,34.12295800080756,1649.408625002252,60472.62197183099
1791645285,10,,Aggregated,5.100000,0.000000,120,150,180,200,270,350,530,690,1300,1600,1600,5331,0,120.0,155.13246314046742,34.12295800080756,1649.408625002252,60439.390733445885
1791645286,10,,Aggregated,5.100000,0.000000,120,150,180,200,270,350,530,690,1300,1600,1600,5335,0,120.0,155.10251014579933,34.12295800080756,1649.408625002252,60410.89090909091
1791645287,10,,Aggregated,5.100000,0.000000,120,150,180,200,270,350,530,690,1300,1600,1600,5338,0,120.0,155.0880859409583,34.12295800080756,1649.408625002252,60387.3997751967
1791645288,10,,Aggregated,5.000000,0.000000,120,150,180,200,270,350,530,690,1300,1600,1600,5345,0,120.0,155.0328218044609,34.12295800080756,1649.408625002252,60371.147427502336
1791645289,10,,Aggregated,5.000000,0.000000,120,150,180,200,270,350,530,690,1300,1600,1600,5349,0,120.0,155.09280416168272,34.12295800080756,1649.408625002252,60364.844083006166
1791645290,10,,Aggregated,4.800000,0.000000,120,150,180,200,270,350,530,690,1300,1600,1600,5351,0,120.0,155.09034880598784,34.12295800080756,1649.408625002252,60349.94898149878
1791645291,10,,Aggregated,4.900000,0.000000,120,150,180,210,270,350,530,690,1300,1600,1600,5360,0,120.0,155.29981444418897,34.12295800080756,1649.408625002252,60334.2302238806
1791645292,10,,Aggregated,4.900000,0.000000,120,150,180,210,270,350,530,690,1300,1600,1600,5360,0,120.0,155.29981444418897,34.12295800080756,1649.408625002252,60334.2302238806
1791645293,10,,Aggregated,4.600000,0.000000,120,150,180,210,270,350,530,690,1300,1600,1600,5364,0,120.0,155.32311916701101,34.12295800080756,1649.408625002252,60486.91293810589
1791645294,10,,Aggregated,4.400000,0.000000,120,150,180,210,270,350,530,690,1300,1600,1600,5369,0,120.0,155.35249183644132,34.12295800080756,1649.408625002252,60448.25703110449
1791645295,10,,Aggregated,4.300000,0.000000,120,150,180,210,270,350,530,690,1300,1600,1600,5374,0,120.0,155.38980357589483,34.12295800080756,1649.408625002252,60446.17640491254
1791645296,10,,Aggregated,4.400000,0.000000,120,150,180,210,270,350,530,690,1300,1600,1600,5380,0,120.0,155.3542324579674,34.12295800080756,1649.408625002252,60422.496468401485
1791645297,10,,Aggregated,4.400000,0.000000,120,150,180,210,270,350,530,690,1300,1600,1600,5385,0,120.0,155.35245808576775,34.12295800080756,1649.408625002252,60478.35413184772
1791645298,10,,Aggregated,4.500000,0.000000,120,150,180,210,270,350,530,690,1300,1600,1600,5389,0,120.0,155.3321257964097,34.12295800080756,1649.408625002252,60471.684357023565
1791645299,10,,Aggregated,4.500000,0.000000,120,150,180,210,270,350,530,690,1300,1600,1600,5393,0,120.0,155.29903709268388,34.12295800080756,1649.408625002252,60532.841461153344
1791645300,10,,Aggregated,4.800000,0.000000,120,150,180,210,270,350,530,690,1300,1600,1600,5399,0,120.0,155.28647146838975,34.12295800080756,1649.408625002252,60630.068345989996
1791645301,10,,Aggregated,4.400000,0.000000,120,150,180,210,270,350,530,690,1300,1600,1600,5404,0,120.0,155.33829617724527,34.12295800080756,1649.408625002252,60629.76591413768
1791645302,10,,Aggregated,4.800000,0.000000,120,150,180,210,270,350,530,690,1300,1600,1600,5408,0,120.0,155.33679577327044,34.12295800080756,1649.408625002252,60638.16216715976
1791645303,10,,Aggregated,4.800000,0.000000,120,150,180,210,270,350,530,690,1300,1600,1600,5411,0,120.0,155.28963493362437,34.12295800080756,1649.408625002252,60624.44797634448
1791645304,10,,Aggregated,4.600000,0.000000,120,150,180,210,270,350,530,690,1300,1600,1600,5416,0,120.0,155.27919535502818,34.12295800080756,1649.408625002252,60594.37149187592
1791645305,10,,Aggregated,4.700000,0.000000,120,150,180,210,270,350,530,690,1300,1600,1600,5422,0,120.0,155.27664698613654,34.12295800080756,1649.408625002252,60576.796016230175
1791645306,10,,Aggregated,4.700000,0.000000,120,150,180,210,270,350,530,690,1300,1600,1600,5426,0,120.0,155.24611272131128,34.12295800080756,1649.408625002252,60632.64190932547
1791645307,10,,Aggregated,4.800000,0.000000,120,150,180,210,270,350,530,690,1300,1600,1600,5431,0,120.0,155.22225023786444,34.12295800080756,1649.408625002252,60606.30197017124
1791645308,10,,Aggregated,4.800000,0.000000,120,150,180,210,270,350,530,690,1300,1600,1600,5433,0,120.0,155.23115182676855,34.12295800080756,1649.408625002252,60690.611632615495
1791645309,10,,Aggregated,4.600000,0.000000,120,150,180,210,270,350,530,690,1300,1600,1600,5440,0,120.0,155.15737874537353,34.12295800080756,1649.408625002252,60747.471507352944
1791645310,10,,Aggregated,4.500000,0.000000,120,150,180,210,270,350,530,690,1300,1600,1600,5443,0,120.0,155.1496285290911,34.12295800080756,1649.408625002252,60723.60297629984
1791645311,10,,Aggregated,4.700000,0.000000,120,150,180,210,270,350,530,690,1300,1600,1600,5448,0,120.0,155.15805855356848,34.12295800080756,1649.408625002252,60759.46016886931
1791645312,10,,Aggregated,4.300000,0.000000,120,150,180,210,270,350,530,690,1300,1600,1600,5455,0,120.0,155.1452180646807,34.12295800080756,1649.408625002252,60722.37396883593
1791645313,10,,Aggregated,4.500000,0.000000,120,150,180,210,270,350,530,690,1300,1600,1600,5459,0,120.0,155.11339611976973,34.12295800080756,1649.408625002252,60751.55596263052
1791645314,10,,Aggregated,4.500000,0.000000,120,150,180,210,270,350,530,690,1300,1600,1600,5464,0,120.0,155.05486039729422,34.12295800080756,1649.408625002252,60715.743777452415
1791645315,10,,Aggregated,4.700000,0.000000,120,150,180,210,270,350,530,690,1300,1600,1600,5471,0,120.0,155.03661844320982,34.12295800080756,1649.408625002252,60782.83458234326
1791645316,10,,Aggregated,4.900000,0.000000,120,150,180,210,270,350,530,690,1300,1600,1600,5474,0,120.0,155.03453949028193,34.12295800080756,1649.408625002252,60793.27767628791
1791645317,10,,Aggregated,4.800000,0.000000,120,150,180,210,270,350,530,690,1300,1600,1600,5480,0,120.0,154.9733339647475,34.12295800080756,1649.408625002252,60834.92098540146
1791645318,10,,Aggregated,4.800000,0.000000,120,150,180,210,270,350,530,690,1300,1600,1600,5484,0,120.0,154.9465101967185,34.12295800080756,1649.408625002252,60803.39077315828
1791645319,10,,Aggregated,4.700000,0.000000,120,150,180,210,270,350,530,690,1300,1600,1600,5490,0,120.0,154.92182607792495,34.12295800080756,1649.408625002252,60811.8029143898
1791645320,10,,Aggregated,5.000000,0.000000,120,150,180,210,270,350,530,690,1300,1600,1600,5495,0,120.0,154.91374067385075,34.12295800080756,1649.408625002252,60821.24604185623
1791645321,10,,Aggregated,4.600000,0.000000,120,150,180,210,270,350,530,690,1300,1600,1600,5499,0,120.0,154.93536282429943,34.12295800080756,1649.408625002252,60886.07874158938
1791645322,10,,Aggregated,5.100000,0.000000,120,150,180,210,270,350,530,680,1300,1600,1600,5504,0,120.0,154.92378639840746,34.12295800080756,1649.408625002252,60965.08557412791
1791645323,10,,Aggregated,5.100000,0.000000,120,150,180,210,270,350,530,680,1300,1600,1600,5508,0,120.0,154.98104249942574,34.12295800080756,1649.408625002252,61059.3892519971
1791645324,10,,Aggregated,4.800000,0.000000,120,150,180,210,270,350,530,680,1300,1600,1600,5514,0,120.0,154.94600884962585,34.12295800080756,1649.408625002252,61020.36053681538
1791645325,10,,Aggregated,4.900000,0.000000,120,150,180,210,270,350,530,680,1300,1600,1600,5518,0,120.0,154.91838250685558,34.12295800080756,1649.408625002252,60982.69898513954
1791645326,10,,Aggregated,4.700000,0.000000,120,150,180,210,270,340,530,680,1300,1600,1600,5522,0,120.0,154.8961357535001,34.12295800080756,1649.408625002252,60964.95400217312
1791645327,10,,Aggregated,4.700000,0.000000,120,150,180,210,270,340,530,680,1300,1600,1600,5527,0,120.0,154.96036682898998,34.12295800080756,1649.408625002252,61220.97684096255
1791645328,10,,Aggregated,4.700000,0.000000,120,150,180,210,270,350,530,680,1300,1600,1600,5531,0,120.0,155.02405639537622,34.12295800080756,1649.408625002252,61251.23015729524
1791645329,10,,Aggregated,4.800000,0.000000,120,150,180,210,270,350,530,680,1300,1600,1600,5537,0,120.0,155.1852953626192,34.12295800080756,1649.408625002252,61324.428932635004
1791645330,10,,Aggregated,4.600000,0.000000,120,150,180,210,270,350,530,680,1300,1600,1600,5540,0,120.0,155.1627645391367,34.12295800080756,1649.408625002252,61330.12725631769
1791645331,10,,Aggregated,4.800000,0.000000,120,150,180,210,270,350,530,680,1300,1600,1600,5546,0,120.0,155.1790135917446,34.12295800080756,1649.408625002252,61418.220338983054
1791645332,10,,Aggregated,4.500000,0.000000,120,150,180,210,270,350,530,680,1300,1600,1600,5548,0,120.0,155.16542933720643,34.12295800080756,1649.408625002252,61425.74747656813
1791645333,10,,Aggregated,4.800000,0.000000,120,150,180,210,270,350,530,680,1300,1600,1600,5555,0,120.0,155.2416924554117,34.12295800080756,1649.408625002252,61395.05184518452
1791645334,10,,Aggregated,4.800000,0.000000,120,150,180,210,270,350,530,680,1300,1600,1600,5558,0,120.0,155.20186437833868,34.12295800080756,1649.408625002252,61387.25296869378
1791645335,10,,Aggregated,4.500000,0.000000,120,150,180,210,270,350,530,680,1300,1600,1600,5565,0,120.0,155.15382083051253,34.12295800080756,1649.408625002252,61365.462353998206
1791645336,10,,Aggregated,4.700000,0.000000,120,150,180,210,270,350,530,680,1300,1600,1600,5567,0,120.0,155.14856082069406,34.12295800080756,1649.408625002252,61380.19400035926
1791645337,10,,Aggregated,4.400000,0.000000,120,150,180,210,270,350,530,680,1300,1600,1600,5574,0,120.0,155.09014490685684,34.12295800080756,1649.408625002252,61384.35306781485
1791645338,10,,Aggregated,4.600000,0.000000,120,150,180,210,270,350,530,680,1300,1600,1600,5577,0,120.0,155.05724801287812,34.12295800080756,1649.408625002252,61369.414380491304
1791645339,10,,Aggregated,4.600000,0.000000,120,150,180,210,270,350,530,680,1300,1600,1600,5583,0,120.0,155.01131207859973,34.12295800080756,1649.408625002252,61366.50582124306
1791645340,10,,Aggregated,4.700000,0.000000,120,150,180,210,270,350,530,680,1300,1600,1600,5589,0,120.0,154.97910435709716,34.12295800080756,1649.408625002252,61405.25138665235
1791645341,10,,Aggregated,4.600000,0.000000,120,150,180,210,270,350,530,680,1300,1600,1600,5595,0,120.0,154.97025786431183,34.12295800080756,1649.408625002252,61436.33565683646
1791645342,10,,Aggregated,4.600000,0.000000,120,150,180,210,270,350,530,680,1300,1600,1600,5599,0,120.0,154.96989091084657,34.12295800080756,1649.408625002252,61437.781925343814
1791645343,10,,Aggregated,4.700000,0.000000,120,150,180,210,270,350,520,680,1300,1600,1600,5603,0,120.0,154.9631912816054,34.12295800080756,1649.408625002252,61412.1695520257
1791645344,10,,Aggregated,5.200000,0.000000,120,150,180,210,270,350,520,680,1300,1600,1600,5608,0,120.0,154.9316317538922,34.12295800080756,1649.408625002252,61390.1119828816
1791645345,10,,Aggregated,4.900000,0.000000,120,150,180,210,270,350,520,680,1300,1600,1600,5613,0,120.0,154.8956503060446,34.12295800080756,1649.408625002252,61352.3857117406
1791645346,10,,Aggregated,4.900000,0.000000,120,150,180,210,270,350,520,680,1300,1600,1600,5615,0,120.0,154.90022519302298,34.12295800080756,1649.408625002252,61332.32983081033
1791645347,10,,Aggregated,5.100000,0.000000,120,150,180,210,270,340,520,680,1300,1600,1600,5621,0,120.0,154.88293914193528,34.12295800080756,1649.408625002252,61374.13111545988
1791645348,10,,Aggregated,4.900000,0.000000,120,150,180,210,270,340,520,680,1300,1600,1600,5625,0,120.0,154.8771257409455,34.12295800080756,1649.408625002252,61346.75804444445
1791645349,10,,Aggregated,4.900000,0.000000,120,150,180,210,270,340,520,680,1300,1600,1600,5631,0,120.0,154.82541854622693,34.12295800080756,1649.408625002252,61427.52725981176
1791645350,10,,Aggregated,4.700000,0.000000,120,150,180,210,270,340,520,680,1300,1600,1600,5634,0,120.0,154.82365816183943,34.12295800080756,1649.408625002252,61431.152112176074
1791645351,10,,Aggregated,5.100000,0.000000,120,150,180,210,270,340,520,680,1300,1600,1600,5640,0,120.0,154.81135233454228,34.12295800080756,1649.408625002252,61478.7255319149
1791645352,10,,Aggregated,5.100000,0.000000,120,150,180,210,270,340,520,680,1300,1600,1600,5643,0,120.0,154.779745532841,34.12295800080756,1649.408625002252,61484.12333864965
1791645353,10,,Aggregated,4.700000,0.000000,120,150,180,210,270,340,520,680,1300,1600,1600,5649,0,120.0,154.7888033943747,34.12295800080756,1649.408625002252,61464.19826517968
1791645354,10,,Aggregated,4.400000,0.000000,120,150,180,210,270,340,520,680,1300,1600,1600,5654,0,120.0,154.79292761015589,34.12295800080756,1649.408625002252,61428.8530244075
1791645355,10,,Aggregated,4.400000,0.000000,120,150,180,210,270,340,520,680,1300,1600,1600,5660,0,120.0,154.75041030579737,34.12295800080756,1649.408625002252,61451.23886925795
1791645356,10,,Aggregated,4.800000,0.000000,120,150,180,210,270,340,520,680,1300,1600,1600,5666,0,120.0,154.6997554046625,34.12295800080756,1649.408625002252,61460.18002117896
1791645357,10,,Aggregated,4.500000,0.000000,120,150,180,210,270,340,520,680,1300,1600,1600,5669,0,120.0,154.6955737634178,34.12295800080756,1649.408625002252,61523.242370788495
1791645358,10,,Aggregated,4.700000,0.000000,120,150,180,210,270,340,520,680,1300,1600,1600,5675,0,120.0,154.6240520628754,34.12295800080756,1649.408625002252,61512.72845814978
1791645359,10,,Aggregated,4.900000,0.000000,120,150,180,210,270,340,520,680,1300,1600,1600,5680,0,120.0,154.57421839010897,34.12295800080756,1649.408625002252,61492.8301056338
1791645360,10,,Aggregated,5.000000,0.000000,120,150,180,210,270,340,520,680,1300,1600,1600,5683,0,120.0,154.57569317082852,34.12295800080756,1649.408625002252,61475.83987330635
1791645361,10,,Aggregated,4.600000,0.000000,120,150,180,210,270,340,520,680,1300,1600,1600,5688,0,120.0,154.55318072377352,34.12295800080756,1649.408625002252,61438.51388888889
1791645362,10,,Aggregated,5.000000,0.000000,120,150,180,210,270,340,520,680,1300,1600,1600,5695,0,120.0,154.53994607810893,34.12295800080756,1649.408625002252,61436.597190518
1791645363,10,,Aggregated,4.800000,0.000000,120,150,180,200,270,340,520,680,1300,1600,1600,5698,0,120.0,154.5094705082197,34.12295800080756,1649.408625002252,61414.36363636364
1791645364,10,,Aggregated,4.700000,0.000000,120,150,180,210,270,340,520,680,1300,1600,1600,5704,0,120.0,154.50549244632688,34.12295800080756,1649.408625002252,61409.097124824686
1791645365,10,,Aggregated,5.100000,0.000000,120,150,180,210,270,340,520,680,1300,1600,1600,5708,0,120.0,154.50292606094348,34.12295800080756,1649.408625002252,61403.81937631394
1791645366,10,,Aggregated,4.600000,0.000000,120,150,180,210,270,340,520,680,1300,1600,1600,5713,0,120.0,154.50241714753585,34.12295800080756,1649.408625002252,61372.18536670751
1791645367,10,,Aggregated,4.800000,0.000000,120,150,180,210,270,340,520,680,1300,1600,1600,5717,0,120.0,154.49729010650123,34.12295800080756,1649.408625002252,61347.00927059646
1791645368,10,,Aggregated,4.700000,0.000000,120,150,180,210,270,340,520,680,1300,1600,1600,5720,0,120.0,154.48015879910315,34.12295800080756,1649.408625002252,61326.48548951049
1791645369,10,,Aggregated,4.800000,0.000000,120,150,180,210,270,340,520,680,1300,1600,1600,5725,0,120.0,154.51084275054245,34.12295800080756,1649.408625002252,61380.031441048035
1791645370,10,,Aggregated,4.500000,0.000000,120,150,180,210,270,340,520,680,1300,1600,1600,5731,0,120.0,154.57536090958735,34.12295800080756,1649.408625002252,61456.75466759728
1791645371,10,,Aggregated,4.600000,0.000000,120,150,180,210,270,340,520,680,1300,1600,1600,5736,0,120.0,154.5218622585162,34.12295800080756,1649.408625002252,61457.259762900976
1791645372,10,,Aggregated,4.600000,0.000000,120,150,180,210,270,340,520,680,1300,1600,1600,5739,0,120.0,154.5079700003217,34.12295800080756,1649.408625002252,61438.5657780101
1791645373,10,,Aggregated,4.500000,0.000000,120,150,180,200,270,340,520,680,1300,1600,1600,5746,0,120.0,154.47790700014733,34.12295800080756,1649.408625002252,61466.32439958232
1791645374,10,,Aggregated,4.800000,0.000000,120,150,180,210,270,340,520,680,1300,1600,1600,5748,0,120.0,154.4815617169173,34.12295800080756,1649.408625002252,61479.015135699374
1791645375,10,,Aggregated,4.500000,0.000000,120,150,180,210,270,340,520,680,1300,1600,1600,5753,0,120.0,154.48613633422968,34.12295800080756,1649.408625002252,61445.545802190165
1791645376,10,,Aggregated,4.800000,0.000000,120,150,180,200,270,340,520,680,1300,1600,1600,5758,0,120.0,154.45120985947042,34.12295800080756,1649.408625002252,61424.20545328239
1791645377,10,,Aggregated,4.600000,0.000000,120,150,180,200,270,340,520,680,1300,1600,1600,5761,0,120.0,154.42277267328916,34.12295800080756,1649.408625002252,61426.35306370422
1791645378,10,,Aggregated,4.600000,0.000000,120,150,180,200,270,340,520,680,1300,1600,1600,5767,0,120.0,154.39364296042964,34.12295800080756,1649.408625002252,61394.83110802844
1791645379,10,,Aggregated,4.400000,0.000000,120,150,180,210,270,340,520,680,1300,1600,1600,5774,0,120.0,154.43634030322042,34.12295800080756,1649.408625002252,61343.839279528926
1791645380,10,,Aggregated,4.600000,0.000000,120,150,180,200,270,340,520,680,1300,1600,1600,5777,0,120.0,154.40400136209115,34.12295800080756,1649.408625002252,61322.850095205125
1791645381,10,,Aggregated,4.600000,0.000000,120,150,180,200,270,340,520,680,1300,1600,1600,5782,0,120.0,154.38393552452413,34.12295800080756,1649.408625002252,61305.70114147354
1791645382,10,,Aggregated,4.700000,0.000000,120,150,180,200,270,340,520,680,1300,1600,1600,5786,0,120.0,154.38442048942431,34.12295800080756,1649.408625002252,61275.503110957485
1791645383,10,,Aggregated,4.800000,0.000000,120,150,180,200,270,340,520,680,1300,1600,1600,5791,0,120.0,154.33577598011144,34.12295800080756,1649.408625002252,61331.311517872564
1791645384,10,,Aggregated,4.500000,0.000000,120,150,180,200,270,340,520,680,1300,1600,1600,5794,0,120.0,154.3136198782925,34.12295800080756,1649.408625002252,61334.707283396616
1791645385,10,,Aggregated,4.700000,0.000000,120,150,180,200,270,340,520,680,1300,1600,1600,5797,0,120.0,154.28743743761095,34.12295800080756,1649.408625002252,61338.47455580473
1791645386,10,,Aggregated,4.500000,0.000000,120,150,180,200,270,340,520,670,1300,1600,1600,5805,0,120.0,154.3085912557839,34.12295800080756,1649.408625002252,61515.363135228254
1791645387,10,,Aggregated,4.600000,0.000000,120,150,180,200,270,340,520,670,1300,1600,1600,5809,0,120.0,154.2621486537828,34.12295800080756,1649.408625002252,61503.33034945774
1791645388,10,,Aggregated,4.500000,0.000000,120,150,180,200,270,340,520,670,1300,1600,1600,5814,0,120.0,154.2087283978026,34.12295800080756,1649.408625002252,61468.35724114207
1791645389,10,,Aggregated,4.600000,0.000000,120,150,180,200,270,340,520,670,1300,1600,1600,5817,0,120.0,154.22034050143006,34.12295800080756,1649.408625002252,61499.365480488224
1791645390,10,,Aggregated,4.500000,0.000000,120,150,180,200,270,340,520,670,1300,1600,1600,5822,0,120.0,154.18271077873882,34.12295800080756,1649.408625002252,61498.8598419787
1791645391,10,,Aggregated,4.500000,0.000000,120,150,180,200,270,340,520,670,1300,1600,1600,5827,0,120.0,154.14078939056546,34.12295800080756,1649.408625002252,61465.25982495281
1791645392,10,,Aggregated,4.400000,0.000000,120,150,180,200,270,340,520,670,1300,1600,1600,5830,0,120.0,154.1053478540003,34.12295800080756,1649.408625002252,61446.82126929674
1791645393,10,,Aggregated,4.200000,0.000000,120,150,180,200,270,340,520,670,1300,1600,1600,5835,0,120.0,154.06670086217756,34.12295800080756,1649.408625002252,61401.60479862896
1791645394,10,,Aggregated,4.200000,0.000000,120,150,180,200,270,340,520,670,1300,1600,1600,5838,0,120.0,154.02791628653745,34.12295800080756,1649.408625002252,61375.99828708462
1791645395,10,,Aggregated,4.400000,0.000000,120,150,180,200,270,340,520,670,1300,1600,1600,5845,0,120.0,153.98076741314108,34.12295800080756,1649.408625002252,61405.88862275449
1791645396,10,,Aggregated,4.600000,0.000000,120,150,180,200,270,340,520,670,1300,1600,1600,5851,0,120.0,154.09083820933458,34.12295800080756,1649.408625002252,61370.599726542474
1791645397,10,,Aggregated,4.200000,0.000000,120,150,180,200,270,340,520,670,1300,1600,1600,5855,0,120.0,154.08237926094046,34.12295800080756,1649.408625002252,61346.113919726726
1791645398,10,,Aggregated,4.700000,0.000000,120,150,180,200,270,340,520,670,1300,1600,1600,5860,0,120.0,154.08519419621166,34.12295800080756,1649.408625002252,61338.11587030717
1791645399,10,,Aggregated,4.700000,0.000000,120,150,180,200,270,340,520,670,1300,1600,1600,5863,0,120.0,154.11625748879405,34.12295800080756,1649.408625002252,61423.86150434931
1791645400,10,,Aggregated,4.700000,0.000000,120,150,180,200,270,340,520,670,1300,1600,1600,5864,0,120.0,154.10181511319902,34.12295800080756,1649.408625002252,61421.324181446114
1791645401,10,,Aggregated,4.600000,0.000000,120,150,180,200,270,340,520,680,1300,1600,1600,5872,0,120.0,154.59541956008107,34.12295800080756,1649.408625002252,61356.49795640327
1791645402,10,,Aggregated,4.600000,0.000000,120,150,180,200,270,340,520,680,1300,1600,1600,5875,0,120.0,154.5825663671134,34.12295800080756,1649.408625002252,61368.13940425532
1791645403,10,,Aggregated,4.600000,0.000000,120,150,180,200,270,340,520,680,1300,1600,1600,5882,0,120.0,154.53717589523924,34.12295800080756,1649.408625002252,61318.187521251275
1791645404,10,,Aggregated,4.500000,0.000000,120,150,180,200,270,340,520,680,1300,1600,1600,5885,0,120.0,154.51408806844506,34.12295800080756,1649.408625002252,61322.99473237043
1791645405,10,,Aggregated,4.400000,0.000000,120,150,180,200,270,340,520,680,1300,1600,1600,5892,0,120.0,154.50930855240807,34.12295800080756,1649.408625002252,61339.78818737271
1791645406,10,,Aggregated,4.400000,0.000000,120,150,180,200,270,340,520,680,1300,1600,1600,5894,0,120.0,154.50124400369685,34.12295800080756,1649.408625002252,61353.28927723108
1791645407,10,,Aggregated,4.900000,0.000000,120,150,180,200,270,340,520,670,1300,1600,1600,5904,0,120.0,154.43147960989157,34.12295800080756,1649.408625002252,61321.55030487805
1791645408,10,,Aggregated,4.600000,0.000000,120,150,180,200,270,340,520,670,1300,1600,1600,5906,0,120.0,154.4252887867931,34.12295800080756,1649.408625002252,61315.07534710464
1791645409,10,,Aggregated,4.300000,0.000000,120,150,180,200,270,340,520,670,1300,1600,1600,5912,0,120.0,154.40346344161006,34.12295800080756,1649.408625002252,61322.88802435724
1791645410,10,,Aggregated,4.800000,0.000000,120,150,180,200,270,340,520,670,1300,1600,1600,5917,0,120.0,154.35774209747993,34.12295800080756,1649.408625002252,61325.62396484705
1791645411,10,,Aggregated,4.700000,0.000000,120,150,180,200,270,340,520,670,1300,1600,1600,5923,0,120.0,154.35646679483023,34.12295800080756,1649.408625002252,61280.89582981597
1791645412,10,,Aggregated,4.800000,0.000000,120,150,180,200,270,340,520,670,1300,1600,1600,5930,0,120.0,154.35204611311772,34.12295800080756,1649.408625002252,61242.9779089376
1791645413,10,,Aggregated,4.900000,0.000000,120,150,180,200,270,340,520,670,1300,1600,1600,5933,0,120.0,154.35328250763393,34.12295800080756,1649.408625002252,61232.21607955503
1791645414,10,,Aggregated,5.100000,0.000000,120,150,180,200,270,340,520,670,1300,1600,1600,5940,0,120.0,154.3373846720181,34.12295800080756,1649.408625002252,61389.794276094275
1791645415,10,,Aggregated,5.400000,0.000000,120,150,180,200,270,340,520,670,1300,1600,1600,5945,0,120.0,154.33861687582663,34.12295800080756,1649.408625002252,61346.75677039529
1791645416,10,,Aggregated,5.200000,0.000000,120,150,180,200,270,340,520,670,1300,1600,1600,5952,0,120.0,154.31381947845856,34.12295800080756,1649.408625002252,61338.978494623654
1791645417,10,,Aggregated,5.300000,0.000000,120,150,180,200,270,340,520,670,1300,1600,1600,5955,0,120.0,154.2856974730127,34.12295800080756,1649.408625002252,61342.96154492023
1791645418,10,,Aggregated,5.200000,0.000000,120,150,180,200,270,340,520,670,1300,1600,1600,5960,0,120.0,154.26822281775043,34.12295800080756,1649.408625002252,61336.53238255034
1791645419,10,,Aggregated,5.700000,0.000000,120,150,180,200,270,340,520,670,1300,1600,1600,5965,0,120.0,154.20838046132346,34.12295800080756,1649.408625002252,61329.25062866723
1791645420,10,,Aggregated,5.100000,0.000000,120,150,180,200,270,340,520,670,1300,1600,1600,5969,0,120.0,154.18030208725054,34.12295800080756,1649.408625002252,61310.67364717708
1791645421,10,,Aggregated,5.500000,0.000000,120,150,180,200,270,340,520,670,1300,1600,1600,5975,0,120.0,154.10381394574011,34.12295800080756,1649.408625002252,61265.91564853556
1791645422,10,,Aggregated,5.300000,0.000000,120,150,180,200,270,340,520,670,1300,1600,1600,5976,0,120.0,154.09438957794464,34.12295800080756,1649.408625002252,61256.590696117804
1791645423,10,,Aggregated,5.200000,0.000000,120,150,180,200,270,340,520,670,1300,1600,1600,5983,0,120.0,154.06518641597896,34.12295800080756,1649.408625002252,61216.30887514625
1791645424,10,,Aggregated,5.200000,0.000000,120,150,180,200,270,340,520,670,1300,1600,1600,5987,0,120.0,154.04883697908986,34.12295800080756,1649.408625002252,61218.98346417237
1791645425,10,,Aggregated,4.600000,0.000000,120,150,180,200,270,340,520,670,1300,1600,1600,5991,0,120.0,154.02300089614596,34.12295800080756,1649.408625002252,61215.97713236522
1791645426,10,,Aggregated,4.900000,0.000000,120,150,180,200,270,340,520,670,1300,1600,1600,5998,0,120.0,154.03047427505786,34.12295800080756,1649.408625002252,61272.0531843948
1791645427,10,,Aggregated,4.700000,0.000000,120,150,180,200,270,340,520,670,1300,1600,1600,6000,0,120.0,153.99609820746662,34.12295800080756,1649.408625002252,61259.66816666667
1791645428,10,,Aggregated,4.600000,0.000000,120,150,180,200,270,340,520,670,1200,1600,1600,6006,0,120.0,154.02067163982656,34.12295800080756,1649.408625002252,61241.15967365968
1791645430,10,,Aggregated,4.600000,0.000000,120,150,180,200,270,340,520,670,1200,1600,1600,6009,0,120.0,153.98404999347616,34.12295800080756,1649.408625002252,61243.47844899318
1791645431,10,,Aggregated,4.500000,0.000000,120,150,180,200,270,340,520,670,1200,1600,1600,6016,0,120.0,153.90772969893456,34.12295800080756,1649.408625002252,61219.313829787236
1791645432,10,,Aggregated,4.400000,0.000000,120,150,180,200,270,340,520,670,1200,1600,1600,6021,0,120.0,153.8586977305744,34.12295800080756,1649.408625002252,61213.87078558379
1791645433,10,,Aggregated,4.400000,0.000000,120,150,180,200,270,340,520,670,1200,1600,1600,6024,0,120.0,153.88324082034987,34.12295800080756,1649.408625002252,61194.541666666664
1791645434,10,,Aggregated,4.700000,0.000000,120,150,180,200,270,340,520,670,1200,1600,1600,6030,0,120.0,153.85796174590305,34.12295800080756,1649.408625002252,61146.4895522388
1791645435,10,,Aggregated,4.600000,0.000000,120,150,180,200,270,340,520,670,1200,1600,1600,6033,0,120.0,153.85799562038693,34.12295800080756,1649.408625002252,61212.76181004475
1791645436,10,,Aggregated,4.800000,0.000000,120,150,180,200,270,340,520,670,1200,1600,1600,6039,0,120.0,153.83620309567877,34.12295800080756,1649.408625002252,61248.39410498427
1791645437,10,,Aggregated,4.700000,0.000000,120,150,180,200,270,340,520,670,1200,1600,1600,6045,0,120.0,153.81403717879368,34.12295800080756,1649.408625002252,61233.40430107527
1791645438,10,,Aggregated,4.600000,0.000000,120,150,180,200,270,340,520,670,1200,1600,1600,6049,0,120.0,153.83085966619484,34.12295800080756,1649.408625002252,61288.54273433625
1791645439,10,,Aggregated,4.800000,0.000000,120,150,180,200,270,340,520,670,1200,1600,1600,6053,0,120.0,153.78935593851102,34.12295800080756,1649.408625002252,61262.38443746902
1791645440,10,,Aggregated,4.700000,0.000000,120,150,180,200,270,340,520,670,1200,1600,1600,6059,0,120.0,153.76557313398413,34.12295800080756,1649.408625002252,61305.07393959399
1791645441,10,,Aggregated,4.900000,0.000000,120,150,180,200,270,340,520,670,1200,1600,1600,6063,0,120.0,153.73892486406223,34.12295800080756,1649.408625002252,61268.836714497775
1791645442,10,,Aggregated,5.000000,0.000000,120,150,180,200,270,340,520,670,1200,1600,1600,6068,0,120.0,153.6959581397162,34.12295800080756,1649.408625002252,61271.56377719183
1791645443,10,,Aggregated,5.000000,0.000000,120,150,180,200,270,340,520,670,1200,1600,1600,6072,0,120.0,153.67742415197472,34.12295800080756,1649.408625002252,61248.37911725955
1791645444,10,,Aggregated,4.700000,0.000000,120,150,180,200,270,340,520,670,1200,1600,1600,6076,0,120.0,153.65192317326998,34.12295800080756,1649.408625002252,61231.902896642525
1791645445,10,,Aggregated,4.800000,0.000000,120,150,180,200,270,340,520,670,1200,1600,1600,6082,0,120.0,153.68602515484935,34.12295800080756,1649.408625002252,61269.46103255508
1791645446,10,,Aggregated,4.600000,0.000000,120,150,180,200,270,340,520,670,1200,1600,1600,6086,0,120.0,153.65302001705393,34.12295800080756,1649.408625002252,61242.714426552746
1791645447,10,,Aggregated,4.800000,0.000000,120,150,180,200,270,340,520,670,1200,1600,1600,6091,0,120.0,153.6771299305185,34.12295800080756,1649.408625002252,61199.55836480053
1791645448,10,,Aggregated,4.600000,0.000000,120,150,180,200,270,340,520,670,1200,1600,1600,6095,0,120.0,153.64645242523244,34.12295800080756,1649.408625002252,61183.419031993435
1791645449,10,,Aggregated,4.600000,0.000000,120,150,180,200,270,340,520,670,1200,1600,1600,6101,0,120.0,153.5939960440562,34.12295800080756,1649.408625002252,61180.92165218817
1791645450,10,,Aggregated,4.500000,0.000000,120,150,180,200,270,340,520,670,1200,1600,1600,6108,0,120.0,153.5246024392259,34.12295800080756,1649.408625002252,61170.36902423052
1791645451,10,,Aggregated,4.500000,0.000000,120,150,180,200,270,340,520,670,1200,1600,1600,6112,0,120.0,153.5156979628256,34.12295800080756,1649.408625002252,61140.382689790575
1791645452,10,,Aggregated,4.800000,0.000000,120,150,180,200,270,340,520,670,1200,1600,1600,6115,0,120.0,153.48912314501862,34.12295800080756,1649.408625002252,61124.45200327065
1791645453,10,,Aggregated,4.800000,0.000000,120,150,180,200,270,340,520,670,1200,1600,1600,6122,0,120.0,153.48367862998774,34.12295800080756,1649.408625002252,61226.71349232277
1791645454,10,,Aggregated,4.900000,0.000000,120,150,180,200,270,340,520,670,1200,1600,1600,6124,0,120.0,153.47961373118602,34.12295800080756,1649.408625002252,61240.15055519268
1791645455,10,,Aggregated,5.000000,0.000000,120,150,180,200,270,340,520,670,1200,1600,1600,6129,0,120.0,153.4542250826861,34.12295800080756,1649.408625002252,61231.31228585414
1791645456,10,,Aggregated,4.800000,0.000000,120,150,180,200,270,340,520,670,1200,1600,1600,6134,0,120.0,153.44199057658662,34.12295800080756,1649.408625002252,61219.176230844474
1791645457,10,,Aggregated,4.800000,0.000000,120,150,180,200,270,340,520,670,1200,1600,1600,6140,0,120.0,153.39215156560016,34.12295800080756,1649.408625002252,61185.77003257329
1791645458,10,,Aggregated,4.700000,0.000000,120,150,180,200,270,340,520,670,1200,1600,1600,6144,0,120.0,153.37471349882412,34.12295800080756,1649.408625002252,61200.013020833336
1791645459,10,,Aggregated,5.000000,0.000000,120,150,180,200,270,340,520,670,1200,1600,1600,6150,0,120.0,153.3466578975234,34.12295800080756,1649.408625002252,61247.70699186992
1791645460,10,,Aggregated,5.000000,0.000000,120,150,180,200,270,340,500,670,1200,1600,1600,6156,0,120.0,153.3302608817038,34.12295800080756,1649.408625002252,61223.050844704354
1791645461,10,,Aggregated,5.000000,0.000000,120,150,180,200,270,340,500,670,1200,1600,1600,6159,0,120.0,153.29583322304936,34.12295800080756,1649.408625002252,61198.64799480435
1791645462,10,,Aggregated,4.700000,0.000000,120,150,180,200,270,340,500,670,1200,1600,1600,6164,0,120.0,153.2956413292911,34.12295800080756,1649.408625002252,61257.36356262167
1791645463,10,,Aggregated,4.700000,0.000000,120,150,180,200,270,340,500,670,1200,1600,1600,6171,0,120.0,153.29025714839767,34.12295800080756,1649.408625002252,61322.56846540269
1791645464,10,,Aggregated,4.700000,0.000000,120,150,180,200,270,340,500,670,1200,1600,1600,6172,0,120.0,153.28343048375973,34.12295800080756,1649.408625002252,61314.97472456254
1791645465,10,,Aggregated,4.600000,0.000000,120,150,180,200,270,340,500,670,1200,1600,1600,6179,0,120.0,153.3096176476378,34.12295800080756,1649.408625002252,61315.65593138048
1791645466,10,,Aggregated,4.600000,0.000000,120,150,180,200,270,340,500,670,1200,1600,1600,6181,0,120.0,153.32203872540913,34.12295800080756,1649.408625002252,61298.76168904708
1791645467,10,,Aggregated,4.800000,0.000000,120,150,180,200,270,340,500,670,1200,1600,1600,6187,0,120.0,153.26312530107396,34.12295800080756,1649.408625002252,61265.64667851948
1791645468,10,,Aggregated,4.800000,0.000000,120,150,180,200,270,340,500,670,1200,1600,1600,6191,0,120.0,153.23087542202288,34.12295800080756,1649.408625002252,61235.90033920207
1791645469,10,,Aggregated,4.600000,0.000000,120,150,180,200,270,340,500,670,1200,1600,1600,6196,0,120.0,153.19069422284326,34.12295800080756,1649.408625002252,61258.83618463525
1791645470,10,,Aggregated,4.700000,0.000000,120,150,180,200,270,340,500,660,1200,1600,1600,6202,0,120.0,153.16663363781726,34.12295800080756,1649.408625002252,61309.431796194775
1791645471,10,,Aggregated,4.700000,0.000000,120,150,180,200,270,340,500,660,1200,1600,1600,6203,0,120.0,153.17444447392165,34.12295800080756,1649.408625002252,61305.42721263904
1791645472,10,,Aggregated,4.600000,0.000000,120,150,180,200,270,340,500,660,1200,1600,1600,6207,0,120.0,153.13468054691984,34.12295800080756,1649.408625002252,61298.14789753504
1791645473,10,,Aggregated,4.400000,0.000000,120,150,180,200,270,340,500,660,1200,1600,1600,6214,0,120.0,153.10228040661968,34.12295800080756,1649.408625002252,61256.710975217255
1791645474,10,,Aggregated,4.400000,0.000000,120,150,180,200,270,340,500,660,1200,1600,1600,6215,0,120.0,153.1194760976249,34.12295800080756,1649.408625002252,61330.88286403861
1791645475,10,,Aggregated,4.400000,0.000000,120,150,180,200,270,340,500,660,1200,1600,1600,6221,0,120.0,153.08597956321194,34.12295800080756,1649.408625002252,61287.24465520013
1791645476,10,,Aggregated,4.200000,0.000000,120,150,180,200,270,340,500,660,1200,1600,1600,6227,0,120.0,153.04074820487148,34.12295800080756,1649.408625002252,61329.93624538301
1791645477,10,,Aggregated,4.400000,0.000000,120,150,180,200,270,340,500,660,1200,1600,1600,6232,0,120.0,152.99807346305118,34.12295800080756,1649.408625002252,61321.25385109114
1791645478,10,,Aggregated,4.400000,0.000000,120,150,180,200,270,340,500,660,1200,1600,1600,6236,0,120.0,152.98660560803975,34.12295800080756,1649.408625002252,61297.627485567675
1791645479,10,,Aggregated,4.400000,0.000000,120,150,180,200,270,340,500,660,1200,1600,1600,6241,0,120.0,153.06351409833874,34.12295800080756,1649.408625002252,61315.17352988303
1791645480,10,,Aggregated,4.500000,0.000000,120,150,180,200,270,340,500,660,1200,1600,1600,6246,0,120.0,153.02353636803477,34.12295800080756,1649.408625002252,61314.8828049952
1791645481,10,,Aggregated,4.500000,0.000000,120,150,180,200,270,340,500,660,1200,1600,1600,6247,0,120.0,153.0187545602282,34.12295800080756,1649.408625002252,61305.50280134464
1791645482,10,,Aggregated,4.500000,0.000000,120,150,180,200,270,340,500,660,1200,1600,1600,6255,0,120.0,153.11024065863376,34.12295800080756,1649.408625002252,61378.42254196643
1791645483,10,,Aggregated,4.400000,0.000000,120,150,180,200,270,340,500,660,1200,1600,1600,6262,0,120.0,153.11481300347143,34.12295800080756,1649.408625002252,61354.32305972533
1791645484,10,,Aggregated,4.900000,0.000000,120,150,180,200,270,340,500,660,1200,1600,1600,6267,0,120.0,153.06699666678492,34.12295800080756,1649.408625002252,61331.12174884315
1791645485,10,,Aggregated,4.500000,0.000000,120,150,180,200,270,340,500,660,1200,1600,1600,6270,0,120.0,153.03445405801216,34.12295800080756,1649.408625002252,61320.79936204147
1791645486,10,,Aggregated,5.100000,0.000000,120,150,180,200,270,340,500,660,1200,1600,1600,6277,0,120.0,153.03813668053704,34.12295800080756,1649.408625002252,61298.15405448463
1791645487,10,,Aggregated,4.800000,0.000000,120,150,180,200,270,340,500,660,1200,1600,1600,6280,0,120.0,153.02968244199386,34.12295800080756,1649.408625002252,61279.29522292993
1791645488,10,,Aggregated,4.800000,0.000000,120,150,180,200,270,340,500,660,1200,1600,1600,6287,0,120.0,152.98721523695392,34.12295800080756,1649.408625002252,61317.90742802608
1791645489,10,,Aggregated,4.900000,0.000000,120,150,180,200,270,340,500,660,1200,1600,1600,6291,0,120.0,152.97680369221754,34.12295800080756,1649.408625002252,61405.13829279924
1791645490,10,,Aggregated,4.800000,0.000000,120,150,180,200,270,340,500,660,1200,1600,1600,6294,0,120.0,152.93903340272382,34.12295800080756,1649.408625002252,61392.43692405466
1791645491,10,,Aggregated,5.200000,0.000000,120,150,180,200,270,340,500,650,1200,1600,1600,6301,0,120.0,152.9246306317649,34.12295800080756,1649.408625002252,61380.67735280114
1791645492,10,,Aggregated,4.700000,0.000000,120,150,180,200,270,340,500,650,1200,1600,1600,6306,0,120.0,152.88899345635045,34.12295800080756,1649.408625002252,61360.76498572788
1791645493,10,,Aggregated,5.200000,0.000000,120,150,180,200,270,340,500,650,1200,1600,1600,6310,0,120.0,152.8678892806243,34.12295800080756,1649.408625002252,61343.3442155309
1791645494,10,,Aggregated,4.800000,0.000000,120,150,180,200,270,340,500,650,1200,1600,1600,6315,0,120.0,152.87386023780465,34.12295800080756,1649.408625002252,61309.84022169438
1791645495,10,,Aggregated,5.200000,0.000000,120,150,180,200,270,340,500,650,1200,1600,1600,6320,0,120.0,152.9066181279657,34.12295800080756,1649.408625002252,61278.22420886076
1791645496,10,,Aggregated,4.800000,0.000000,120,150,180,200,270,340,500,650,1200,1600,1600,6323,0,120.0,152.8705892814721,34.12295800080756,1649.408625002252,61264.19863988613
1791645497,10,,Aggregated,5.000000,0.000000,120,150,180,200,270,340,500,650,1200,1600,1600,6328,0,120.0,152.82952623036547,34.12295800080756,1649.408625002252,61231.765960809105
1791645498,10,,Aggregated,4.700000,0.000000,120,150,180,200,270,340,500,650,1200,1600,1600,6332,0,120.0,152.82323165204488,34.12295800080756,1649.408625002252,61207.792640555905
1791645499,10,,Aggregated,4.700000,0.000000,120,150,180,200,270,340,500,650,1200,1600,1600,6337,0,120.0,152.8183387624657,34.12295800080756,1649.408625002252,61188.265740886854
1791645500,10,,Aggregated,4.600000,0.000000,120,150,180,200,270,340,500,650,1200,1600,1600,6341,0,120.0,152.77050162131388,34.12295800080756,1649.408625002252,61180.9025390317
1791645501,10,,Aggregated,4.300000,0.000000,120,150,180,200,270,340,500,650,1200,1600,1600,6346,0,120.0,152.74668354581698,34.12295800080756,1649.408625002252,61170.280491648286
1791645502,10,,Aggregated,4.800000,0.000000,120,150,180,200,270,340,500,650,1200,1600,1600,6349,0,120.0,152.75144486497845,34.12295800080756,1649.408625002252,61173.13891951489
1791645503,10,,Aggregated,4.200000,0.000000,120,150,180,200,270,340,500,650,1200,1600,1600,6353,0,120.0,152.77477882980585,34.12295800080756,1649.408625002252,61323.34172831733
1791645504,10,,Aggregated,4.500000,0.000000,120,150,180,200,270,340,500,650,1200,1600,1600,6358,0,120.0,152.7368416545714,34.12295800080756,1649.408625002252,61354.365523749606
1791645505,10,,Aggregated,4.300000,0.000000,120,150,180,200,270,340,500,650,1200,1600,1600,6362,0,120.0,152.70844210904886,34.12295800080756,1649.408625002252,61378.26721156869
1791645506,10,,Aggregated,4.200000,0.000000,120,150,180,200,270,340,500,650,1200,1600,1600,6367,0,120.0,152.6501621037802,34.12295800080756,1649.408625002252,61374.060625098165
1791645507,10,,Aggregated,4.100000,0.000000,120,150,180,200,270,340,500,650,1200,1600,1600,6374,0,120.0,152.6445229169686,34.12295800080756,1649.408625002252,61328.40320050204
1791645508,10,,Aggregated,4.100000,0.000000,120,150,180,200,270,340,500,650,1200,1600,1600,6375,0,120.0,152.62842782835418,34.12295800080756,1649.408625002252,61318.903215686274
1791645509,10,,Aggregated,4.200000,0.000000,120,150,180,200,270,340,500,650,1200,1600,1600,6382,0,120.0,152.6394823183573,34.12295800080756,1649.408625002252,61302.9219680351
1791645510,10,,Aggregated,4.500000,0.000000,120,150,180,200,270,340,500,650,1200,1600,1600,6386,0,120.0,152.60212495940385,34.12295800080756,1649.408625002252,61281.68697150016
1791645511,10,,Aggregated,4.800000,0.000000,120,150,180,200,270,340,500,650,1200,1600,1600,6389,0,120.0,152.65377782622642,34.12295800080756,1649.408625002252,61273.24354359054
1791645512,10,,Aggregated,4.400000,0.000000,120,150,180,200,270,340,500,650,1200,1600,1600,6395,0,120.0,152.68828036727976,34.12295800080756,1649.408625002252,61246.394526974196
1791645513,10,,Aggregated,4.600000,0.000000,120,150,180,200,270,340,500,650,1200,1600,1600,6399,0,120.0,152.68092874382762,34.12295800080756,1649.408625002252,61241.6940146898
1791645514,10,,Aggregated,4.600000,0.000000,120,150,180,200,270,340,490,650,1200,1600,1600,6405,0,120.0,152.63384560074013,34.12295800080756,1649.408625002252,61241.854800936766
1791645515,10,,Aggregated,4.500000,0.000000,120,150,180,200,270,340,490,650,1200,1600,1600,6410,0,120.0,152.62255566002278,34.12295800080756,1649.408625002252,61260.30280811233
1791645516,10,,Aggregated,4.900000,0.000000,120,150,180,200,270,340,490,650,1200,1600,1600,6414,0,120.0,152.60755102615323,34.12295800080756,1649.408625002252,61268.50545681322
1791645517,10,,Aggregated,4.900000,0.000000,120,150,180,200,270,340,490,650,1200,1600,1600,6420,0,120.0,152.64207797753187,34.12295800080756,1649.408625002252,61228.54034267913
1791645518,10,,Aggregated,4.500000,0.000000,120,150,180,200,270,340,490,650,1200,1600,1600,6425,0,120.0,152.62058656821043,34.12295800080756,1649.408625002252,61186.178521400776
1791645519,10,,Aggregated,5.000000,0.000000,120,150,180,200,270,340,490,650,1200,1600,1600,6429,0,120.0,152.6241321085328,34.12295800080756,1649.408625002252,61179.99922227407
1791645520,10,,Aggregated,4.900000,0.000000,120,150,180,200,270,340,490,650,1200,1600,1600,6434,0,120.0,152.66177731485192,34.12295800080756,1649.408625002252,61252.29608330743
1791645521,10,,Aggregated,4.600000,0.000000,120,150,180,200,270,340,490,650,1200,1600,1600,6438,0,120.0,152.63044382211075,34.12295800080756,1649.408625002252,61247.133271202234
1791645522,10,,Aggregated,4.900000,0.000000,120,150,180,200,270,340,490,650,1200,1600,1600,6444,0,120.0,152.6069581318687,34.12295800080756,1649.408625002252,61309.10816263191
1791645523,10,,Aggregated,5.000000,0.000000,120,150,180,200,270,340,490,650,1200,1600,1600,6449,0,120.0,152.57639829055026,34.12295800080756,1649.408625002252,61315.06249030858
1791645524,10,,Aggregated,4.800000,0.000000,120,150,180,200,270,340,490,650,1200,1600,1600,6454,0,120.0,152.54913707139187,34.12295800080756,1649.408625002252,61287.367678958784
1791645525,10,,Aggregated,4.800000,0.000000,120,150,180,200,270,340,490,650,1200,1600,1600,6458,0,120.0,152.5213159891241,34.12295800080756,1649.408625002252,61284.2189532363
1791645526,10,,Aggregated,4.700000,0.000000,120,150,180,200,270,340,490,650,1200,1600,1600,6463,0,120.0,152.5148363750225,34.12295800080756,1649.408625002252,61344.6269534272
1791645527,10,,Aggregated,4.900000,0.000000,120,150,180,200,270,340,490,650,1200,1600,1600,6468,0,120.0,152.49183936793008,34.12295800080756,1649.408625002252,61363.79560915275
1791645528,10,,Aggregated,5.200000,0.000000,120,150,180,200,270,340,490,650,1200,1600,1600,6474,0,120.0,152.4312903456538,34.12295800080756,1649.408625002252,61362.10518999073
1791645529,10,,Aggregated,4.700000,0.000000,120,150,180,200,270,340,490,650,1200,1600,1600,6475,0,120.0,152.4464079970294,34.12295800080756,1649.408625002252,61353.208185328185
1791645530,10,,Aggregated,4.600000,0.000000,120,150,180,200,270,330,490,650,1200,1600,1600,6482,0,120.0,152.3838771454443,34.12295800080756,1649.408625002252,61304.722462203026
1791645531,10,,Aggregated,4.700000,0.000000,120,150,180,200,270,330,490,650,1200,1600,1600,6487,0,120.0,152.34519303187471,34.12295800080756,1649.408625002252,61325.99306304917
1791645532,10,,Aggregated,4.600000,0.000000,120,150,180,200,270,330,490,650,1200,1600,1600,6491,0,120.0,152.32334738341916,34.12295800080756,1649.408625002252,61378.9286704668
1791645533,10,,Aggregated,4.600000,0.000000,120,150,180,200,270,330,490,650,1200,1600,1600,6496,0,120.0,152.29827127459538,34.12295800080756,1649.408625002252,61377.6354679803
1791645534,10,,Aggregated,4.600000,0.000000,120,150,180,200,270,330,490,650,1200,1600,1600,6502,0,120.0,152.2418225276481,34.12295800080756,1649.408625002252,61366.84650876653
1791645535,10,,Aggregated,4.900000,0.000000,120,150,180,200,270,330,490,650,1200,1600,1600,6504,0,120.0,152.23123788434322,34.12295800080756,1649.408625002252,61350.89898523985
1791645536,10,,Aggregated,4.800000,0.000000,120,150,180,200,270,330,490,650,1200,1600,1600,6509,0,120.0,152.2195222692836,34.12295800080756,1649.408625002252,61365.01582424335
1791645537,10,,Aggregated,4.500000,0.000000,120,150,180,200,270,330,490,650,1200,1600,1600,6512,0,120.0,152.20259698660414,34.12295800080756,1649.408625002252,61343.3316953317
1791645538,10,,Aggregated,4.400000,0.000000,120,150,180,200,270,330,490,650,1200,1600,1600,6518,0,120.0,152.13517882429701,34.12295800080756,1649.408625002252,61301.98956735195
1791645539,10,,Aggregated,4.600000,0.000000,120,150,180,200,270,330,490,650,1200,1600,1600,6521,0,120.0,152.1136216444971,34.12295800080756,1649.408625002252,61284.02254255482
1791645540,10,,Aggregated,4.400000,0.000000,120,150,180,200,270,330,490,650,1200,1600,1600,6528,0,120.0,152.0610957340322,34.12295800080756,1649.408625002252,61290.4928002451
1791645541,10,,Aggregated,4.600000,0.000000,120,150,180,200,270,330,490,650,1200,1600,1600,6532,0,120.0,152.05109728900172,34.12295800080756,1649.408625002252,61291.11466625842
1791645542,10,,Aggregated,4.600000,0.000000,120,150,180,200,270,330,490,650,1200,1600,1600,6537,0,120.0,152.05253972139622,34.12295800080756,1649.408625002252,61277.42557748203
1791645543,10,,Aggregated,4.700000,0.000000,120,150,180,200,270,330,490,650,1200,1600,1600,6540,0,120.0,152.02800392320594,34.12295800080756,1649.408625002252,61268.95917431192
1791645544,10,,Aggregated,4.600000,0.000000,120,150,180,200,270,330,490,650,1200,1600,1600,6547,0,120.0,151.99930081713333,34.12295800080756,1649.408625002252,61326.793493203
1791645545,10,,Aggregated,4.400000,0.000000,120,150,180,200,270,330,490,650,1200,1600,1600,6552,0,120.0,151.95462341525806,34.12295800080756,1649.408625002252,61320.171092796096
1791645546,10,,Aggregated,4.300000,0.000000,120,150,180,200,270,330,490,650,1200,1600,1600,6555,0,120.0,151.9510107093457,34.12295800080756,1649.408625002252,61379.576811594205
1791645547,10,,Aggregated,4.500000,0.000000,120,150,180,200,270,330,490,650,1200,1600,1600,6561,0,120.0,151.8993280040789,34.12295800080756,1649.408625002252,61376.35543362292
1791645548,10,,Aggregated,4.600000,0.000000,120,150,180,200,270,330,490,650,1200,1600,1600,6568,0,120.0,151.90285311232935,34.12295800080756,1649.408625002252,61391.27344701583
1791645549,10,,Aggregated,4.700000,0.000000,120,150,180,200,270,330,490,650,1200,1600,1600,6571,0,120.0,151.86511357232922,34.12295800080756,1649.408625002252,61374.787094810534
1791645550,10,,Aggregated,4.800000,0.000000,120,150,180,200,270,330,490,650,1200,1600,1600,6574,0,120.0,151.8518614669564,34.12295800080756,1649.408625002252,61401.07636142379
1791645551,10,,Aggregated,4.800000,0.000000,120,150,180,200,270,330,490,650,1200,1600,1600,6581,0,120.0,151.79083358528578,34.12295800080756,1649.408625002252,61367.4488679532
1791645552,10,,Aggregated,4.700000,0.000000,120,150,180,200,270,330,490,650,1200,1600,1600,6587,0,120.0,151.7433198648512,34.12295800080756,1649.408625002252,61332.167602854104
1791645553,10,,Aggregated,4.600000,0.000000,120,150,180,200,270,330,490,650,1200,1600,1600,6590,0,120.0,151.727725669163,34.12295800080756,1649.408625002252,61319.0497723824
1791645554,10,,Aggregated,4.900000,0.000000,120,150,180,200,270,330,490,650,1200,1600,1600,6596,0,120.0,151.71949200800327,34.12295800080756,1649.408625002252,61366.955882352944
1791645555,10,,Aggregated,4.900000,0.000000,120,150,180,200,270,330,490,650,1200,1600,1600,6598,0,120.0,151.70460705165087,34.12295800080756,1649.408625002252,61351.384207335555
1791645556,10,,Aggregated,5.100000,0.000000,120,150,180,200,270,330,490,650,1200,1600,1600,6602,0,120.0,151.7004753347147,34.12295800080756,1649.408625002252,61353.368221750985
1791645557,10,,Aggregated,4.900000,0.000000,120,150,180,200,270,330,490,650,1200,1600,1600,6608,0,120.0,151.65169036150007,34.12295800080756,1649.408625002252,61355.43719733656
1791645558,10,,Aggregated,4.700000,0.000000,120,150,180,200,270,330,490,650,1200,1600,1600,6613,0,120.0,151.6444187450154,34.12295800080756,1649.408625002252,61320.57931347346
1791645559,10,,Aggregated,4.700000,0.000000,120,150,180,200,270,330,490,650,1200,1600,1600,6618,0,120.0,151.63928677361645,34.12295800080756,1649.408625002252,61363.9202175884
1791645560,10,,Aggregated,4.600000,0.000000,120,150,180,200,270,330,490,650,1200,1600,1600,6621,0,120.0,151.6288447981857,34.12295800080756,1649.408625002252,61344.54447968585
1791645561,10,,Aggregated,4.500000,0.000000,120,150,180,200,270,330,490,650,1200,1600,1600,6627,0,120.0,151.5950417472122,34.12295800080756,1649.408625002252,61325.83144711031
1791645562,10,,Aggregated,4.800000,0.000000,120,150,180,200,270,330,490,650,1200,1600,1600,6633,0,120.0,151.5764632695268,34.12295800080756,1649.408625002252,61298.499924619326
1791645563,10,,Aggregated,4.600000,0.000000,120,150,180,200,270,330,490,650,1200,1600,1600,6637,0,120.0,151.55395143239159,34.12295800080756,1649.408625002252,61273.24755160464
1791645564,10,,Aggregated,4.400000,0.000000,120,150,180,200,270,330,490,650,1200,1600,1600,6642,0,120.0,151.58111324868767,34.12295800080756,1649.408625002252,61328.62195121951
1791645565,10,,Aggregated,4.800000,0.000000,120,150,180,200,270,330,490,650,1200,1600,1600,6646,0,120.0,151.58433737538175,34.12295800080756,1649.408625002252,61295.66671682215
1791645566,10,,Aggregated,4.400000,0.000000,120,150,180,200,270,330,480,650,1200,1600,1600,6652,0,120.0,151.57738299681048,34.12295800080756,1649.408625002252,61314.78202044498
1791645567,10,,Aggregated,4.600000,0.000000,120,150,180,200,270,330,480,650,1200,1600,1600,6654,0,120.0,151.57159019428627,34.12295800080756,1649.408625002252,61301.97865945296
1791645568,10,,Aggregated,4.700000,0.000000,120,150,180,200,270,330,480,650,1200,1600,1600,6661,0,120.0,151.6180119896069,34.12295800080756,1649.408625002252,61322.22323975379
1791645569,10,,Aggregated,4.800000,0.000000,120,150,180,200,270,330,480,650,1200,1600,1600,6663,0,120.0,151.62294730043098,34.12295800080756,1649.408625002252,61331.82920606333
1791645570,10,,Aggregated,4.600000,0.000000,120,150,180,200,270,330,480,650,1200,1600,1600,6671,0,120.0,151.7334979743334,34.12295800080756,1649.408625002252,61403.98905711288
1791645571,10,,Aggregated,4.900000,0.000000,120,150,180,200,270,330,480,650,1200,1600,1600,6672,0,120.0,151.76274542667514,34.12295800080756,1649.408625002252,61417.16801558753
1791645572,10,,Aggregated,4.400000,0.000000,120,150,180,200,270,330,480,650,1200,1600,1600,6676,0,120.0,151.8001821180005,34.12295800080756,1649.408625002252,61400.70955662073
1791645573,10,,Aggregated,4.900000,0.000000,120,150,180,200,270,330,480,650,1200,1600,1600,6681,0,120.0,151.77979502615963,34.12295800080756,1649.408625002252,61370.715761113606
1791645574,10,,Aggregated,4.600000,0.000000,120,150,180,200,270,330,480,650,1200,1600,1600,6687,0,120.0,151.7465335770552,34.12295800080756,1649.408625002252,61336.353222670856
1791645575,10,,Aggregated,4.100000,0.000000,120,150,180,200,270,330,480,650,1200,1600,1600,6689,0,120.0,151.75698354713197,34.12295800080756,1649.408625002252,61403.28584242787
1791645576,10,,Aggregated,4.400000,0.000000,120,150,180,200,270,330,480,650,1200,1600,1600,6697,0,120.0,151.729170385662,34.12295800080756,1649.408625002252,61451.34761833657
1791645577,10,,Aggregated,4.600000,0.000000,120,150,180,200,270,330,480,650,1200,1600,1600,6699,0,120.0,151.7168021641704,34.12295800080756,1649.408625002252,61442.27183161666
1791645578,10,,Aggregated,4.600000,0.000000,120,150,180,200,270,330,480,640,1200,1600,1600,6707,0,120.0,151.67394023494623,34.12295800080756,1649.408625002252,61402.49709258983
1791645579,10,,Aggregated,4.400000,0.000000,120,150,180,200,270,330,480,640,1200,1600,1600,6709,0,120.0,151.67433315155446,34.12295800080756,1649.408625002252,61414.33939484275
1791645580,10,,Aggregated,4.500000,0.000000,120,150,180,200,270,330,480,640,1200,1600,1600,6715,0,120.0,151.62728262394373,34.12295800080756,1649.408625002252,61414.943261355176
1791645581,10,,Aggregated,4.500000,0.000000,120,150,180,200,270,330,480,640,1200,1600,1600,6719,0,120.0,151.65149933469124,34.12295800080756,1649.408625002252,61384.00892990028
1791645582,10,,Aggregated,4.600000,0.000000,120,150,180,200,270,330,480,640,1200,1600,1600,6724,0,120.0,151.68239096710266,34.12295800080756,1649.408625002252,61448.06751933373
1791645583,10,,Aggregated,4.400000,0.000000,120,150,180,200,270,330,480,640,1200,1600,1600,6727,0,120.0,151.67430836997227,34.12295800080756,1649.408625002252,61473.62628214657
1791645584,10,,Aggregated,4.700000,0.000000,120,150,180,200,270,330,480,640,1200,1600,1600,6733,0,120.0,151.68642951207465,34.12295800080756,1649.408625002252,61459.80677261251
1791645585,10,,Aggregated,4.800000,0.000000,120,150,180,200,270,330,480,640,1200,1600,1600,6737,0,120.0,151.79909711738222,34.12295800080756,1649.408625002252,61425.697343031025
1791645586,10,,Aggregated,4.600000,0.000000,120,150,180,200,270,330,480,640,1200,1600,1600,6741,0,120.0,151.75616063192328,34.12295800080756,1649.408625002252,61407.04494882065
1791645587,10,,Aggregated,4.500000,0.000000,120,150,180,200,270,330,480,640,1200,1600,1600,6746,0,120.0,151.7455539497181,34.12295800080756,1649.408625002252,61430.66913726653
1791645588,10,,Aggregated,4.500000,0.000000,120,150,180,200,270,330,480,640,1200,1600,1600,6750,0,120.0,151.7393675411555,34.12295800080756,1649.408625002252,61425.357037037036
1791645589,10,,Aggregated,4.400000,0.000000,120,150,180,200,270,330,480,640,1200,1600,1600,6754,0,120.0,151.70572100915112,34.12295800080756,1649.408625002252,61400.5821735268
1791645590,10,,Aggregated,4.700000,0.000000,120,150,180,200,270,330,480,640,1200,1600,1600,6756,0,120.0,151.79834412430557,34.12295800080756,1649.408625002252,61417.36811722913
1791645591,10,,Aggregated,4.300000,0.000000,120,150,180,200,270,330,480,640,1200,1600,1600,6763,0,120.0,151.78185878837883,34.12295800080756,1649.408625002252,61381.68091083838
1791645592,10,,Aggregated,4.500000,0.000000,120,150,180,200,270,330,480,640,1200,1600,1600,6766,0,120.0,151.76550709204952,34.12295800080756,1649.408625002252,61399.236180904525
1791645594,10,,Aggregated,4.100000,0.000000,120,150,180,200,270,330,480,640,1200,1600,1600,6774,0,120.0,151.76030310537382,34.12295800080756,1649.408625002252,61447.81473280189
1791645595,10,,Aggregated,4.300000,0.000000,120,150,180,200,270,330,480,640,1200,1600,1600,6775,0,120.0,151.78175995480458,34.12295800080756,1649.408625002252,61445.790258302586
1791645596,10,,Aggregated,4.300000,0.000000,120,150,180,200,270,330,480,640,1200,1600,1600,6781,0,120.0,151.73689530597107,34.12295800080756,1649.408625002252,61429.54564223566
1791645597,10,,Aggregated,4.700000,0.000000,120,150,180,200,270,330,480,640,1200,1600,1600,6786,0,120.0,151.73647197462182,34.12295800080756,1649.408625002252,61465.52814618332
1791645598,10,,Aggregated,4.200000,0.000000,120,150,180,200,270,330,480,640,1200,1600,1600,6789,0,120.0,151.7052926591229,34.12295800080756,1649.408625002252,61443.28236853734
1791645599,10,,Aggregated,4.400000,0.000000,120,150,180,200,270,330,480,640,1200,1600,1600,6795,0,120.0,151.66809806045498,34.12295800080756,1649.408625002252,61449.899632082415
1791645600,10,,Aggregated,4.500000,0.000000,120,150,180,200,270,330,480,640,1200,1600,1600,6799,0,120.0,151.65463849269008,34.12295800080756,1649.408625002252,61428.92587145168
1791645601,10,,Aggregated,4.300000,0.000000,120,150,180,200,270,330,480,640,1200,1600,1600,6803,0,120.0,151.65237532277,34.12295800080756,1649.408625002252,61451.76848449214
1791645602,10,,Aggregated,4.500000,0.000000,120,150,180,200,270,330,480,640,1200,1600,1600,6808,0,120.0,151.6209786569925,34.12295800080756,1649.408625002252,61428.18625146886
1791645603,10,,Aggregated,4.500000,0.000000,120,150,180,200,270,330,480,640,1200,1600,1600,6814,0,120.0,151.65347080566482,34.12295800080756,1649.408625002252,61482.27883768712
1791645604,10,,Aggregated,4.700000,0.000000,120,150,180,200,270,330,480,640,1200,1600,1600,6819,0,120.0,151.6468521087851,34.12295800080756,1649.408625002252,61535.11379967737
1791645605,10,,Aggregated,4.500000,0.000000,120,150,180,200,270,330,480,640,1200,1600,1600,6822,0,120.0,151.61696909950285,34.12295800080756,1649.408625002252,61519.32571093521
1791645606,10,,Aggregated,4.500000,0.000000,120,150,180,200,270,330,480,640,1200,1600,1600,6828,0,120.0,151.6084396522839,34.12295800080756,1649.408625002252,61487.11687170475
1791645607,10,,Aggregated,4.700000,0.000000,120,150,180,200,270,330,480,640,1200,1600,1600,6834,0,120.0,151.63841748782417,34.12295800080756,1649.408625002252,61453.817968978634
1791645608,10,,Aggregated,4.600000,0.000000,120,150,180,200,270,330,480,640,1200,1600,1600,6839,0,120.0,151.62389848483596,34.12295800080756,1649.408625002252,61497.124287176484
1791645609,10,,Aggregated,4.600000,0.000000,120,150,180,200,270,330,480,640,1200,1600,1600,6841,0,120.0,151.64580602072684,34.12295800080756,1649.408625002252,61584.757053062414
1791645610,10,,Aggregated,4.500000,0.000000,120,150,180,200,270,330,480,640,1200,1600,1600,6845,0,120.0,151.6418458467193,34.12295800080756,1649.408625002252,61614.16742147553
1791645611,10,,Aggregated,4.900000,0.000000,120,150,180,200,270,330,480,640,1200,1600,1600,6852,0,120.0,151.62836122457455,34.12295800080756,1649.408625002252,61575.16214244016
1791645612,10,,Aggregated,4.600000,0.000000,120,150,180,200,270,330,480,640,1200,1600,1600,6856,0,120.0,151.6185580675004,34.12295800080756,1649.408625002252,61624.70974329055
1791645613,10,,Aggregated,4.900000,0.000000,120,150,180,200,270,330,480,640,1200,1600,1600,6863,0,120.0,151.64710152655994,34.12295800080756,1649.408625002252,61621.398076642865
1791645614,10,,Aggregated,4.900000,0.000000,120,150,180,200,270,330,480,640,1200,1600,1600,6866,0,120.0,151.6220994067552,34.12295800080756,1649.408625002252,61608.44858724148
1791645615,10,,Aggregated,4.800000,0.000000,120,150,180,200,270,330,480,640,1200,1600,1600,6870,0,120.0,151.62373136605234,34.12295800080756,1649.408625002252,61610.94192139738
1791645616,10,,Aggregated,4.800000,0.000000,120,150,180,200,270,330,480,640,1200,1600,1600,6875,0,120.0,151.5993669916782,34.12295800080756,1649.408625002252,61633.34516363636
1791645617,10,,Aggregated,4.700000,0.000000,120,150,180,200,270,330,480,640,1200,1600,1600,6879,0,120.0,151.63280461444648,34.12295800080756,1649.408625002252,61617.24712894316
1791645618,10,,Aggregated,4.800000,0.000000,120,150,180,200,270,330,480,640,1200,1600,1600,6886,0,120.0,151.58600952175155,34.12295800080756,1649.408625002252,61576.12256752832
1791645619,10,,Aggregated,4.800000,0.000000,120,150,180,200,270,330,480,640,1200,1600,1600,6892,0,120.0,151.55242116218608,34.12295800080756,1649.408625002252,61547.462710388856
1791645620,10,,Aggregated,4.600000,0.000000,120,150,180,200,270,330,480,640,1200,1600,1600,6895,0,120.0,151.51926337690915,34.12295800080756,1649.408625002252,61534.46004350979
1791645621,10,,Aggregated,5.000000,0.000000,120,150,180,200,270,330,480,640,1200,1600,1600,6900,0,120.0,151.49738343373622,34.12295800080756,1649.408625002252,61497.14347826087
1791645622,10,,Aggregated,4.900000,0.000000,120,150,180,200,270,330,480,640,1200,1600,1600,6904,0,120.0,151.545698777344,34.12295800080756,1649.408625002252,61551.454519119354
1791645623,10,,Aggregated,4.900000,0.000000,120,150,180,200,270,330,480,640,1200,1600,1600,6910,0,120.0,151.5010919294916,34.12295800080756,1649.408625002252,61532.07988422576
1791645624,10,,Aggregated,4.700000,0.000000,120,150,180,200,270,330,480,640,1200,1600,1600,6915,0,120.0,151.44978441529912,34.12295800080756,1649.408625002252,61499.4590021692
1791645625,10,,Aggregated,4.800000,0.000000,120,150,180,200,270,330,480,640,1200,1600,1600,6917,0,120.0,151.53262842486578,34.12295800080756,1649.408625002252,61484.58695966459
1791645626,10,,Aggregated,4.800000,0.000000,120,150,180,200,270,330,480,640,1200,1600,1600,6923,0,120.0,151.5636829380029,34.12295800080756,1649.408625002252,61463.18879098657
1791645627,10,,Aggregated,4.500000,0.000000,120,150,180,200,270,330,480,640,1200,1600,1600,6927,0,120.0,151.59952505612716,34.12295800080756,1649.408625002252,61467.69741590876
1791645628,10,,Aggregated,4.800000,0.000000,120,150,180,200,270,330,480,640,1200,1600,1600,6933,0,120.0,151.61682702607627,34.12295800080756,1649.408625002252,61429.60781768354
1791645629,10,,Aggregated,4.700000,0.000000,120,150,180,200,270,330,480,640,1200,1600,1600,6937,0,120.0,151.5844971382116,34.12295800080756,1649.408625002252,61397.69871702465
1791645630,10,,Aggregated,4.800000,0.000000,120,150,180,200,270,330,480,640,1200,1600,1600,6940,0,120.0,151.63313379290645,34.12295800080756,1649.408625002252,61380.246974063404
1791645631,10,,Aggregated,4.300000,0.000000,120,150,180,200,270,330,490,640,1200,1600,1600,6946,0,120.0,151.8731151593382,34.12295800080756,1649.408625002252,61462.341491505904
1791645632,10,,Aggregated,4.300000,0.000000,120,150,180,200,270,330,490,640,1200,1600,1600,6948,0,120.0,151.8692331037367,34.12295800080756,1649.408625002252,61456.61413356361
1791645633,10,,Aggregated,4.500000,0.000000,120,150,180,200,270,330,480,640,1200,1600,1600,6954,0,120.0,151.83162118029375,34.12295800080756,1649.408625002252,61469.81564567156
1791645634,10,,Aggregated,4.500000,0.000000,120,150,180,200,270,330,480,640,1200,1600,1600,6958,0,120.0,151.81584697179792,34.12295800080756,1649.408625002252,61520.58551307847
1791645635,10,,Aggregated,4.300000,0.000000,120,150,180,200,270,330,480,640,1200,1600,1600,6961,0,120.0,151.80638880013873,34.12295800080756,1649.408625002252,61524.45553799741
1791645636,10,,Aggregated,4.300000,0.000000,120,150,180,200,270,330,480,640,1200,1600,1600,6969,0,120.0,151.80220004387675,34.12295800080756,1649.408625002252,61548.03917348257
1791645637,10,,Aggregated,4.400000,0.000000,120,150,180,200,270,330,480,640,1200,1600,1600,6971,0,120.0,151.8058443405222,34.12295800080756,1649.408625002252,61537.76660450437
1791645638,10,,Aggregated,4.500000,0.000000,120,150,180,200,270,330,480,640,1200,1600,1600,6977,0,120.0,151.75086228877458,34.12295800080756,1649.408625002252,61524.03325211409
1791645639,10,,Aggregated,4.300000,0.000000,120,150,180,200,270,330,480,640,1200,1600,1600,6982,0,120.0,151.7144264690322,34.12295800080756,1649.408625002252,61483.18261243197
1791645640,10,,Aggregated,4.300000,0.000000,120,150,180,200,270,330,480,640,1200,1600,1600,6986,0,120.0,151.67507871454038,34.12295800080756,1649.408625002252,61463.956484397364
1791645641,10,,Aggregated,4.700000,0.000000,120,150,180,200,270,330,480,640,1200,1600,1600,6993,0,120.0,151.62775936404518,34.12295800080756,1649.408625002252,61431.214357214354
1791645642,10,,Aggregated,4.800000,0.000000,120,150,180,200,270,330,480,640,1200,1600,1600,6996,0,120.0,151.6265230642898,34.12295800080756,1649.408625002252,61456.99385363064
1791645643,10,,Aggregated,4.500000,0.000000,120,150,180,200,270,330,480,640,1200,1600,1600,7001,0,120.0,151.62745053446392,34.12295800080756,1649.408625002252,61417.32709612913
1791645644,10,,Aggregated,4.700000,0.000000,120,150,180,200,270,330,480,640,1200,1600,1600,7007,0,120.0,151.63106157867435,34.12295800080756,1649.408625002252,61483.453546453544
1791645645,10,,Aggregated,4.700000,0.000000,120,150,180,200,270,330,480,640,1200,1600,1600,7010,0,120.0,151.61190326059497,34.12295800080756,1649.408625002252,61494.49629101284
1791645646,10,,Aggregated,4.700000,0.000000,120,150,180,200,270,330,480,640,1200,1600,1600,7015,0,120.0,151.60109818585445,34.12295800080756,1649.408625002252,61506.09550962224
1791645647,10,,Aggregated,4.900000,0.000000,120,150,180,200,270,330,480,640,1200,1600,1600,7018,0,120.0,151.5732502231072,34.12295800080756,1649.408625002252,61486.03277286977
1791645648,10,,Aggregated,4.500000,0.000000,120,150,180,200,270,330,480,640,1200,1600,1600,7021,0,120.0,151.57447314367857,34.12295800080756,1649.408625002252,61463.14228742344
1791645649,10,,Aggregated,4.700000,0.000000,120,150,180,200,270,330,480,640,1200,1600,1600,7028,0,120.0,151.60660588940632,34.12295800080756,1649.408625002252,61459.72125782584
1791645650,10,,Aggregated,4.700000,0.000000,120,150,180,200,270,330,480,640,1200,1600,1600,7030,0,120.0,151.58327537080268,34.12295800080756,1649.408625002252,61448.96614509246
1791645651,10,,Aggregated,4.500000,0.000000,120,150,180,200,270,330,480,640,1200,1600,1600,7035,0,120.0,151.5804902900833,34.12295800080756,1649.408625002252,61531.74371002132
1791645652,10,,Aggregated,4.500000,0.000000,120,150,180,200,270,330,480,640,1200,1600,1600,7039,0,120.0,151.55470259479134,34.12295800080756,1649.408625002252,61536.11265804802
1791645653,10,,Aggregated,4.500000,0.000000,120,150,180,200,270,330,480,640,1200,1600,1600,7046,0,120.0,151.48794161307546,34.12295800080756,1649.408625002252,61497.324723247235
1791645654,10,,Aggregated,4.500000,0.000000,120,150,180,200,270,330,480,640,1200,1600,1600,7048,0,120.0,151.48845602493378,34.12295800080756,1649.408625002252,61482.476589103295
1791645655,10,,Aggregated,4.400000,0.000000,120,150,180,200,270,330,480,640,1200,1600,1600,7052,0,120.0,151.48862633263437,34.12295800080756,1649.408625002252,61454.3956324447
1791645656,10,,Aggregated,4.400000,0.000000,120,150,180,200,270,330,480,640,1200,1600,1600,7058,0,120.0,151.45145910409977,34.12295800080756,1649.408625002252,61487.007509209405
1791645657,10,,Aggregated,4.400000,0.000000,120,150,180,200,270,330,480,640,1200,1600,1600,7060,0,120.0,151.4560095760244,34.12295800080756,1649.408625002252,61472.365864022664
1791645658,10,,Aggregated,4.200000,0.000000,120,150,180,200,270,330,480,640,1200,1600,1600,7065,0,120.0,151.43084392890927,34.12295800080756,1649.408625002252,61453.95272469922
1791645659,10,,Aggregated,4.400000,0.000000,120,150,180,200,270,330,480,640,1200,1600,1600,7071,0,120.0,151.45749130571943,34.12295800080756,1649.408625002252,61493.97369537548
1791645660,10,,Aggregated,4.400000,0.000000,120,150,180,200,270,330,480,640,1200,1600,1600,7076,0,120.0,151.45432952667386,34.12295800080756,1649.408625002252,61514.35528547202
1791645661,10,,Aggregated,4.400000,0.000000,120,150,180,200,270,330,480,640,1200,1600,1600,7078,0,120.0,151.44438064859222,34.12295800080756,1649.408625002252,61508.729867194124
1791645662,10,,Aggregated,4.400000,0.000000,120,150,180,200,270,330,480,640,1200,1600,1600,7085,0,120.0,151.3957113006002,34.12295800080756,1649.408625002252,61477.91700776288
1791645663,10,,Aggregated,4.400000,0.000000,120,150,180,200,270,330,480,640,1200,1600,1600,7090,0,120.0,151.39965445201122,34.12295800080756,1649.408625002252,61458.71071932299
1791645664,10,,Aggregated,4.200000,0.000000,120,150,180,200,270,330,480,640,1200,1600,1600,7094,0,120.0,151.39557743385433,34.12295800080756,1649.408625002252,61427.96447702283
1791645665,10,,Aggregated,4.600000,0.000000,120,150,180,200,270,330,480,630,1200,1600,1600,7101,0,120.0,151.37001317064767,34.12295800080756,1649.408625002252,61431.69694409238
1791645666,10,,Aggregated,4.400000,0.000000,120,150,180,200,270,330,480,630,1200,1600,1600,7104,0,120.0,151.36242889903824,34.12295800080756,1649.408625002252,61432.716497747744
1791645667,10,,Aggregated,4.400000,0.000000,120,150,180,200,270,330,480,630,1200,1600,1600,7109,0,120.0,151.3874033243459,34.12295800080756,1649.408625002252,61419.04642003094
1791645668,10,,Aggregated,4.800000,0.000000,120,150,180,200,270,330,480,630,1200,1600,1600,7113,0,120.0,151.39823948288753,34.12295800080756,1649.408625002252,61402.044003936455
1791645669,10,,Aggregated,4.700000,0.000000,120,150,180,200,270,330,480,630,1200,1600,1600,7119,0,120.0,151.37406299814396,34.12295800080756,1649.408625002252,61412.66919511167
1791645670,10,,Aggregated,4.700000,0.000000,120,150,180,200,270,330,480,630,1200,1600,1600,7125,0,120.0,151.35688728431973,34.12295800080756,1649.408625002252,61480.81319298246
1791645671,10,,Aggregated,4.900000,0.000000,120,150,180,200,270,330,480,630,1200,1600,1600,7128,0,120.0,151.45797384508643,34.12295800080756,1649.408625002252,61529.619668911335
1791645672,10,,Aggregated,4.600000,0.000000,120,150,180,200,270,330,480,630,1200,1600,1600,7131,0,120.0,151.45001965387368,34.12295800080756,1649.408625002252,61514.50063104754
1791645673,10,,Aggregated,4.800000,0.000000,120,150,180,200,270,330,480,630,1200,1600,1600,7139,0,120.0,151.41964751488442,34.12295800080756,1649.408625002252,61480.46140916095
1791645674,10,,Aggregated,4.800000,0.000000,120,150,180,200,270,330,480,630,1200,1600,1600,7141,0,120.0,151.40932129964415,34.12295800080756,1649.408625002252,61476.60929841759
1791645675,10,,Aggregated,4.900000,0.000000,120,150,180,200,270,330,480,630,1200,1600,1600,7145,0,120.0,151.41865129233886,34.12295800080756,1649.408625002252,61469.548075577324
1791645676,10,,Aggregated,4.800000,0.000000,120,150,180,200,270,330,480,630,1200,1600,1600,7153,0,120.0,151.48564475042141,34.12295800080756,1649.408625002252,61581.12134768628
1791645677,10,,Aggregated,4.700000,0.000000,120,150,180,200,270,330,480,630,1200,1600,1600,7156,0,120.0,151.4503864855739,34.12295800080756,1649.408625002252,61568.71534376747
1791645678,10,,Aggregated,4.500000,0.000000,120,150,180,200,270,330,480,630,1200,1600,1600,7161,0,120.0,151.44166128805685,34.12295800080756,1649.408625002252,61542.536098310295
1791645679,10,,Aggregated,4.500000,0.000000,120,150,180,200,270,330,480,630,1200,1600,1600,7163,0,120.0,151.42036162456733,34.12295800080756,1649.408625002252,61538.50286192936
1791645680,10,,Aggregated,4.600000,0.000000,120,150,180,200,270,330,480,630,1200,1600,1600,7169,0,120.0,151.39912498587995,34.12295800080756,1649.408625002252,61521.844329753105
1791645681,10,,Aggregated,4.500000,0.000000,120,150,180,200,270,330,480,630,1200,1600,1600,7174,0,120.0,151.37813276300156,34.12295800080756,1649.408625002252,61521.443267354334
1791645682,10,,Aggregated,4.500000,0.000000,120,150,180,200,270,330,480,630,1200,1600,1600,7178,0,120.0,151.3842119123392,34.12295800080756,1649.408625002252,61510.64683755921
1791645683,10,,Aggregated,4.500000,0.000000,120,150,180,200,270,330,480,630,1200,1600,1600,7184,0,120.0,151.4053721497439,34.12295800080756,1649.408625002252,61533.94557349666
1791645684,10,,Aggregated,4.800000,0.000000,120,150,180,200,270,330,480,630,1200,1600,1600,7187,0,120.0,151.4270403422522,34.12295800080756,1649.408625002252,61511.30221232781
1791645685,10,,Aggregated,4.500000,0.000000,120,150,180,200,270,330,480,630,1200,1600,1600,7193,0,120.0,151.4015583352951,34.12295800080756,1649.408625002252,61492.6592520506
1791645686,10,,Aggregated,4.400000,0.000000,120,150,180,200,270,330,480,630,1200,1600,1600,7197,0,120.0,151.4014519795437,34.12295800080756,1649.408625002252,61538.93247186328
1791645687,10,,Aggregated,4.700000,0.000000,120,150,180,200,270,330,480,620,1200,1600,1600,7202,0,120.0,151.40979684778992,34.12295800080756,1649.408625002252,61513.84587614552
1791645688,10,,Aggregated,4.700000,0.000000,120,150,180,200,270,330,480,620,1200,1600,1600,7207,0,120.0,151.39054648574702,34.12295800080756,1649.408625002252,61486.13278756764
1791645689,10,,Aggregated,4.600000,0.000000,120,150,180,200,270,330,480,620,1200,1600,1600,7211,0,120.0,151.39320029881702,34.12295800080756,1649.408625002252,61491.02967688254
1791645690,10,,Aggregated,4.700000,0.000000,120,150,180,200,270,330,480,620,1200,1600,1600,7215,0,120.0,151.40212239248348,34.12295800080756,1649.408625002252,61475.87054747055
1791645691,10,,Aggregated,4.500000,0.000000,120,150,180,200,270,330,480,620,1200,1600,1600,7220,0,120.0,151.40756482254443,34.12295800080756,1649.408625002252,61475.52950138504
1791645692,10,,Aggregated,4.900000,0.000000,120,150,180,200,270,330,480,620,1200,1600,1600,7226,0,120.0,151.389107992357,34.12295800080756,1649.408625002252,61451.36327151951
1791645693,10,,Aggregated,4.700000,0.000000,120,150,180,200,270,330,480,620,1200,1600,1600,7231,0,120.0,151.3918034821965,34.12295800080756,1649.408625002252,61428.11229428848
1791645694,10,,Aggregated,4.500000,0.000000,120,150,180,200,270,330,480,620,1200,1600,1600,7235,0,120.0,151.3733680693522,34.12295800080756,1649.408625002252,61427.84326192122
1791645695,10,,Aggregated,4.600000,0.000000,120,150,180,200,270,330,480,620,1200,1600,1600,7242,0,120.0,151.3318152994684,34.12295800080756,1649.408625002252,61425.513670256834
1791645696,10,,Aggregated,4.900000,0.000000,120,150,180,200,270,330,480,620,1200,1600,1600,7246,0,120.0,151.3116794529045,34.12295800080756,1649.408625002252,61478.551200662434
1791645697,10,,Aggregated,4.900000,0.000000,120,150,180,200,270,330,480,620,1200,1600,1600,7250,0,120.0,151.28162753775848,34.12295800080756,1649.408625002252,61480.763310344824
1791645698,10,,Aggregated,4.800000,0.000000,120,150,180,200,270,330,470,620,1200,1600,1600,7256,0,120.0,151.27515866507085,34.12295800080756,1649.408625002252,61476.826626240356
1791645699,10,,Aggregated,5.000000,0.000000,120,150,180,200,270,330,470,620,1200,1600,1600,7260,0,120.0,151.26481497696398,34.12295800080756,1649.408625002252,61465.66129476584
1791645700,10,,Aggregated,5.000000,0.000000,120,150,180,200,270,330,470,620,1200,1600,1600,7265,0,120.0,151.25626459955387,34.12295800080756,1649.408625002252,61489.34150034412
1791645701,10,,Aggregated,4.800000,0.000000,120,150,180,200,270,330,470,620,1200,1600,1600,7269,0,120.0,151.2270498267663,34.12295800080756,1649.408625002252,61471.090383821705
1791645702,10,,Aggregated,4.900000,0.000000,120,150,180,200,270,330,470,620,1200,1600,1600,7276,0,120.0,151.20702837283554,34.12295800080756,1649.408625002252,61448.68238042881
1791645703,10,,Aggregated,5.000000,0.000000,120,150,180,200,270,330,470,620,1200,1600,1600,7277,0,120.0,151.19609330531145,34.12295800080756,1649.408625002252,61446.63817507215
1791645704,10,,Aggregated,4.700000,0.000000,120,150,180,200,270,330,470,620,1200,1600,1600,7281,0,120.0,151.23242546583646,34.12295800080756,1649.408625002252,61486.09902485922
1791645705,10,,Aggregated,4.900000,0.000000,120,150,180,200,270,330,470,620,1200,1600,1600,7287,0,120.0,151.24069676928175,34.12295800080756,1649.408625002252,61594.53588582407
1791645706,10,,Aggregated,4.600000,0.000000,120,150,180,200,270,330,470,620,1200,1600,1600,7289,0,120.0,151.24883278786658,34.12295800080756,1649.408625002252,61610.102483193856
1791645707,10,,Aggregated,4.300000,0.000000,120,150,180,200,270,330,470,620,1200,1600,1600,7296,0,120.0,151.2041606906205,34.12295800080756,1649.408625002252,61585.6132127193
1791645708,10,,Aggregated,4.400000,0.000000,120,150,180,200,270,330,470,620,1200,1600,1600,7302,0,120.0,151.20691007926294,34.12295800080756,1649.408625002252,61548.54971240756
1791645709,10,,Aggregated,4.300000,0.000000,120,150,180,200,270,330,470,620,1200,1600,1600,7305,0,120.0,151.20500960859326,34.12295800080756,1649.408625002252,61603.18193018481
1791645710,10,,Aggregated,4.400000,0.000000,120,150,180,200,270,330,470,620,1200,1600,1600,7308,0,120.0,151.18263116088895,34.12295800080756,1649.408625002252,61589.66187739464
1791645711,10,,Aggregated,4.600000,0.000000,120,150,180,200,270,330,470,620,1200,1600,1600,7316,0,120.0,151.16994874012823,34.12295800080756,1649.408625002252,61564.29305631493
1791645712,10,,Aggregated,4.300000,0.000000,120,150,180,200,270,330,470,620,1200,1600,1600,7319,0,120.0,151.1779857026615,34.12295800080756,1649.408625002252,61621.91446918978
1791645713,10,,Aggregated,4.200000,0.000000,120,150,180,200,270,330,470,620,1200,1600,1600,7325,0,120.0,151.12862724461155,34.12295800080756,1649.408625002252,61593.406416382255
1791645714,10,,Aggregated,4.700000,0.000000,120,150,180,200,270,330,470,620,1200,1600,1600,7330,0,120.0,151.10871865958734,34.12295800080756,1649.408625002252,61612.33315143247
1791645715,10,,Aggregated,4.400000,0.000000,120,150,180,200,270,330,470,620,1200,1600,1600,7333,0,120.0,151.10337017929595,34.12295800080756,1649.408625002252,61600.48806763944
1791645716,10,,Aggregated,4.700000,0.000000,120,150,180,200,270,330,470,620,1200,1600,1600,7338,0,120.0,151.09426422727964,34.12295800080756,1649.408625002252,61568.215998909785
1791645717,10,,Aggregated,4.800000,0.000000,120,150,180,200,270,330,470,620,1200,1600,1600,7343,0,120.0,151.07766754402502,34.12295800080756,1649.408625002252,61543.541876617186
1791645718,10,,Aggregated,4.700000,0.000000,120,150,180,200,270,330,470,620,1200,1600,1600,7347,0,120.0,151.04851709089175,34.12295800080756,1649.408625002252,61525.2029399755
1791645719,10,,Aggregated,4.600000,0.000000,120,150,180,200,270,330,470,620,1200,1600,1600,7351,0,120.0,151.03954143188378,34.12295800080756,1649.408625002252,61516.78234253843
1791645720,10,,Aggregated,4.600000,0.000000,120,150,180,200,270,330,470,620,1200,1600,1600,7357,0,120.0,151.01402918754684,34.12295800080756,1649.408625002252,61485.93013456572
1791645721,10,,Aggregated,4.500000,0.000000,120,150,180,200,270,330,470,620,1200,1600,1600,7361,0,120.0,151.00644984034506,34.12295800080756,1649.408625002252,61492.921478060045
1791645722,10,,Aggregated,4.800000,0.000000,120,150,180,200,270,330,470,620,1200,1600,1600,7366,0,120.0,151.06019543412657,34.12295800080756,1649.408625002252,61561.20187347271
1791645723,10,,Aggregated,4.900000,0.000000,120,150,180,200,270,330,470,620,1200,1600,1600,7370,0,120.0,151.04246691910026,34.12295800080756,1649.408625002252,61537.05739484396
1791645724,10,,Aggregated,4.800000,0.000000,120,150,180,200,270,330,470,620,1200,1600,1600,7375,0,120.0,151.0790746985464,34.12295800080756,1649.408625002252,61589.8980338983
1791645725,10,,Aggregated,4.800000,0.000000,120,150,180,200,270,330,470,620,1200,1600,1600,7378,0,120.0,151.04925499590354,34.12295800080756,1649.408625002252,61573.22621306587
1791645726,10,,Aggregated,4.500000,0.000000,120,150,180,200,270,330,470,620,1200,1600,1600,7384,0,120.0,151.09771367521472,34.12295800080756,1649.408625002252,61543.4823943662
1791645727,10,,Aggregated,4.600000,0.000000,120,150,180,200,270,330,470,620,1200,1600,1600,7389,0,120.0,151.11371434832506,34.12295800080756,1649.408625002252,61529.31844633915
1791645728,10,,Aggregated,4.600000,0.000000,120,150,180,200,270,330,470,620,1200,1600,1600,7393,0,120.0,151.1489181299566,34.12295800080756,1649.408625002252,61508.22845935344
1791645729,10,,Aggregated,4.600000,0.000000,120,150,180,200,270,330,470,620,1200,1600,1600,7396,0,120.0,151.15199470210476,34.12295800080756,1649.408625002252,61486.61722552731
1791645730,10,,Aggregated,4.700000,0.000000,120,150,180,200,270,330,470,620,1200,1600,1600,7403,0,120.0,151.10295349625224,34.12295800080756,1649.408625002252,61503.72511144131
1791645731,10,,Aggregated,4.700000,0.000000,120,150,180,200,270,330,470,620,1200,1600,1600,7406,0,120.0,151.0980209942961,34.12295800080756,1649.408625002252,61487.57291385363
1791645732,10,,Aggregated,4.200000,0.000000,120,150,180,200,270,330,470,620,1200,1600,1600,7409,0,120.0,151.0732834480711,34.12295800080756,1649.408625002252,61495.50627615063
1791645733,10,,Aggregated,4.400000,0.000000,120,150,180,200,270,330,470,620,1200,1600,1600,7415,0,120.0,151.10095961776943,34.12295800080756,1649.408625002252,61476.487390424816
1791645734,10,,Aggregated,4.200000,0.000000,120,150,180,200,270,330,470,620,1200,1600,1600,7419,0,120.0,151.10389248655758,34.12295800080756,1649.408625002252,61471.19962259065
1791645735,10,,Aggregated,4.200000,0.000000,120,150,180,200,270,330,470,620,1200,1600,1600,7425,0,120.0,151.07883688293285,34.12295800080756,1649.408625002252,61469.887811447814
1791645736,10,,Aggregated,4.600000,0.000000,120,150,180,200,270,330,470,620,1200,1600,1600,7431,0,120.0,151.0827929256851,34.12295800080756,1649.408625002252,61461.535594132685
1791645737,10,,Aggregated,4.400000,0.000000,120,150,180,200,270,330,470,620,1200,1600,1600,7433,0,120.0,151.0878934119149,34.12295800080756,1649.408625002252,61451.875824027986
1791645738,10,,Aggregated,4.600000,0.000000,120,150,180,200,270,330,470,620,1200,1600,1600,7441,0,120.0,151.03370854357794,34.12295800080756,1649.408625002252,61435.060878914126
1791645739,10,,Aggregated,4.700000,0.000000,120,150,180,200,270,330,470,620,1200,1600,1600,7444,0,120.0,151.0025745487316,34.12295800080756,1649.408625002252,61413.57804943579
1791645740,10,,Aggregated,4.200000,0.000000,120,150,180,200,270,330,470,620,1200,1600,1600,7446,0,120.0,150.98758601138346,34.12295800080756,1649.408625002252,61399.12637657803
1791645741,10,,Aggregated,4.700000,0.000000,120,150,180,200,270,330,470,620,1200,1600,1600,7453,0,120.0,150.96786168653415,34.12295800080756,1649.408625002252,61349.70803703207
1791645742,10,,Aggregated,4.800000,0.000000,120,150,180,200,270,330,470,620,1200,1600,1600,7457,0,120.0,150.97572714452772,34.12295800080756,1649.408625002252,61333.35617540566
1791645743,10,,Aggregated,4.400000,0.000000,120,150,180,200,270,330,470,620,1200,1600,1600,7460,0,120.0,150.97045362825085,34.12295800080756,1649.408625002252,61356.15455764075
1791645744,10,,Aggregated,4.700000,0.000000,120,150,180,200,270,330,470,620,1200,1600,1600,7466,0,120.0,150.965346100288,34.12295800080756,1649.408625002252,61354.941601928746
1791645745,10,,Aggregated,4.700000,0.000000,120,150,180,200,270,330,470,620,1200,1600,1600,7470,0,120.0,150.9495201116128,34.12295800080756,1649.408625002252,61389.0609103079
1791645746,10,,Aggregated,4.300000,0.000000,120,150,180,200,270,330,470,620,1200,1600,1600,7478,0,120.0,150.9320445506497,34.12295800080756,1649.408625002252,61466.53623963627
1791645747,10,,Aggregated,4.600000,0.000000,120,150,180,200,270,330,470,620,1200,1600,1600,7480,0,120.0,150.921643575101,34.12295800080756,1649.408625002252,61456.933155080216
1791645748,10,,Aggregated,4.400000,0.000000,120,150,180,200,270,330,470,620,1200,1600,1600,7489,0,120.0,150.88204373424608,34.12295800080756,1649.408625002252,61517.2164507945
1791645749,10,,Aggregated,4.700000,0.000000,120,150,180,200,270,330,470,620,1200,1600,1600,7493,0,120.0,150.8498601116723,34.12295800080756,1649.408625002252,61496.55918857601
1791645750,10,,Aggregated,4.700000,0.000000,120,150,180,200,270,330,470,620,1200,1600,1600,7496,0,120.0,150.84978339337883,34.12295800080756,1649.408625002252,61479.43743329776
1791645751,10,,Aggregated,4.800000,0.000000,120,150,180,200,270,330,470,620,1200,1600,1600,7502,0,120.0,150.85068081628404,34.12295800080756,1649.408625002252,61438.929485470544
1791645753,10,,Aggregated,5.000000,0.000000,120,150,180,200,270,330,470,620,1200,1600,1600,7507,0,120.0,150.82726728157164,34.12295800080756,1649.408625002252,61465.859064872784
1791645754,10,,Aggregated,4.900000,0.000000,120,150,180,200,270,330,470,620,1200,1600,1600,7513,0,120.0,150.79565445757444,34.12295800080756,1649.408625002252,61446.32596832157
1791645755,10,,Aggregated,4.900000,0.000000,120,150,180,200,270,330,470,620,1200,1600,1600,7516,0,120.0,150.76910492918563,34.12295800080756,1649.408625002252,61423.83794571581
1791645756,10,,Aggregated,5.000000,0.000000,120,150,180,200,270,330,470,620,1200,1600,1600,7522,0,120.0,150.7579303462854,34.12295800080756,1649.408625002252,61408.94296729593
1791645757,10,,Aggregated,5.300000,0.000000,120,150,180,200,270,330,470,620,1200,1600,1600,7526,0,120.0,150.74230161848948,34.12295800080756,1649.408625002252,61384.00730799894
1791645758,10,,Aggregated,5.000000,0.000000,120,150,180,200,270,330,470,620,1200,1600,1600,7527,0,120.0,150.73574422927442,34.12295800080756,1649.408625002252,61382.19210840973
1791645759,10,,Aggregated,4.800000,0.000000,120,150,180,200,270,330,470,620,1200,1600,1600,7535,0,120.0,150.73366374449327,34.12295800080756,1649.408625002252,61361.84591904446
1791645760,10,,Aggregated,4.800000,0.000000,120,150,180,200,270,330,470,620,1200,1600,1600,7537,0,120.0,150.74578735766988,34.12295800080756,1649.408625002252,61346.665782141434
1791645761,10,,Aggregated,4.700000,0.000000,120,150,180,200,270,330,470,620,1200,1600,1600,7543,0,120.0,150.74193144050938,34.12295800080756,1649.408625002252,61330.93967917274
1791645762,10,,Aggregated,4.300000,0.000000,120,150,180,200,270,330,470,620,1200,1600,1600,7546,0,120.0,150.76847638109754,34.12295800080756,1649.408625002252,61320.953750331304
1791645763,10,,Aggregated,4.700000,0.000000,120,150,180,200,270,330,470,620,1200,1600,1600,7553,0,120.0,150.80632599930757,34.12295800080756,1649.408625002252,61357.90560042367
1791645764,10,,Aggregated,4.300000,0.000000,120,150,180,200,270,330,470,620,1200,1600,1600,7556,0,120.0,150.80655784340522,34.12295800080756,1649.408625002252,61388.447988353626
1791645765,10,,Aggregated,4.300000,0.000000,120,150,180,200,270,330,470,620,1200,1600,1600,7558,0,120.0,150.814730167474,34.12295800080756,1649.408625002252,61403.5412807621
1791645766,10,,Aggregated,4.500000,0.000000,120,150,180,200,270,330,470,620,1200,1600,1600,7565,0,120.0,150.79351095793342,34.12295800080756,1649.408625002252,61373.67785855915
1791645767,10,,Aggregated,4.200000,0.000000,120,150,180,200,270,330,470,620,1200,1600,1600,7569,0,120.0,150.76594830621886,34.12295800080756,1649.408625002252,61376.50046241247
1791645768,10,,Aggregated,4.300000,0.000000,120,150,180,200,260,330,470,620,1200,1600,1600,7571,0,120.0,150.76208471202915,34.12295800080756,1649.408625002252,61382.020340774005
1791645769,10,,Aggregated,4.300000,0.000000,120,150,180,200,260,330,470,620,1200,1600,1600,7579,0,120.0,150.73336797674915,34.12295800080756,1649.408625002252,61405.50890618815
1791645770,10,,Aggregated,4.300000,0.000000,120,150,180,200,260,330,470,620,1200,1600,1600,7581,0,120.0,150.74436373008618,34.12295800080756,1649.408625002252,61416.203007518794
1791645771,10,,Aggregated,4.500000,0.000000,120,150,180,200,260,330,470,620,1200,1600,1600,7587,0,120.0,150.70494009790096,34.12295800080756,1649.408625002252,61383.78318175827
1791645772,10,,Aggregated,4.500000,0.000000,120,150,180,200,260,330,470,620,1200,1600,1600,7591,0,120.0,150.68353996269022,34.12295800080756,1649.408625002252,61391.9631142142
1791645773,10,,Aggregated,4.400000,0.000000,120,150,180,200,260,330,470,620,1200,1600,1600,7595,0,120.0,150.6769508751513,34.12295800080756,1649.408625002252,61427.31152073733
1791645774,10,,Aggregated,4.300000,0.000000,120,150,180,200,260,330,470,620,1200,1600,1600,7600,0,120.0,150.65323931220826,34.12295800080756,1649.408625002252,61462.9825
1791645775,10,,Aggregated,4.300000,0.000000,120,150,180,200,260,320,460,610,1200,1600,1600,7604,0,120.0,150.6306273042859,34.12295800080756,1649.408625002252,61438.091267753814
1791645776,10,,Aggregated,4.500000,0.000000,120,150,180,200,260,320,460,610,1200,1600,1600,7609,0,120.0,150.609285613192,34.12295800080756,1649.408625002252,61477.04639243002
1791645777,10,,Aggregated,4.500000,0.000000,120,150,180,200,260,320,460,610,1200,1600,1600,7614,0,120.0,150.61803801940977,34.12295800080756,1649.408625002252,61470.59246125558
1791645778,10,,Aggregated,4.500000,0.000000,120,150,180,200,260,320,460,610,1200,1600,1600,7619,0,120.0,150.64465748179234,34.12295800080756,1649.408625002252,61506.817561359756
1791645779,10,,Aggregated,4.300000,0.000000,120,150,180,200,260,320,460,610,1200,1600,1600,7623,0,120.0,150.62473746396196,34.12295800080756,1649.408625002252,61483.256985438806
1791645780,10,,Aggregated,4.900000,0.000000,120,150,180,200,260,320,460,610,1200,1600,1600,7629,0,120.0,150.5739944043497,34.12295800080756,1649.408625002252,61463.49259404902
1791645781,10,,Aggregated,4.900000,0.000000,120,150,180,200,260,320,460,610,1200,1600,1600,7633,0,120.0,150.6019127769922,34.12295800080756,1649.408625002252,61507.22625442159
1791645782,10,,Aggregated,4.700000,0.000000,120,150,180,200,260,320,460,610,1200,1600,1600,7638,0,120.0,150.56544495414875,34.12295800080756,1649.408625002252,61482.78214192197
1791645783,10,,Aggregated,4.700000,0.000000,120,150,180,200,260,320,460,610,1200,1600,1600,7644,0,120.0,150.5389126790666,34.12295800080756,1649.408625002252,61451.65711669283
1791645784,10,,Aggregated,4.600000,0.000000,120,150,180,200,260,320,460,610,1200,1600,1600,7649,0,120.0,150.49084186622915,34.12295800080756,1649.408625002252,61439.866779971235
1791645785,10,,Aggregated,4.800000,0.000000,120,150,180,200,260,320,460,610,1200,1600,1600,7652,0,120.0,150.51748310046827,34.12295800080756,1649.408625002252,61485.23876110821
1791645786,10,,Aggregated,4.800000,0.000000,120,150,180,200,260,320,460,610,1200,1600,1600,7657,0,120.0,150.47464179519082,34.12295800080756,1649.408625002252,61467.31592007314
1791645787,10,,Aggregated,4.800000,0.000000,120,150,180,200,260,320,460,610,1200,1600,1600,7663,0,120.0,150.46230355497576,34.12295800080756,1649.408625002252,61427.32050110923
1791645788,10,,Aggregated,4.800000,0.000000,120,150,180,200,260,320,460,610,1200,1600,1600,7666,0,120.0,150.44758303101773,34.12295800080756,1649.408625002252,61407.785677015396
1791645789,10,,Aggregated,4.900000,0.000000,120,150,180,200,260,330,460,620,1200,1600,1600,7673,0,120.0,150.63085065278017,34.12295800080756,1649.408625002252,61426.293496676655
1791645790,10,,Aggregated,4.500000,0.000000,120,150,180,200,260,330,460,620,1200,1600,1600,7675,0,120.0,150.61870957339175,34.12295800080756,1649.408625002252,61430.385928338765
1791645791,10,,Aggregated,4.700000,0.000000,120,150,180,200,260,330,460,620,1200,1600,1600,7680,0,120.0,150.64001144424213,34.12295800080756,1649.408625002252,61467.433854166666
1791645792,10,,Aggregated,4.600000,0.000000,120,150,180,200,260,330,460,620,1200,1600,1600,7686,0,120.0,150.64241118810517,34.12295800080756,1649.408625002252,61508.25943273484
1791645793,10,,Aggregated,4.600000,0.000000,120,150,180,200,270,330,460,620,1200,1600,1600,7693,0,120.0,150.67784465511255,34.12295800080756,1649.408625002252,61546.52398284154
1791645794,10,,Aggregated,4.800000,0.000000,120,150,180,200,270,330,460,620,1200,1600,1600,7696,0,120.0,150.66151705077706,34.12295800080756,1649.408625002252,61535.37461018711
1791645795,10,,Aggregated,4.500000,0.000000,120,150,180,200,270,330,460,620,1200,1600,1600,7698,0,120.0,150.66371772626403,34.12295800080756,1649.408625002252,61540.7587685113
1791645796,10,,Aggregated,4.700000,0.000000,120,150,180,200,270,330,460,610,1200,1600,1600,7705,0,120.0,150.67320912495435,34.12295800080756,1649.408625002252,61529.23296560675
1791645797,10,,Aggregated,4.600000,0.000000,120,150,180,200,270,330,460,610,1200,1600,1600,7707,0,120.0,150.66461771970702,34.12295800080756,1649.408625002252,61545.28324899442
1791645798,10,,Aggregated,4.800000,0.000000,120,150,180,200,260,330,460,610,1200,1600,1600,7712,0,120.0,150.64022591620503,34.12295800080756,1649.408625002252,61587.66428941909
1791645799,10,,Aggregated,4.300000,0.000000,120,150,180,200,270,330,460,610,1200,1600,1600,7717,0,120.0,150.69473680624358,34.12295800080756,1649.408625002252,61593.65906440326
1791645800,10,,Aggregated,4.700000,0.000000,120,150,180,200,270,330,460,610,1200,1600,1600,7721,0,120.0,150.73278895438096,34.12295800080756,1649.408625002252,61603.32392177179
1791645801,10,,Aggregated,4.400000,0.000000,120,150,180,200,270,330,460,610,1200,1600,1600,7723,0,120.0,150.77700140499493,34.12295800080756,1649.408625002252,61589.61193836592
1791645802,10,,Aggregated,4.600000,0.000000,120,150,180,200,270,330,470,610,1200,1600,1600,7730,0,120.0,150.8202602920798,34.12295800080756,1649.408625002252,61585.32276843467
1791645803,10,,Aggregated,4.300000,0.000000,120,150,180,200,270,330,470,610,1200,1600,1600,7732,0,120.0,150.8117953762,34.12295800080756,1649.408625002252,61577.28194516296
1791645804,10,,Aggregated,4.200000,0.000000,120,150,180,200,270,330,470,610,1200,1600,1600,7738,0,120.0,150.7719976865834,34.12295800080756,1649.408625002252,61554.31687774619
1791645805,10,,Aggregated,4.200000,0.000000,120,150,180,200,270,330,470,610,1200,1600,1600,7742,0,120.0,150.7498952431908,34.12295800080756,1649.408625002252,61555.8071557737
1791645806,10,,Aggregated,4.200000,0.000000,120,150,180,200,270,330,470,610,1200,1600,1600,7745,0,120.0,150.7667957733736,34.12295800080756,1649.408625002252,61560.154422207874
1791645807,10,,Aggregated,4.400000,0.000000,120,150,180,200,270,330,470,610,1200,1600,1600,7749,0,120.0,150.7707906630237,34.12295800080756,1649.408625002252,61561.62162859724
1791645808,10,,Aggregated,4.000000,0.000000,120,150,180,200,270,330,460,610,1200,1600,1600,7756,0,120.0,150.75040005760366,34.12295800080756,1649.408625002252,61537.78855079938
1791645809,10,,Aggregated,4.200000,0.000000,120,150,180,200,270,330,460,610,1200,1600,1600,7760,0,120.0,150.74400587058895,34.12295800080756,1649.408625002252,61520.640077319586
1791645810,10,,Aggregated,4.300000,0.000000,120,150,180,200,270,330,460,610,1200,1600,1600,7765,0,120.0,150.71886799378825,34.12295800080756,1649.408625002252,61491.676239536384
1791645811,10,,Aggregated,4.500000,0.000000,120,150,180,200,270,330,460,610,1200,1600,1600,7770,0,120.0,150.68383348516855,34.12295800080756,1649.408625002252,61467.3972972973
1791645812,10,,Aggregated,4.300000,0.000000,120,150,180,200,270,330,460,610,1200,1600,1600,7773,0,120.0,150.69573450466604,34.12295800080756,1649.408625002252,61453.573523736006
1791645813,10,,Aggregated,4.700000,0.000000,120,150,180,200,270,330,460,610,1200,1600,1600,7780,0,120.0,150.6268772404575,34.12295800080756,1649.408625002252,61443.75064267352
1791645814,10,,Aggregated,4.500000,0.000000,120,150,180,200,270,330,460,610,1200,1600,1600,7783,0,120.0,150.62236526374784,34.12295800080756,1649.408625002252,61449.94950533214
1791645815,10,,Aggregated,4.900000,0.000000,120,150,180,200,270,330,460,610,1200,1600,1600,7789,0,120.0,150.5765585083772,34.12295800080756,1649.408625002252,61452.27590191295
1791645816,10,,Aggregated,4.500000,0.000000,120,150,180,200,270,330,460,610,1200,1600,1600,7794,0,120.0,150.57128044723387,34.12295800080756,1649.408625002252,61423.512958686166
1791645817,10,,Aggregated,4.600000,0.000000,120,150,180,200,270,330,460,610,1200,1600,1600,7799,0,120.0,150.55339268569543,34.12295800080756,1649.408625002252,61405.88485703295
1791645818,10,,Aggregated,4.600000,0.000000,120,150,180,200,270,330,460,610,1200,1600,1600,7804,0,120.0,150.54637617641464,34.12295800080756,1649.408625002252,61388.447975397234
1791645819,10,,Aggregated,4.900000,0.000000,120,150,180,200,270,330,460,610,1200,1600,1600,7809,0,120.0,150.54108985538932,34.12295800080756,1649.408625002252,61367.07901139711
1791645820,10,,Aggregated,5.000000,0.000000,120,150,180,200,270,330,460,610,1200,1600,1600,7814,0,120.0,150.51412987570222,34.12295800080756,1649.408625002252,61336.98425902227
1791645821,10,,Aggregated,4.800000,0.000000,120,150,180,200,270,330,460,610,1200,1600,1600,7820,0,120.0,150.4987818433154,34.12295800080756,1649.408625002252,61322.2746803069
1791645822,10,,Aggregated,4.700000,0.000000,120,150,180,200,270,330,460,610,1200,1600,1600,7823,0,120.0,150.52529599855947,34.12295800080756,1649.408625002252,61300.38808641186
1791645823,10,,Aggregated,4.600000,0.000000,120,150,180,200,270,330,460,610,1200,1600,1600,7830,0,120.0,150.47691136292914,34.12295800080756,1649.408625002252,61318.283141762455
1791645824,10,,Aggregated,4.800000,0.000000,120,150,180,200,270,330,460,610,1200,1600,1600,7833,0,120.0,150.46047530904184,34.12295800080756,1649.408625002252,61312.668581641774
1791645825,10,,Aggregated,4.800000,0.000000,120,150,180,200,270,330,460,610,1200,1600,1600,7838,0,120.0,150.40775251068317,34.12295800080756,1649.408625002252,61278.01071701965
1791645826,10,,Aggregated,5.000000,0.000000,120,150,180,200,270,330,460,610,1200,1600,1600,7844,0,120.0,150.38317263344368,34.12295800080756,1649.408625002252,61253.44492605813
1791645827,10,,Aggregated,4.900000,0.000000,120,150,180,200,270,330,460,610,1200,1600,1600,7849,0,120.0,150.35415085930907,34.12295800080756,1649.408625002252,61229.872085616
1791645828,10,,Aggregated,5.000000,0.000000,120,150,180,200,260,330,460,610,1200,1600,1600,7853,0,120.0,150.3330593046881,34.12295800080756,1649.408625002252,61212.97835222208
1791645829,10,,Aggregated,4.800000,0.000000,120,150,180,200,260,330,460,610,1200,1600,1600,7858,0,120.0,150.3347892183385,34.12295800080756,1649.408625002252,61185.93675235429
1791645830,10,,Aggregated,4.700000,0.000000,120,150,180,200,260,330,460,610,1200,1600,1600,7862,0,120.0,150.31394100454062,34.12295800080756,1649.408625002252,61162.553039938946
1791645831,10,,Aggregated,4.900000,0.000000,120,150,180,200,260,330,460,610,1200,1600,1600,7869,0,120.0,150.26339325361764,34.12295800080756,1649.408625002252,61145.35658914729
1791645832,10,,Aggregated,4.900000,0.000000,120,150,180,200,260,330,460,610,1200,1600,1600,7872,0,120.0,150.261232111117,34.12295800080756,1649.408625002252,61129.253175813006
1791645833,10,,Aggregated,4.900000,0.000000,120,150,180,200,260,330,460,610,1200,1600,1600,7876,0,120.0,150.24259665080297,34.12295800080756,1649.408625002252,61116.49974606399
1791645834,10,,Aggregated,5.000000,0.000000,120,150,180,200,260,320,460,610,1200,1600,1600,7882,0,120.0,150.22435966616464,34.12295800080756,1649.408625002252,61127.557472722656
1791645835,10,,Aggregated,4.700000,0.000000,120,150,180,200,260,320,460,610,1200,1600,1600,7888,0,120.0,150.21188739397962,34.12295800080756,1649.408625002252,61100.063007099394
1791645836,10,,Aggregated,4.800000,0.000000,120,150,180,200,260,320,460,610,1200,1600,1600,7892,0,120.0,150.18195514098988,34.12295800080756,1649.408625002252,61088.917638114544
1791645837,10,,Aggregated,4.800000,0.000000,120,150,180,200,260,320,460,610,1200,1600,1600,7896,0,120.0,150.16708071247353,34.12295800080756,1649.408625002252,61091.69452887538
1791645838,10,,Aggregated,4.700000,0.000000,120,150,180,200,260,320,460,610,1200,1600,1600,7901,0,120.0,150.1740939138961,34.12295800080756,1649.408625002252,61082.01658017973
1791645839,10,,Aggregated,4.800000,0.000000,120,150,180,200,260,320,460,610,1200,1600,1600,7906,0,120.0,150.1717663711998,34.12295800080756,1649.408625002252,61056.81684796357
1791645840,10,,Aggregated,4.800000,0.000000,120,150,180,200,260,320,460,610,1200,1600,1600,7911,0,120.0,150.16492038158404,34.12295800080756,1649.408625002252,61034.34787005436
1791645841,10,,Aggregated,4.700000,0.000000,120,150,180,200,260,320,460,610,1200,1600,1600,7916,0,120.0,150.15376291330313,34.12295800080756,1649.408625002252,61044.054194037395
1791645842,10,,Aggregated,4.900000,0.000000,120,150,180,200,260,320,460,610,1200,1600,1600,7918,0,120.0,150.19312921150683,34.12295800080756,1649.408625002252,61100.618843142205
1791645843,10,,Aggregated,4.800000,0.000000,120,150,180,200,270,330,460,620,1200,1600,1600,7923,0,120.0,150.5155355257722,34.12295800080756,1649.408625002252,61083.78934746939
1791645844,10,,Aggregated,4.700000,0.000000,120,150,180,200,270,330,460,620,1200,1600,1600,7928,0,120.0,150.5701378514994,34.12295800080756,1649.408625002252,61069.797300706356
1791645845,10,,Aggregated,4.400000,0.000000,120,150,180,200,270,330,460,620,1200,1600,1600,7930,0,120.0,150.5598129376661,34.12295800080756,1649.408625002252,61066.298486759144
1791645846,10,,Aggregated,4.600000,0.000000,120,150,180,200,270,330,460,620,1200,1600,1600,7937,0,120.0,150.52991992323098,34.12295800080756,1649.408625002252,61045.789089076476
1791645847,10,,Aggregated,4.500000,0.000000,120,150,180,200,270,330,460,620,1200,1600,1600,7943,0,120.0,150.52034796017546,34.12295800080756,1649.408625002252,61040.20747828276
1791645848,10,,Aggregated,4.300000,0.000000,120,150,180,200,270,330,460,620,1200,1600,1600,7947,0,120.0,150.50250488821771,34.12295800080756,1649.408625002252,61032.7219076381
1791645849,10,,Aggregated,4.600000,0.000000,120,150,180,200,270,330,460,620,1200,1600,1600,7954,0,120.0,150.4973872701385,34.12295800080756,1649.408625002252,61013.37415137038
1791645850,10,,Aggregated,4.500000,0.000000,120,150,180,200,270,330,460,620,1200,1600,1600,7957,0,120.0,150.48172354187312,34.12295800080756,1649.408625002252,60991.38129948473
1791645851,10,,Aggregated,4.900000,0.000000,120,150,180,200,260,330,460,620,1200,1600,1600,7962,0,120.0,150.48135069878063,34.12295800080756,1649.408625002252,60983.515197186636
1791645852,10,,Aggregated,4.600000,0.000000,120,150,180,200,260,330,460,620,1200,1600,1600,7966,0,120.0,150.47074858419444,34.12295800080756,1649.408625002252,60983.91099673613
1791645853,10,,Aggregated,4.600000,0.000000,120,150,180,200,260,330,460,620,1200,1600,1600,7972,0,120.0,150.44334821019595,34.12295800080756,1649.408625002252,61018.46500250878
1791645854,10,,Aggregated,4.700000,0.000000,120,150,180,200,270,330,460,620,1200,1600,1600,7976,0,120.0,150.4827469614704,34.12295800080756,1649.408625002252,61061.6815446339
1791645855,10,,Aggregated,4.900000,0.000000,120,150,180,200,270,330,460,620,1200,1600,1600,7980,0,120.0,150.52115849707977,34.12295800080756,1649.408625002252,61041.18859649123
1791645856,10,,Aggregated,4.700000,0.000000,120,150,180,200,270,330,460,620,1200,1600,1600,7986,0,120.0,150.50075929936122,34.12295800080756,1649.408625002252,61014.403581267215
1791645857,10,,Aggregated,4.800000,0.000000,120,150,180,200,270,330,460,620,1200,1600,1600,7989,0,120.0,150.49601287892025,34.12295800080756,1649.408625002252,61026.94379772187
1791645858,10,,Aggregated,4.900000,0.000000,120,150,180,200,270,330,460,620,1200,1600,1600,7996,0,120.0,150.4573190627439,34.12295800080756,1649.408625002252,61052.03664332166
1791645859,10,,Aggregated,4.700000,0.000000,120,150,180,200,270,320,460,610,1200,1600,1600,8001,0,120.0,150.4413022771776,34.12295800080756,1649.408625002252,61028.25996750406
1791645860,10,,Aggregated,4.700000,0.000000,120,150,180,200,270,320,460,610,1200,1600,1600,8005,0,120.0,150.4282880568037,34.12295800080756,1649.408625002252,61010.546533416615
1791645861,10,,Aggregated,4.500000,0.000000,120,150,180,200,270,320,460,610,1200,1600,1600,8008,0,120.0,150.4160797091309,34.12295800080756,1649.408625002252,61005.307942057945
1791645862,10,,Aggregated,4.700000,0.000000,120,150,180,200,270,320,460,610,1200,1600,1600,8013,0,120.0,150.40966674176073,34.12295800080756,1649.408625002252,60986.89242480968
1791645863,10,,Aggregated,4.700000,0.000000,120,150,180,200,270,320,460,610,1200,1600,1600,8017,0,120.0,150.41973711833862,34.12295800080756,1649.408625002252,60970.68329799177
1791645864,10,,Aggregated,4.700000,0.000000,120,150,180,200,270,320,460,610,1200,1600,1600,8021,0,120.0,150.43472334830145,34.12295800080756,1649.408625002252,60954.62249096123
1791645865,10,,Aggregated,4.700000,0.000000,120,150,180,200,270,330,460,610,1200,1600,1600,8025,0,120.0,150.50632340831532,34.12295800080756,1649.408625002252,61004.40074766355
1791645866,10,,Aggregated,4.400000,0.000000,120,150,180,200,270,330,460,610,1200,1600,1600,8032,0,120.0,150.54067959632985,34.12295800080756,1649.408625002252,60991.220368525894
1791645867,10,,Aggregated,4.500000,0.000000,120,150,180,200,270,330,460,610,1200,1600,1600,8035,0,120.0,150.55088363630668,34.12295800080756,1649.408625002252,60979.39141257
1791645868,10,,Aggregated,4.500000,0.000000,120,150,180,200,270,330,460,610,1200,1600,1600,8042,0,120.0,150.51324830250212,34.12295800080756,1649.408625002252,60983.52014424273
1791645869,10,,Aggregated,4.600000,0.000000,120,150,180,200,270,330,460,610,1200,1600,1600,8043,0,120.0,150.50480315898542,34.12295800080756,1649.408625002252,60977.75208255626
1791645870,10,,Aggregated,4.700000,0.000000,120,150,180,200,270,330,460,610,1200,1600,1600,8050,0,120.0,150.5149552451836,34.12295800080756,1649.408625002252,60987.64074534162
1791645871,10,,Aggregated,4.500000,0.000000,120,150,180,200,270,330,460,610,1200,1600,1600,8054,0,120.0,150.52321352939248,34.12295800080756,1649.408625002252,60982.9355599702
1791645872,10,,Aggregated,4.400000,0.000000,120,150,180,200,270,330,460,610,1200,1600,1600,8060,0,120.0,150.49580929686434,34.12295800080756,1649.408625002252,61025.8570719603
1791645873,10,,Aggregated,4.600000,0.000000,120,150,180,200,270,320,460,610,1200,1600,1600,8064,0,120.0,150.48869680266816,34.12295800080756,1649.408625002252,61026.35565476191
1791645874,10,,Aggregated,4.400000,0.000000,120,150,180,200,270,320,460,610,1200,1600,1600,8069,0,120.0,150.4794776739011,34.12295800080756,1649.408625002252,61063.88647911761
1791645875,10,,Aggregated,4.700000,0.000000,120,150,180,200,270,320,460,610,1200,1600,1600,8074,0,120.0,150.47094592416448,34.12295800080756,1649.408625002252,61040.79985137478
1791645876,10,,Aggregated,4.700000,0.000000,120,150,180,200,270,320,460,610,1200,1600,1600,8078,0,120.0,150.45887249018395,34.12295800080756,1649.408625002252,61053.501609309234
1791645877,10,,Aggregated,5.000000,0.000000,120,150,180,200,270,320,460,610,1200,1600,1600,8082,0,120.0,150.46415372849444,34.12295800080756,1649.408625002252,61051.229274931946
1791645878,10,,Aggregated,4.900000,0.000000,120,150,180,200,270,330,460,610,1200,1600,1600,8089,0,120.0,150.54352355243975,34.12295800080756,1649.408625002252,61023.16602793918
1791645879,10,,Aggregated,4.700000,0.000000,120,150,180,200,270,330,460,610,1200,1600,1600,8091,0,120.0,150.51930019672324,34.12295800080756,1649.408625002252,61014.362625139045
1791645880,10,,Aggregated,4.700000,0.000000,120,150,180,200,270,330,460,610,1200,1600,1600,8097,0,120.0,150.5064442457323,34.12295800080756,1649.408625002252,61010.24404100284
1791645881,10,,Aggregated,4.700000,0.000000,120,150,180,200,270,320,460,610,1200,1600,1600,8102,0,120.0,150.4838420729076,34.12295800080756,1649.408625002252,60977.43520118489
1791645882,10,,Aggregated,4.700000,0.000000,120,150,180,200,270,320,460,610,1200,1600,1600,8106,0,120.0,150.4814602423764,34.12295800080756,1649.408625002252,60950.02146558105
1791645883,10,,Aggregated,4.600000,0.000000,120,150,180,200,270,320,460,610,1200,1600,1600,8112,0,120.0,150.4730714289575,34.12295800080756,1649.408625002252,60939.13128698225
1791645884,10,,Aggregated,4.700000,0.000000,120,150,180,200,270,320,460,610,1200,1600,1600,8116,0,120.0,150.48042982660084,34.12295800080756,1649.408625002252,60932.52747658945
1791645885,10,,Aggregated,4.700000,0.000000,120,150,180,200,270,320,460,610,1200,1600,1600,8121,0,120.0,150.4826093940038,34.12295800080756,1649.408625002252,60904.11008496491
1791645886,10,,Aggregated,4.800000,0.000000,120,150,180,200,270,320,460,610,1200,1600,1600,8126,0,120.0,150.44428749959633,34.12295800080756,1649.408625002252,60910.390721142016
1791645887,10,,Aggregated,4.700000,0.000000,120,150,180,200,270,320,460,610,1200,1600,1600,8130,0,120.0,150.45702598557446,34.12295800080756,1649.408625002252,60965.28253382534
1791645888,10,,Aggregated,4.600000,0.000000,120,150,180,200,270,320,460,610,1200,1600,1600,8136,0,120.0,150.44035624234658,34.12295800080756,1649.408625002252,61004.09795968535
1791645889,10,,Aggregated,4.800000,0.000000,120,150,180,200,270,320,460,610,1200,1600,1600,8139,0,120.0,150.44734649179736,34.12295800080756,1649.408625002252,60988.34660277676
1791645890,10,,Aggregated,4.500000,0.000000,120,150,180,200,270,320,460,610,1200,1600,1600,8141,0,120.0,150.4609699274961,34.12295800080756,1649.408625002252,61055.855791671784
1791645891,10,,Aggregated,4.700000,0.000000,120,150,180,200,270,320,460,610,1200,1600,1600,8147,0,120.0,150.43760025331218,34.12295800080756,1649.408625002252,61017.4531729471
1791645892,10,,Aggregated,4.700000,0.000000,120,150,180,200,270,320,460,610,1200,1600,1600,8151,0,120.0,150.4520974130456,34.12295800080756,1649.408625002252,61015.34363881732
1791645893,10,,Aggregated,4.600000,0.000000,120,150,180,200,270,320,460,610,1200,1600,1600,8157,0,120.0,150.4297176471413,34.12295800080756,1649.408625002252,60982.39855338973
1791645894,10,,Aggregated,4.500000,0.000000,120,150,180,200,270,320,460,610,1200,1600,1600,8161,0,120.0,150.43140170392513,34.12295800080756,1649.408625002252,60998.97500306335
1791645895,10,,Aggregated,4.300000,0.000000,120,150,180,200,270,320,460,610,1200,1600,1600,8163,0,120.0,150.43256940545578,34.12295800080756,1649.408625002252,60990.30295234595
1791645896,10,,Aggregated,4.600000,0.000000,120,150,180,200,270,320,460,610,1200,1600,1600,8169,0,120.0,150.39868832044792,34.12295800080756,1649.408625002252,60962.62773901334
1791645897,10,,Aggregated,4.200000,0.000000,120,150,180,200,270,320,460,610,1200,1600,1600,8173,0,120.0,150.39141466997972,34.12295800080756,1649.408625002252,61004.72225620947
1791645898,10,,Aggregated,4.300000,0.000000,120,150,180,200,270,320,460,610,1200,1600,1600,8178,0,120.0,150.39245876825046,34.12295800080756,1649.408625002252,61038.89740767914
1791645899,10,,Aggregated,4.200000,0.000000,120,150,180,200,260,320,460,610,1200,1600,1600,8185,0,120.0,150.34343986643347,34.12295800080756,1649.408625002252,61012.387538179595
1791645900,10,,Aggregated,4.400000,0.000000,120,150,180,200,270,320,460,610,1200,1600,1600,8187,0,120.0,150.36321269680676,34.12295800080756,1649.408625002252,61063.06168315622
1791645901,10,,Aggregated,4.200000,0.000000,120,150,180,200,270,320,460,610,1200,1600,1600,8193,0,120.0,150.37793868958175,34.12295800080756,1649.408625002252,61073.6011229098
1791645902,10,,Aggregated,4.700000,0.000000,120,150,180,200,270,320,460,610,1200,1600,1600,8197,0,120.0,150.36301718308567,34.12295800080756,1649.408625002252,61062.67585702086
1791645903,10,,Aggregated,4.400000,0.000000,120,150,180,200,260,320,460,610,1200,1600,1600,8201,0,120.0,150.35034722591757,34.12295800080756,1649.408625002252,61066.65431044994
1791645904,10,,Aggregated,4.600000,0.000000,120,150,180,200,260,320,460,610,1200,1600,1600,8208,0,120.0,150.3635985084975,34.12295800080756,1649.408625002252,61174.92750974659
1791645905,10,,Aggregated,4.600000,0.000000,120,150,180,200,260,320,460,610,1200,1600,1600,8210,0,120.0,150.35958818705836,34.12295800080756,1649.408625002252,61184.884165651645
1791645906,10,,Aggregated,4.400000,0.000000,120,150,180,200,260,320,460,610,1200,1600,1600,8216,0,120.0,150.30210739906929,34.12295800080756,1649.408625002252,61159.70788704966
1791645907,10,,Aggregated,4.700000,0.000000,120,150,180,200,260,320,460,610,1200,1600,1600,8220,0,120.0,150.29050179121097,34.12295800080756,1649.408625002252,61143.63284671533
1791645908,10,,Aggregated,4.600000,0.000000,120,150,180,200,260,320,460,610,1200,1600,1600,8224,0,120.0,150.27313469415694,34.12295800080756,1649.408625002252,61150.106760700386
1791645909,10,,Aggregated,4.700000,0.000000,120,150,180,200,260,320,460,610,1200,1600,1600,8227,0,120.0,150.29721512200774,34.12295800080756,1649.408625002252,61170.983833718245
1791645910,10,,Aggregated,4.600000,0.000000,120,150,180,200,260,320,460,610,1200,1600,1600,8234,0,120.0,150.26863429775935,34.12295800080756,1649.408625002252,61137.6553315521
1791645911,10,,Aggregated,4.700000,0.000000,120,150,180,200,260,320,460,610,1200,1600,1600,8239,0,120.0,150.25014548388836,34.12295800080756,1649.408625002252,61119.69899259619
1791645912,10,,Aggregated,4.100000,0.000000,120,150,180,200,260,320,460,610,1200,1600,1600,8244,0,120.0,150.26200663303763,34.12295800080756,1649.408625002252,61131.593401261525
1791645913,10,,Aggregated,4.700000,0.000000,120,150,180,200,260,320,460,610,1200,1600,1600,8248,0,120.0,150.24529087557664,34.12295800080756,1649.408625002252,61118.50800193987
1791645914,10,,Aggregated,4.600000,0.000000,120,150,180,200,260,320,460,610,1200,1600,1600,8252,0,120.0,150.23522548276242,34.12295800080756,1649.408625002252,61110.27823557925
1791645916,10,,Aggregated,4.700000,0.000000,120,150,180,200,260,320,460,610,1200,1600,1600,8257,0,120.0,150.2151514898559,34.12295800080756,1649.408625002252,61110.8742884825
1791645917,10,,Aggregated,4.600000,0.000000,120,150,180,200,260,320,460,610,1200,1600,1600,8261,0,120.0,150.1836523899928,34.12295800080756,1649.408625002252,61089.6826050115
1791645918,10,,Aggregated,4.700000,0.000000,120,150,180,200,260,320,460,610,1200,1600,1600,8266,0,120.0,150.16495892520354,34.12295800080756,1649.408625002252,61069.16924751996
1791645919,10,,Aggregated,4.700000,0.000000,120,150,180,200,260,320,460,610,1200,1600,1600,8269,0,120.0,150.1621037579813,34.12295800080756,1649.408625002252,61075.217680493406
1791645920,10,,Aggregated,4.500000,0.000000,120,150,180,200,260,320,460,610,1200,1600,1600,8273,0,120.0,150.2273486310592,34.12295800080756,1649.408625002252,61052.91321165236
1791645921,10,,Aggregated,4.500000,0.000000,120,150,180,200,260,320,460,610,1200,1600,1600,8281,0,120.0,150.21192668660245,34.12295800080756,1649.408625002252,61052.422654268805
1791645922,10,,Aggregated,4.400000,0.000000,120,150,180,200,260,320,460,610,1200,1600,1600,8284,0,120.0,150.19082506117374,34.12295800080756,1649.408625002252,61055.71970062771
1791645923,10,,Aggregated,4.600000,0.000000,120,150,180,200,260,320,460,610,1200,1600,1600,8288,0,120.0,150.1914135063659,34.12295800080756,1649.408625002252,61034.68906853282
1791645924,10,,Aggregated,4.700000,0.000000,120,150,180,200,260,320,460,610,1200,1600,1600,8294,0,120.0,150.17778385167122,34.12295800080756,1649.408625002252,61128.53689414034
1791645925,10,,Aggregated,4.400000,0.000000,120,150,180,200,260,320,460,610,1200,1600,1600,8300,0,120.0,150.16117589033195,34.12295800080756,1649.408625002252,61093.353012048196
1791645926,10,,Aggregated,4.400000,0.000000,120,150,180,200,260,320,460,610,1200,1600,1600,8304,0,120.0,150.14985404814013,34.12295800080756,1649.408625002252,61073.498193641615
1791645927,10,,Aggregated,4.700000,0.000000,120,150,180,200,260,320,460,610,1200,1600,1600,8311,0,120.0,150.11487252024625,34.12295800080756,1649.408625002252,61056.70436770545
1791645928,10,,Aggregated,4.700000,0.000000,120,150,180,200,260,320,460,610,1200,1600,1600,8316,0,120.0,150.10004878833232,34.12295800080756,1649.408625002252,61074.99795574795
1791645929,10,,Aggregated,4.700000,0.000000,120,150,180,200,260,320,460,610,1200,1600,1600,8317,0,120.0,150.11177412910516,34.12295800080756,1649.408625002252,61068.10592761813
1791645930,10,,Aggregated,4.800000,0.000000,120,150,180,200,260,320,460,610,1200,1600,1600,8326,0,120.0,150.19359727729545,34.12295800080756,1649.408625002252,61077.928417006966
1791645931,10,,Aggregated,5.100000,0.000000,120,150,180,200,260,320,460,610,1200,1600,1600,8328,0,120.0,150.1854662099853,34.12295800080756,1649.408625002252,61070.72742555235
1791645932,10,,Aggregated,5.300000,0.000000,120,150,180,200,260,320,460,610,1200,1600,1600,8335,0,120.0,150.13907363188488,34.12295800080756,1649.408625002252,61052.76172765447
1791645933,10,,Aggregated,5.300000,0.000000,120,150,180,200,260,320,460,610,1200,1600,1600,8338,0,120.0,150.11388519102488,34.12295800080756,1649.408625002252,61043.984408731114
1791645934,10,,Aggregated,4.700000,0.000000,120,150,180,200,260,320,460,610,1200,1600,1600,8345,0,120.0,150.13706394221373,34.12295800080756,1649.408625002252,61059.71288196525
1791645935,10,,Aggregated,4.900000,0.000000,120,150,180,200,260,320,460,610,1200,1600,1600,8348,0,120.0,150.13886899230687,34.12295800080756,1649.408625002252,61039.11559655007
1791645936,10,,Aggregated,5.100000,0.000000,120,150,180,200,260,320,460,610,1200,1600,1600,8352,0,120.0,150.13794330361281,34.12295800080756,1649.408625002252,61028.491139846745
1791645937,10,,Aggregated,5.100000,0.000000,120,150,180,200,270,320,460,610,1200,1600,1600,8357,0,120.0,150.2266573497398,34.12295800080756,1649.408625002252,61025.36245064018
